uniqID,SNP,chr,pos,p,EA,OA,BETA,SE
1:4414033:C:T,rs528964,1,4414033,6.48E-09,T,C,1,0.001
1:7821917:C:CT,rs148116709,1,7821917,4.33E-09,CT,C,1,0.001
1:16045250:A:G,rs10927840,1,16045250,8.16E-10,A,G,1,0.001
1:17958038:C:T,rs112358407,1,17958038,4.99E-08,T,C,1,0.003
1:32180167:A:T,rs55634335,1,32180167,2.36E-11,A,T,1,0.001
1:33914333:G:T,rs11577667,1,33914333,2.10E-08,T,G,1,0.001
1:36002505:A:G,rs72659623,1,36002505,3.86E-08,A,G,1,0.002
1:37169665:C:T,rs218985,1,37169665,1.19E-12,T,C,1,0.001
1:38657884:A:G,rs1564119,1,38657884,3.53E-10,A,G,1,0.001
1:41104664:A:G,rs579448,1,41104664,3.56E-12,A,G,1,0.001
1:47670911:C:T,rs4134058,1,47670911,2.09E-08,T,C,1,0.001
1:50182298:C:T,rs12137221,1,50182298,4.98E-08,T,C,1,0.001
1:57562656:G:T,rs543144,1,57562656,1.52E-10,T,G,1,0.001
1:59330491:C:T,rs61788417,1,59330491,1.70E-09,T,C,1,0.001
1:62594593:C:T,rs2476194,1,62594593,4.45E-08,T,C,1,0.001
1:66546884:A:G,rs6661750,1,66546884,8.65E-14,A,G,1,0.001
1:67373558:A:T,rs3008892,1,67373558,3.51E-08,A,T,1,0.001
1:72812249:A:G,rs2568960,1,72812249,2.05E-35,A,G,1,0.001
1:74916064:C:G,rs4650265,1,74916064,5.73E-09,C,G,1,0.002
1:78450517:A:C,rs34517439,1,78450517,1.93E-13,A,C,1,0.001
1:80794351:C:T,rs72673689,1,80794351,5.11E-10,T,C,1,0.001
1:88798269:A:C,rs503460,1,88798269,3.18E-14,A,C,1,0.001
1:90795625:C:T,rs12093332,1,90795625,3.23E-09,T,C,1,0.001
1:96974466:A:C,rs11165657,1,96974466,8.62E-13,A,C,1,0.001
1:97856036:A:T,rs12039093,1,97856036,4.89E-11,A,T,1,0.001
1:107187906:A:G,rs9325358,1,107187906,1.44E-21,A,G,1,0.001
1:117926372:A:T,rs1768790,1,117926372,3.19E-13,A,T,1,0.001
1:150354276:A:G,rs834233,1,150354276,1.79E-09,A,G,1,0.001
1:151780728:A:T,rs11588258,1,151780728,7.04E-09,A,T,1,0.001
1:154207635:G:T,rs12023901,1,154207635,3.11E-08,T,G,1,0.002
1:166955312:G:T,rs7551881,1,166955312,1.07E-10,T,G,1,0.001
1:173910964:A:G,rs56247945,1,173910964,2.15E-08,A,G,1,0.001
1:182573227:C:T,rs509476,1,182573227,1.66E-09,T,C,1,0.003
1:190038811:G:T,rs2418884,1,190038811,3.63E-29,T,G,1,0.001
1:198405439:T:TTA,rs5779928,1,198405439,1.14E-11,T,TTA,1,0.001
1:201790239:A:G,rs2016475,1,201790239,3.00E-12,A,G,1,0.001
1:210129627:C:CCAAA,rs58649262,1,210129627,4.00E-08,CCAAA,C,1,0.001
1:226240905:A:G,rs55946391,1,226240905,1.50E-09,A,G,1,0.001
1:226653478:G:T,rs4653743,1,226653478,4.19E-08,T,G,1,0.001
1:230272624:A:G,rs11807834,1,230272624,2.22E-10,A,G,1,0.001
1:243983830:C:T,rs10927078,1,243983830,5.06E-12,T,C,1,0.001
