chr,beta,id,snp
1,0.0289615,met-d-M_VLDL_P,rs822928
1,-0.0249196,met-d-M_VLDL_P,rs2986164
1,-0.118079,met-d-M_VLDL_P,rs72660594
1,-0.045974,met-d-M_VLDL_P,rs199717562
1,-0.0238362,met-d-M_VLDL_P,rs2479413
1,-0.0691397,met-d-M_VLDL_P,rs12239737
1,-0.089103,met-d-M_VLDL_P,rs12740374
1,-0.0294225,met-d-M_VLDL_P,rs4846914
2,-0.0403063,met-d-M_VLDL_P,rs4299376
2,0.0296086,met-d-M_VLDL_P,rs4533439
2,-0.0322014,met-d-M_VLDL_P,rs4665642
2,0.0927156,met-d-M_VLDL_P,rs693
2,-0.062089,met-d-M_VLDL_P,rs4665972
2,0.0280547,met-d-M_VLDL_P,rs3034681
2,-0.031466,met-d-M_VLDL_P,rs13389219
3,-0.037614,met-d-M_VLDL_P,rs13059141
3,-0.0332779,met-d-M_VLDL_P,rs71630059
4,0.0259701,met-d-M_VLDL_P,rs1471251
4,-0.0334864,met-d-M_VLDL_P,rs13108218
5,0.02846,met-d-M_VLDL_P,rs7707394
5,0.0509141,met-d-M_VLDL_P,rs12916
5,-0.0355378,met-d-M_VLDL_P,rs11429307
5,0.049479,met-d-M_VLDL_P,rs4704834
6,-0.0623025,met-d-M_VLDL_P,rs80145669
6,0.04856,met-d-M_VLDL_P,rs11755689
6,-0.0248458,met-d-M_VLDL_P,rs2908522
6,0.0668348,met-d-M_VLDL_P,rs12208357
6,0.036938,met-d-M_VLDL_P,rs11753995
6,-0.235548,met-d-M_VLDL_P,rs186696265
6,0.0469372,met-d-M_VLDL_P,rs28377109
6,0.0245263,met-d-M_VLDL_P,rs2186037
7,0.0316124,met-d-M_VLDL_P,rs10260606
7,0.0221563,met-d-M_VLDL_P,rs1989985
7,-0.0569219,met-d-M_VLDL_P,rs55747707
8,-0.0781934,met-d-M_VLDL_P,rs112875651
8,0.0404929,met-d-M_VLDL_P,rs6601299
8,-0.10707,met-d-M_VLDL_P,rs10096633
8,-0.0290243,met-d-M_VLDL_P,rs2326077
8,-0.0279829,met-d-M_VLDL_P,rs2737245
8,0.118201,met-d-M_VLDL_P,rs144503444
9,0.0439992,met-d-M_VLDL_P,rs635634
10,-0.0250036,met-d-M_VLDL_P,rs2478236
11,0.172903,met-d-M_VLDL_P,rs141469619
11,-0.149309,met-d-M_VLDL_P,rs964184
11,-0.162637,met-d-M_VLDL_P,rs1047964
12,0.0245572,met-d-M_VLDL_P,rs10842724
12,-0.027063,met-d-M_VLDL_P,rs11057397
13,0.0295739,met-d-M_VLDL_P,rs6602911
14,0.0224299,met-d-M_VLDL_P,rs72694391
15,0.0736939,met-d-M_VLDL_P,rs139974673
15,-0.0250774,met-d-M_VLDL_P,rs261290
16,-0.0668394,met-d-M_VLDL_P,rs247616
16,0.0476539,met-d-M_VLDL_P,rs3794695
17,0.0263114,met-d-M_VLDL_P,rs56325564
17,0.103215,met-d-M_VLDL_P,rs77542162
17,-0.039984,met-d-M_VLDL_P,rs72631343
19,-0.126762,met-d-M_VLDL_P,rs12151108
19,0.127051,met-d-M_VLDL_P,rs79429216
19,0.0302274,met-d-M_VLDL_P,rs2738447
19,-0.134711,met-d-M_VLDL_P,rs58542926
19,-0.0930382,met-d-M_VLDL_P,rs74747585
19,0.110874,met-d-M_VLDL_P,rs118170342
19,-0.257361,met-d-M_VLDL_P,rs1065853
20,0.109477,met-d-M_VLDL_P,rs1883711
21,0.022398,met-d-M_VLDL_P,rs8134638
22,0.0257954,met-d-M_VLDL_P,rs9616847
