chr,beta,id,snp
1,-0.0276389,met-d-M_VLDL_TG_pct,rs693668
1,0.271331,met-d-M_VLDL_TG_pct,rs11591147
1,0.0674388,met-d-M_VLDL_TG_pct,rs12740374
1,-0.0325166,met-d-M_VLDL_TG_pct,rs11122450
1,-0.0263487,met-d-M_VLDL_TG_pct,rs2642438
1,-0.0382006,met-d-M_VLDL_TG_pct,rs61798840
1,0.0384196,met-d-M_VLDL_TG_pct,rs7534572
1,0.0287151,met-d-M_VLDL_TG_pct,rs59784135
2,0.0672495,met-d-M_VLDL_TG_pct,rs114938914
2,0.0722474,met-d-M_VLDL_TG_pct,rs78058190
2,-0.0286197,met-d-M_VLDL_TG_pct,rs11688682
2,-0.0728821,met-d-M_VLDL_TG_pct,rs1260326
2,0.070502,met-d-M_VLDL_TG_pct,rs34722314
2,0.0422097,met-d-M_VLDL_TG_pct,rs2972143
2,0.0357354,met-d-M_VLDL_TG_pct,rs11394662
3,-0.0323976,met-d-M_VLDL_TG_pct,rs1899951
4,0.024016,met-d-M_VLDL_TG_pct,rs2239725
5,-0.0338005,met-d-M_VLDL_TG_pct,rs7707394
5,-0.0442313,met-d-M_VLDL_TG_pct,rs13358429
5,-0.0420488,met-d-M_VLDL_TG_pct,rs11429307
6,0.022395,met-d-M_VLDL_TG_pct,rs1936805
6,-0.0304023,met-d-M_VLDL_TG_pct,rs3127580
6,-0.140289,met-d-M_VLDL_TG_pct,rs10455872
6,-0.185476,met-d-M_VLDL_TG_pct,rs117733303
6,0.0315603,met-d-M_VLDL_TG_pct,rs6905288
6,0.0568213,met-d-M_VLDL_TG_pct,rs12212146
6,0.0379356,met-d-M_VLDL_TG_pct,rs3129774
6,-0.0224484,met-d-M_VLDL_TG_pct,rs679582
6,-0.0262471,met-d-M_VLDL_TG_pct,rs2523764
7,-0.0509984,met-d-M_VLDL_TG_pct,rs4722551
7,-0.0236217,met-d-M_VLDL_TG_pct,rs849327
7,-0.124818,met-d-M_VLDL_TG_pct,rs3812316
7,0.0204876,met-d-M_VLDL_TG_pct,rs35363532
7,0.0286298,met-d-M_VLDL_TG_pct,rs9769088
7,0.0520597,met-d-M_VLDL_TG_pct,rs72555385
7,-0.0221232,met-d-M_VLDL_TG_pct,rs35163364
7,-0.0242253,met-d-M_VLDL_TG_pct,rs6953523
8,-0.153157,met-d-M_VLDL_TG_pct,rs328
8,0.0556375,met-d-M_VLDL_TG_pct,rs72647336
8,-0.0585567,met-d-M_VLDL_TG_pct,rs1561748
8,-0.0367948,met-d-M_VLDL_TG_pct,rs4336630
8,0.0374349,met-d-M_VLDL_TG_pct,rs34171564
9,-0.0631331,met-d-M_VLDL_TG_pct,rs2519093
9,0.0244658,met-d-M_VLDL_TG_pct,rs10747046
10,-0.0422412,met-d-M_VLDL_TG_pct,rs1935
10,0.0245882,met-d-M_VLDL_TG_pct,rs2803619
10,0.0418106,met-d-M_VLDL_TG_pct,rs7091593
11,0.0786093,met-d-M_VLDL_TG_pct,rs174537
11,0.0337556,met-d-M_VLDL_TG_pct,rs10750766
11,-0.151642,met-d-M_VLDL_TG_pct,rs1047964
11,0.207959,met-d-M_VLDL_TG_pct,rs144018203
11,0.0673231,met-d-M_VLDL_TG_pct,rs12294913
11,-0.15979,met-d-M_VLDL_TG_pct,rs964184
11,-0.0411257,met-d-M_VLDL_TG_pct,rs11601507
12,-0.0227314,met-d-M_VLDL_TG_pct,rs10773049
12,-0.0251224,met-d-M_VLDL_TG_pct,rs653178
13,-0.0226592,met-d-M_VLDL_TG_pct,rs9584870
15,0.0568279,met-d-M_VLDL_TG_pct,rs1532085
15,0.129104,met-d-M_VLDL_TG_pct,rs190543502
15,-0.0713094,met-d-M_VLDL_TG_pct,rs1077834
16,-0.0335246,met-d-M_VLDL_TG_pct,rs2925979
16,-0.0293505,met-d-M_VLDL_TG_pct,rs11075253
16,0.0384224,met-d-M_VLDL_TG_pct,rs183130
17,-0.156038,met-d-M_VLDL_TG_pct,rs77542162
17,0.0245443,met-d-M_VLDL_TG_pct,rs200938405
17,0.142784,met-d-M_VLDL_TG_pct,rs72836561
17,-0.12753,met-d-M_VLDL_TG_pct,rs1801689
17,0.0261836,met-d-M_VLDL_TG_pct,rs3809868
19,-0.116837,met-d-M_VLDL_TG_pct,rs147711004
19,-0.0530804,met-d-M_VLDL_TG_pct,rs60318332
19,0.100004,met-d-M_VLDL_TG_pct,rs28807203
19,0.0736049,met-d-M_VLDL_TG_pct,rs74747585
19,0.113305,met-d-M_VLDL_TG_pct,rs12151108
19,-0.0846039,met-d-M_VLDL_TG_pct,rs150966173
19,0.0217746,met-d-M_VLDL_TG_pct,rs372499385
20,0.0854999,met-d-M_VLDL_TG_pct,rs144033177
20,0.0709383,met-d-M_VLDL_TG_pct,rs6073972
20,0.0314977,met-d-M_VLDL_TG_pct,rs2618566
