chr,beta,id,snp
1,-0.0414635,met-d-L_VLDL_C,rs10864726
1,0.101476,met-d-L_VLDL_C,rs114165349
1,0.0760602,met-d-L_VLDL_C,rs2131925
1,-0.0219614,met-d-L_VLDL_C,rs12039675
1,0.05266,met-d-L_VLDL_C,rs599839
2,-0.0317148,met-d-L_VLDL_C,rs13423088
2,-0.0350225,met-d-L_VLDL_C,rs1510606
2,-0.120084,met-d-L_VLDL_C,rs676210
2,-0.0820533,met-d-L_VLDL_C,rs1260326
2,-0.0264654,met-d-L_VLDL_C,rs4299376
2,-0.0458314,met-d-L_VLDL_C,rs13389219
3,-0.0378744,met-d-L_VLDL_C,rs13059141
3,0.0358398,met-d-L_VLDL_C,rs684773
4,-0.0362247,met-d-L_VLDL_C,rs13108218
4,0.0225692,met-d-L_VLDL_C,rs1823949
4,-0.0257662,met-d-L_VLDL_C,rs4491981
4,0.0325931,met-d-L_VLDL_C,rs1471251
5,-0.0520142,met-d-L_VLDL_C,rs11429307
5,0.0438289,met-d-L_VLDL_C,rs4704834
5,-0.0216433,met-d-L_VLDL_C,rs37538
5,0.0334715,met-d-L_VLDL_C,rs12916
6,0.0607184,met-d-L_VLDL_C,rs144957189
6,-0.0331447,met-d-L_VLDL_C,rs17585887
6,-0.288344,met-d-L_VLDL_C,rs186696265
6,0.0635124,met-d-L_VLDL_C,rs41265930
6,0.0478777,met-d-L_VLDL_C,rs28752534
6,0.0979362,met-d-L_VLDL_C,rs614754
6,0.0304303,met-d-L_VLDL_C,rs998584
6,0.0323132,met-d-L_VLDL_C,rs2186037
6,0.055992,met-d-L_VLDL_C,rs6937722
7,0.0317836,met-d-L_VLDL_C,rs11976955
7,-0.085641,met-d-L_VLDL_C,rs55747707
7,0.0899892,met-d-L_VLDL_C,rs42125
8,-0.0591648,met-d-L_VLDL_C,rs1561748
8,-0.0270535,met-d-L_VLDL_C,rs2081687
8,-0.0860057,met-d-L_VLDL_C,rs112875651
8,0.0296427,met-d-L_VLDL_C,rs13265201
8,-0.182571,met-d-L_VLDL_C,rs328
8,0.0301885,met-d-L_VLDL_C,rs3860847
10,-0.0289294,met-d-L_VLDL_C,rs10761716
10,-0.027844,met-d-L_VLDL_C,rs2478236
10,-0.0228163,met-d-L_VLDL_C,rs2484294
11,-0.204697,met-d-L_VLDL_C,rs964184
11,0.0291889,met-d-L_VLDL_C,rs174576
11,0.261559,met-d-L_VLDL_C,rs141469619
11,-0.233599,met-d-L_VLDL_C,rs1047964
12,-0.0334588,met-d-L_VLDL_C,rs7133378
12,0.0227778,met-d-L_VLDL_C,rs9888360
12,-0.032742,met-d-L_VLDL_C,rs4760254
13,0.0292335,met-d-L_VLDL_C,rs6602909
15,0.12185,met-d-L_VLDL_C,rs150844304
16,-0.0947057,met-d-L_VLDL_C,rs247616
16,0.0420328,met-d-L_VLDL_C,rs2000999
16,0.0666381,met-d-L_VLDL_C,rs75911530
17,0.0300242,met-d-L_VLDL_C,rs12601921
17,0.0584718,met-d-L_VLDL_C,rs8078513
17,0.0451937,met-d-L_VLDL_C,rs112001035
17,0.11449,met-d-L_VLDL_C,rs72836561
19,-0.0537256,met-d-L_VLDL_C,rs57192995
19,0.0819472,met-d-L_VLDL_C,rs5112
19,-0.12818,met-d-L_VLDL_C,rs58542926
19,0.0629859,met-d-L_VLDL_C,rs157592
19,-0.215828,met-d-L_VLDL_C,rs116843064
19,-0.0649344,met-d-L_VLDL_C,rs73015033
20,-0.0289141,met-d-L_VLDL_C,rs2092479
20,0.0476514,met-d-L_VLDL_C,rs7679
21,0.0220625,met-d-L_VLDL_C,rs8134638
22,0.0230015,met-d-L_VLDL_C,rs9616847
