chr,beta,id,snp
1,-0.0335938,met-d-XL_VLDL_L,rs72986845
1,0.0449315,met-d-XL_VLDL_L,rs59484402
1,0.10707,met-d-XL_VLDL_L,rs79598313
1,0.0745995,met-d-XL_VLDL_L,rs79439217
2,-0.0244012,met-d-XL_VLDL_L,rs60960031
2,-0.0506019,met-d-XL_VLDL_L,rs13389219
2,0.0651728,met-d-XL_VLDL_L,rs78058190
2,0.0393351,met-d-XL_VLDL_L,rs2972140
2,-0.0908715,met-d-XL_VLDL_L,rs1260326
2,-0.023541,met-d-XL_VLDL_L,rs11903847
2,-0.0982262,met-d-XL_VLDL_L,rs676210
3,0.0353084,met-d-XL_VLDL_L,rs684773
3,0.0414526,met-d-XL_VLDL_L,rs9844972
3,-0.0353362,met-d-XL_VLDL_L,rs9968117
4,-0.0337987,met-d-XL_VLDL_L,rs13108218
4,0.0226731,met-d-XL_VLDL_L,rs4698315
4,0.0319626,met-d-XL_VLDL_L,rs1471251
4,-0.0271322,met-d-XL_VLDL_L,rs4491981
5,-0.0269446,met-d-XL_VLDL_L,rs13186403
5,0.0366606,met-d-XL_VLDL_L,rs4704834
5,-0.0566607,met-d-XL_VLDL_L,rs11429307
6,0.0418357,met-d-XL_VLDL_L,rs13191810
6,-0.0354613,met-d-XL_VLDL_L,rs632057
6,0.0322766,met-d-XL_VLDL_L,rs998584
6,-0.105817,met-d-XL_VLDL_L,rs73596816
6,0.0356004,met-d-XL_VLDL_L,rs73732214
6,-0.0305343,met-d-XL_VLDL_L,rs3127580
6,0.0250072,met-d-XL_VLDL_L,rs1130580
6,0.033353,met-d-XL_VLDL_L,rs2186037
6,-0.312985,met-d-XL_VLDL_L,rs117733303
6,-0.189915,met-d-XL_VLDL_L,rs10455872
6,0.0586654,met-d-XL_VLDL_L,rs111909590
7,-0.113739,met-d-XL_VLDL_L,rs3812316
7,0.0691005,met-d-XL_VLDL_L,rs72555385
7,0.0336241,met-d-XL_VLDL_L,rs11976955
7,-0.0277901,met-d-XL_VLDL_L,rs56001710
8,-0.189019,met-d-XL_VLDL_L,rs328
8,-0.0827814,met-d-XL_VLDL_L,rs28601761
8,0.0322575,met-d-XL_VLDL_L,rs13265201
8,-0.0248855,met-d-XL_VLDL_L,rs2081687
8,0.0337537,met-d-XL_VLDL_L,rs3860847
8,-0.0633753,met-d-XL_VLDL_L,rs1561748
8,-0.023871,met-d-XL_VLDL_L,rs59296513
10,-0.0272475,met-d-XL_VLDL_L,rs2478236
10,-0.0349669,met-d-XL_VLDL_L,rs10761716
10,0.0225456,met-d-XL_VLDL_L,rs201289443
11,0.0243375,met-d-XL_VLDL_L,rs883863
11,-0.207769,met-d-XL_VLDL_L,rs964184
11,0.26895,met-d-XL_VLDL_L,rs144018203
11,0.0518601,met-d-XL_VLDL_L,rs174553
11,0.0525573,met-d-XL_VLDL_L,rs12294913
11,-0.250057,met-d-XL_VLDL_L,rs1047964
12,-0.0306201,met-d-XL_VLDL_L,rs4760254
12,-0.0316649,met-d-XL_VLDL_L,rs7133378
12,-0.0838592,met-d-XL_VLDL_L,rs76895963
13,0.0232974,met-d-XL_VLDL_L,rs2275647
13,0.0276998,met-d-XL_VLDL_L,rs7140110
15,0.130282,met-d-XL_VLDL_L,rs150844304
16,-0.0233248,met-d-XL_VLDL_L,rs11644601
16,0.0419129,met-d-XL_VLDL_L,rs34682685
16,-0.0337048,met-d-XL_VLDL_L,rs2925979
16,-0.0613952,met-d-XL_VLDL_L,rs247616
17,0.0521367,met-d-XL_VLDL_L,rs9889584
17,0.0492406,met-d-XL_VLDL_L,rs75634664
17,0.119194,met-d-XL_VLDL_L,rs72836561
17,-0.100402,met-d-XL_VLDL_L,rs1801689
19,-0.227724,met-d-XL_VLDL_L,rs116843064
19,0.0535573,met-d-XL_VLDL_L,rs371786442
19,-0.111891,met-d-XL_VLDL_L,rs58542926
19,-0.108009,met-d-XL_VLDL_L,rs187429064
19,0.0807887,met-d-XL_VLDL_L,rs5112
19,0.0437112,met-d-XL_VLDL_L,rs483082
20,-0.0236921,met-d-XL_VLDL_L,rs2092479
20,0.0461579,met-d-XL_VLDL_L,rs7679
