chr,beta,id,snp
1,-0.13284,met-d-XXL_VLDL_CE_pct,rs11591147
1,-0.0578175,met-d-XXL_VLDL_CE_pct,rs12740374
2,0.0505262,met-d-XXL_VLDL_CE_pct,rs1041968
5,-0.0568272,met-d-XXL_VLDL_CE_pct,rs116734477
6,-0.072093,met-d-XXL_VLDL_CE_pct,rs1247304
6,0.0883971,met-d-XXL_VLDL_CE_pct,rs3127580
6,0.125694,met-d-XXL_VLDL_CE_pct,rs73596816
6,0.141395,met-d-XXL_VLDL_CE_pct,rs146534110
6,0.247754,met-d-XXL_VLDL_CE_pct,rs118039278
6,-0.0315243,met-d-XXL_VLDL_CE_pct,rs28479879
6,-0.0417515,met-d-XXL_VLDL_CE_pct,rs12179053
6,0.288401,met-d-XXL_VLDL_CE_pct,rs117733303
6,-0.0796838,met-d-XXL_VLDL_CE_pct,rs117857195
7,-0.022427,met-d-XXL_VLDL_CE_pct,rs4265085
7,0.0382329,met-d-XXL_VLDL_CE_pct,rs4722551
9,0.0566005,met-d-XXL_VLDL_CE_pct,rs115478735
14,-0.0236341,met-d-XXL_VLDL_CE_pct,rs7142704
15,-0.0920567,met-d-XXL_VLDL_CE_pct,rs35980001
15,0.0266201,met-d-XXL_VLDL_CE_pct,rs34433629
15,-0.0819647,met-d-XXL_VLDL_CE_pct,rs1532085
16,-0.0990491,met-d-XXL_VLDL_CE_pct,rs183130
16,-0.025446,met-d-XXL_VLDL_CE_pct,rs4783959
17,0.139668,met-d-XXL_VLDL_CE_pct,rs1801689
19,-0.0575129,met-d-XXL_VLDL_CE_pct,rs17248727
19,-0.11566,met-d-XXL_VLDL_CE_pct,rs1065853
20,0.0611731,met-d-XXL_VLDL_CE_pct,rs6073958
22,0.0413982,met-d-XXL_VLDL_CE_pct,rs738408
