chr,beta,id,snp
1,0.0837767,met-d-S_HDL_TG,rs79439217
1,0.0944081,met-d-S_HDL_TG,rs79598313
1,0.0369214,met-d-S_HDL_TG,rs59484402
1,0.0220792,met-d-S_HDL_TG,rs6689335
2,0.0416203,met-d-S_HDL_TG,rs2943654
2,-0.0493221,met-d-S_HDL_TG,rs13389219
2,-0.106829,met-d-S_HDL_TG,rs1260326
2,0.0850397,met-d-S_HDL_TG,rs4665710
2,0.0701512,met-d-S_HDL_TG,rs113414093
3,0.0446272,met-d-S_HDL_TG,rs9844972
3,0.0345224,met-d-S_HDL_TG,rs684773
4,0.0336248,met-d-S_HDL_TG,rs1471251
4,-0.0349371,met-d-S_HDL_TG,rs13108218
4,-0.0379853,met-d-S_HDL_TG,rs2035816
4,0.0214273,met-d-S_HDL_TG,rs10008637
4,-0.0244631,met-d-S_HDL_TG,rs4491981
4,0.0211117,met-d-S_HDL_TG,rs2604551
5,-0.0601459,met-d-S_HDL_TG,rs11429307
5,0.0247841,met-d-S_HDL_TG,rs4704834
5,-0.0248843,met-d-S_HDL_TG,rs1316753
5,-0.0284805,met-d-S_HDL_TG,rs13186403
6,-0.181773,met-d-S_HDL_TG,rs117733303
6,0.0420762,met-d-S_HDL_TG,rs28383314
6,0.0348463,met-d-S_HDL_TG,rs998584
6,-0.103954,met-d-S_HDL_TG,rs10455872
6,0.0305599,met-d-S_HDL_TG,rs28752924
6,0.030801,met-d-S_HDL_TG,rs2186037
6,0.0497773,met-d-S_HDL_TG,rs12208357
6,0.0699262,met-d-S_HDL_TG,rs12212146
6,-0.0368679,met-d-S_HDL_TG,rs632057
6,0.0616941,met-d-S_HDL_TG,rs74434374
6,-0.0383129,met-d-S_HDL_TG,rs6938550
7,0.0307596,met-d-S_HDL_TG,rs11976955
7,0.0353539,met-d-S_HDL_TG,rs2070971
7,-0.0306398,met-d-S_HDL_TG,rs56001710
7,-0.12867,met-d-S_HDL_TG,rs3812316
7,0.0729621,met-d-S_HDL_TG,rs72555385
8,-0.0658402,met-d-S_HDL_TG,rs1561748
8,0.0375112,met-d-S_HDL_TG,rs3860847
8,0.0375426,met-d-S_HDL_TG,rs10085931
8,-0.092048,met-d-S_HDL_TG,rs28601761
8,-0.188492,met-d-S_HDL_TG,rs328
8,-0.0349388,met-d-S_HDL_TG,rs1736070
10,-0.0244445,met-d-S_HDL_TG,rs740746
10,-0.0319004,met-d-S_HDL_TG,rs10761716
10,-0.0290912,met-d-S_HDL_TG,rs2068888
11,0.270693,met-d-S_HDL_TG,rs141469619
11,0.0693874,met-d-S_HDL_TG,rs174554
11,-0.242902,met-d-S_HDL_TG,rs1047964
11,0.0567823,met-d-S_HDL_TG,rs11231694
11,-0.025572,met-d-S_HDL_TG,rs10838681
11,-0.0327848,met-d-S_HDL_TG,rs61884005
11,-0.225875,met-d-S_HDL_TG,rs964184
11,-0.0253081,met-d-S_HDL_TG,rs112396965
12,0.0314429,met-d-S_HDL_TG,rs863750
12,-0.0258986,met-d-S_HDL_TG,rs4930724
12,-0.0319868,met-d-S_HDL_TG,rs12313762
12,-0.103386,met-d-S_HDL_TG,rs76895963
15,0.161014,met-d-S_HDL_TG,rs150844304
15,-0.0377604,met-d-S_HDL_TG,rs10162642
15,-0.0801488,met-d-S_HDL_TG,rs261290
15,-0.0737174,met-d-S_HDL_TG,rs473224
16,-0.110355,met-d-S_HDL_TG,rs821840
16,0.0713161,met-d-S_HDL_TG,rs75911530
16,-0.0370119,met-d-S_HDL_TG,rs2925979
16,0.0381462,met-d-S_HDL_TG,rs34682685
16,-0.024219,met-d-S_HDL_TG,rs11644601
17,0.0329276,met-d-S_HDL_TG,rs12601919
17,0.0533476,met-d-S_HDL_TG,rs9889584
17,0.0534312,met-d-S_HDL_TG,rs75634664
17,0.0596198,met-d-S_HDL_TG,rs56017239
17,0.112257,met-d-S_HDL_TG,rs72836561
19,0.0318706,met-d-S_HDL_TG,rs56290633
19,-0.252506,met-d-S_HDL_TG,rs116843064
19,-0.0752905,met-d-S_HDL_TG,rs8107974
19,-0.0511347,met-d-S_HDL_TG,rs62117489
19,0.182185,met-d-S_HDL_TG,rs1065853
20,0.121081,met-d-S_HDL_TG,rs7679
20,-0.025444,met-d-S_HDL_TG,rs6129620
20,-0.0254542,met-d-S_HDL_TG,rs8126001
22,0.0222479,met-d-S_HDL_TG,rs2267373
