chr,beta,id,snp
1,-0.0275065,met-d-M_VLDL_PL,rs4846914
1,0.0289235,met-d-M_VLDL_PL,rs822928
1,0.0667331,met-d-M_VLDL_PL,rs7534572
1,-0.253538,met-d-M_VLDL_PL,rs11591147
1,0.0775105,met-d-M_VLDL_PL,rs11206517
1,-0.0914916,met-d-M_VLDL_PL,rs12740374
1,-0.0254032,met-d-M_VLDL_PL,rs2986164
1,-0.0258795,met-d-M_VLDL_PL,rs2495477
2,0.0935567,met-d-M_VLDL_PL,rs693
2,0.0275753,met-d-M_VLDL_PL,rs3034681
2,-0.0300902,met-d-M_VLDL_PL,rs1128249
2,-0.0590369,met-d-M_VLDL_PL,rs4665972
2,-0.041508,met-d-M_VLDL_PL,rs4299376
2,0.0282185,met-d-M_VLDL_PL,rs4533439
2,-0.0308955,met-d-M_VLDL_PL,rs4665642
3,-0.0367477,met-d-M_VLDL_PL,rs13059141
3,-0.0338941,met-d-M_VLDL_PL,rs71630059
4,-0.0313277,met-d-M_VLDL_PL,rs13108218
4,0.0261934,met-d-M_VLDL_PL,rs1471251
5,-0.0342988,met-d-M_VLDL_PL,rs11429307
5,0.0522063,met-d-M_VLDL_PL,rs12916
5,0.0501261,met-d-M_VLDL_PL,rs4704834
5,0.0300529,met-d-M_VLDL_PL,rs7707394
6,-0.0238721,met-d-M_VLDL_PL,rs654689
6,0.0380924,met-d-M_VLDL_PL,rs11753995
6,-0.220543,met-d-M_VLDL_PL,rs186696265
6,0.0473953,met-d-M_VLDL_PL,rs28377109
6,0.023696,met-d-M_VLDL_PL,rs2186037
6,0.0485722,met-d-M_VLDL_PL,rs11755689
6,0.0685803,met-d-M_VLDL_PL,rs12208357
7,0.0227937,met-d-M_VLDL_PL,rs1989985
7,0.0323557,met-d-M_VLDL_PL,rs10260606
7,-0.052593,met-d-M_VLDL_PL,rs55747707
8,0.113179,met-d-M_VLDL_PL,rs144503444
8,-0.101747,met-d-M_VLDL_PL,rs10096633
8,-0.0286218,met-d-M_VLDL_PL,rs2737245
8,-0.0290418,met-d-M_VLDL_PL,rs2326077
8,0.037917,met-d-M_VLDL_PL,rs6601299
8,-0.0783857,met-d-M_VLDL_PL,rs112875651
9,0.0454705,met-d-M_VLDL_PL,rs115478735
10,-0.0247509,met-d-M_VLDL_PL,rs2478236
11,-0.143657,met-d-M_VLDL_PL,rs964184
11,0.16598,met-d-M_VLDL_PL,rs141469619
11,-0.155789,met-d-M_VLDL_PL,rs1047964
11,0.0348392,met-d-M_VLDL_PL,rs78689694
12,0.0244565,met-d-M_VLDL_PL,rs10842724
12,-0.0261805,met-d-M_VLDL_PL,rs11057397
13,0.0299047,met-d-M_VLDL_PL,rs6602909
14,0.0227417,met-d-M_VLDL_PL,rs72694391
15,-0.0401906,met-d-M_VLDL_PL,rs261290
15,0.0580581,met-d-M_VLDL_PL,rs117578063
15,0.027795,met-d-M_VLDL_PL,rs633695
16,-0.0673241,met-d-M_VLDL_PL,rs247616
16,0.0473633,met-d-M_VLDL_PL,rs3794695
16,-0.026925,met-d-M_VLDL_PL,rs7202323
17,0.0270912,met-d-M_VLDL_PL,rs56325564
17,-0.0412601,met-d-M_VLDL_PL,rs72631343
17,0.112448,met-d-M_VLDL_PL,rs77542162
19,-0.274281,met-d-M_VLDL_PL,rs1065853
19,0.0312717,met-d-M_VLDL_PL,rs2738447
19,-0.0972339,met-d-M_VLDL_PL,rs74747585
19,-0.132082,met-d-M_VLDL_PL,rs12151108
19,0.114295,met-d-M_VLDL_PL,rs118170342
19,-0.133185,met-d-M_VLDL_PL,rs58542926
19,0.127956,met-d-M_VLDL_PL,rs79429216
20,0.11127,met-d-M_VLDL_PL,rs1883711
21,0.0222466,met-d-M_VLDL_PL,rs8134638
22,0.0262957,met-d-M_VLDL_PL,rs9616847
