chr,beta,id,snp
1,-0.0312782,met-d-L_HDL_PL_pct,rs693668
1,-0.0279841,met-d-L_HDL_PL_pct,rs12027110
1,0.0336899,met-d-L_HDL_PL_pct,rs7534572
1,-0.0239622,met-d-L_HDL_PL_pct,rs12076577
1,0.213926,met-d-L_HDL_PL_pct,rs11591147
1,0.0878283,met-d-L_HDL_PL_pct,rs12740374
1,0.025471,met-d-L_HDL_PL_pct,rs59784135
1,0.0287493,met-d-L_HDL_PL_pct,rs78132593
1,0.0239464,met-d-L_HDL_PL_pct,rs10798586
1,0.0239049,met-d-L_HDL_PL_pct,rs6658257
1,0.0484968,met-d-L_HDL_PL_pct,rs4656292
1,-0.0283453,met-d-L_HDL_PL_pct,rs526936
2,0.04086,met-d-L_HDL_PL_pct,rs6544713
2,-0.032652,met-d-L_HDL_PL_pct,rs13389219
2,-0.0623291,met-d-L_HDL_PL_pct,rs1260326
2,-0.051164,met-d-L_HDL_PL_pct,rs72836346
2,-0.0310266,met-d-L_HDL_PL_pct,rs34907036
2,-0.0512519,met-d-L_HDL_PL_pct,rs934197
2,0.0348248,met-d-L_HDL_PL_pct,rs2943654
2,0.0602784,met-d-L_HDL_PL_pct,rs78058190
3,0.124734,met-d-L_HDL_PL_pct,rs11922042
3,0.0276923,met-d-L_HDL_PL_pct,rs9819511
4,0.0228346,met-d-L_HDL_PL_pct,rs13150068
4,-0.120944,met-d-L_HDL_PL_pct,rs141996530
5,-0.0464288,met-d-L_HDL_PL_pct,rs2878419
5,-0.0259952,met-d-L_HDL_PL_pct,rs4704834
5,0.0422133,met-d-L_HDL_PL_pct,rs3936510
5,-0.0305074,met-d-L_HDL_PL_pct,rs7707394
6,0.0282758,met-d-L_HDL_PL_pct,rs6905288
6,0.0341282,met-d-L_HDL_PL_pct,rs28752509
6,0.0563234,met-d-L_HDL_PL_pct,rs191555775
6,0.0556491,met-d-L_HDL_PL_pct,rs115740542
7,0.039072,met-d-L_HDL_PL_pct,rs10642257
7,-0.0753338,met-d-L_HDL_PL_pct,rs34062580
7,-0.0250705,met-d-L_HDL_PL_pct,rs111295689
7,0.0236238,met-d-L_HDL_PL_pct,rs236651
8,-0.0400084,met-d-L_HDL_PL_pct,rs28601761
8,-0.0554252,met-d-L_HDL_PL_pct,rs325
8,0.0339929,met-d-L_HDL_PL_pct,rs13277738
9,0.0228391,met-d-L_HDL_PL_pct,rs7357754
9,-0.0387324,met-d-L_HDL_PL_pct,rs675849
9,-0.0393381,met-d-L_HDL_PL_pct,rs2297400
9,0.0473032,met-d-L_HDL_PL_pct,rs2740488
10,0.029876,met-d-L_HDL_PL_pct,rs7091291
11,-0.0443456,met-d-L_HDL_PL_pct,rs72997616
11,-0.0751003,met-d-L_HDL_PL_pct,rs964184
11,-0.142787,met-d-L_HDL_PL_pct,rs1047964
11,0.0253739,met-d-L_HDL_PL_pct,rs10750766
11,0.0439573,met-d-L_HDL_PL_pct,rs174554
11,-0.0561903,met-d-L_HDL_PL_pct,rs11601507
11,0.0373057,met-d-L_HDL_PL_pct,rs113012334
12,-0.0267852,met-d-L_HDL_PL_pct,rs11048456
12,-0.0247449,met-d-L_HDL_PL_pct,rs653178
12,-0.025652,met-d-L_HDL_PL_pct,rs10773049
15,-0.0860852,met-d-L_HDL_PL_pct,rs2070895
15,0.0231343,met-d-L_HDL_PL_pct,rs8029570
15,-0.0903233,met-d-L_HDL_PL_pct,rs34095861
15,0.0343327,met-d-L_HDL_PL_pct,rs12898210
15,0.146388,met-d-L_HDL_PL_pct,rs45617141
15,0.0340651,met-d-L_HDL_PL_pct,rs1560390
15,0.0646924,met-d-L_HDL_PL_pct,rs174418
16,-0.116502,met-d-L_HDL_PL_pct,rs3764261
16,-0.03801,met-d-L_HDL_PL_pct,rs113563886
16,0.0294189,met-d-L_HDL_PL_pct,rs9302635
16,-0.0885081,met-d-L_HDL_PL_pct,rs8044652
16,0.0256191,met-d-L_HDL_PL_pct,rs870021
17,-0.101641,met-d-L_HDL_PL_pct,rs77542162
17,-0.0346148,met-d-L_HDL_PL_pct,rs2952289
19,0.103578,met-d-L_HDL_PL_pct,rs10412048
19,0.191656,met-d-L_HDL_PL_pct,rs1065853
19,-0.0318705,met-d-L_HDL_PL_pct,rs1645787
19,-0.0250269,met-d-L_HDL_PL_pct,rs66921136
19,-0.0926153,met-d-L_HDL_PL_pct,rs147711004
19,-0.0249798,met-d-L_HDL_PL_pct,rs3185010
19,-0.0915038,met-d-L_HDL_PL_pct,rs150966173
20,0.0322579,met-d-L_HDL_PL_pct,rs2618567
20,0.0433524,met-d-L_HDL_PL_pct,rs6065819
20,-0.0219389,met-d-L_HDL_PL_pct,rs8126001
20,0.168369,met-d-L_HDL_PL_pct,rs6065906
