chr,beta,id,snp
1,0.0407131,met-d-XXL_VLDL_C_pct,rs602633
1,-0.0968449,met-d-XXL_VLDL_C_pct,rs11591147
2,0.0424837,met-d-XXL_VLDL_C_pct,rs34468875
5,-0.0297532,met-d-XXL_VLDL_C_pct,rs458356
6,-0.0311776,met-d-XXL_VLDL_C_pct,rs28479879
6,0.149699,met-d-XXL_VLDL_C_pct,rs146534110
6,0.0923376,met-d-XXL_VLDL_C_pct,rs3127580
6,0.278061,met-d-XXL_VLDL_C_pct,rs10455872
6,-0.0444367,met-d-XXL_VLDL_C_pct,rs12179053
6,0.145447,met-d-XXL_VLDL_C_pct,rs73596816
6,-0.0908451,met-d-XXL_VLDL_C_pct,rs117857195
6,0.0833009,met-d-XXL_VLDL_C_pct,rs184158723
6,0.333045,met-d-XXL_VLDL_C_pct,rs117733303
6,-0.0796034,met-d-XXL_VLDL_C_pct,rs1247304
7,0.0367223,met-d-XXL_VLDL_C_pct,rs4722551
7,-0.025984,met-d-XXL_VLDL_C_pct,rs10274367
8,0.0280863,met-d-XXL_VLDL_C_pct,rs4336630
8,-0.0258236,met-d-XXL_VLDL_C_pct,rs718742
9,0.057358,met-d-XXL_VLDL_C_pct,rs115478735
10,0.0239184,met-d-XXL_VLDL_C_pct,rs12358789
15,-0.0967803,met-d-XXL_VLDL_C_pct,rs1532085
15,0.0339732,met-d-XXL_VLDL_C_pct,rs34663616
15,0.10835,met-d-XXL_VLDL_C_pct,rs2070895
16,-0.0251342,met-d-XXL_VLDL_C_pct,rs4783959
16,-0.0880338,met-d-XXL_VLDL_C_pct,rs821840
17,0.150751,met-d-XXL_VLDL_C_pct,rs1801689
19,-0.0361461,met-d-XXL_VLDL_C_pct,rs17248727
19,-0.071155,met-d-XXL_VLDL_C_pct,rs1065853
20,0.0606628,met-d-XXL_VLDL_C_pct,rs73307905
22,0.0467324,met-d-XXL_VLDL_C_pct,rs738408
