chr,beta,id,snp
1,-0.0768258,met-d-XS_VLDL_L,rs12740374
1,0.0253027,met-d-XS_VLDL_L,rs822928
1,-0.0233019,met-d-XS_VLDL_L,rs2495477
1,-0.266589,met-d-XS_VLDL_L,rs11591147
1,0.0748153,met-d-XS_VLDL_L,rs11206517
1,0.0667555,met-d-XS_VLDL_L,rs7534572
1,0.0212902,met-d-XS_VLDL_L,rs1293261
2,-0.0242649,met-d-XS_VLDL_L,rs11096640
2,0.0857664,met-d-XS_VLDL_L,rs693
2,-0.0712357,met-d-XS_VLDL_L,rs115445558
2,-0.0422943,met-d-XS_VLDL_L,rs4665972
2,-0.0462753,met-d-XS_VLDL_L,rs6729843
2,0.0240102,met-d-XS_VLDL_L,rs6739804
3,-0.0441532,met-d-XS_VLDL_L,rs34330586
3,0.0357627,met-d-XS_VLDL_L,rs11925442
3,-0.025064,met-d-XS_VLDL_L,rs13098031
4,-0.0250841,met-d-XS_VLDL_L,rs11947558
4,0.0221648,met-d-XS_VLDL_L,rs34670304
4,0.0326101,met-d-XS_VLDL_L,rs4860948
4,0.0311484,met-d-XS_VLDL_L,rs1471251
5,0.0312529,met-d-XS_VLDL_L,rs7707394
5,0.0471103,met-d-XS_VLDL_L,rs4704834
5,0.0489404,met-d-XS_VLDL_L,rs12916
6,0.0720748,met-d-XS_VLDL_L,rs12208357
6,-0.0907894,met-d-XS_VLDL_L,rs117733303
6,0.0285691,met-d-XS_VLDL_L,rs2523675
6,0.0493795,met-d-XS_VLDL_L,rs72848251
6,0.03797,met-d-XS_VLDL_L,rs11753995
7,0.0283025,met-d-XS_VLDL_L,rs55718143
7,0.029394,met-d-XS_VLDL_L,rs10260606
7,-0.0391405,met-d-XS_VLDL_L,rs10275712
8,-0.0808926,met-d-XS_VLDL_L,rs112875651
8,-0.0275447,met-d-XS_VLDL_L,rs4738679
8,-0.0350071,met-d-XS_VLDL_L,rs2737245
8,-0.0702154,met-d-XS_VLDL_L,rs10096633
9,0.0491778,met-d-XS_VLDL_L,rs115478735
10,-0.022612,met-d-XS_VLDL_L,rs2486681
10,-0.023019,met-d-XS_VLDL_L,rs10881987
11,-0.103315,met-d-XS_VLDL_L,rs964184
11,0.0461091,met-d-XS_VLDL_L,rs11601507
11,0.125925,met-d-XS_VLDL_L,rs141469619
11,-0.0428997,met-d-XS_VLDL_L,rs102274
11,-0.125723,met-d-XS_VLDL_L,rs1047964
12,0.0312925,met-d-XS_VLDL_L,rs10649122
12,-0.0431173,met-d-XS_VLDL_L,rs7979473
12,-0.0239207,met-d-XS_VLDL_L,rs3782257
13,-0.0254091,met-d-XS_VLDL_L,rs61946991
13,0.0268767,met-d-XS_VLDL_L,rs6602911
15,-0.19958,met-d-XS_VLDL_L,rs473224
15,0.0835474,met-d-XS_VLDL_L,rs139974673
15,-0.102763,met-d-XS_VLDL_L,rs10162642
15,-0.205411,met-d-XS_VLDL_L,rs261290
15,-0.0912999,met-d-XS_VLDL_L,rs117911817
16,-0.0446437,met-d-XS_VLDL_L,rs9302635
16,-0.079722,met-d-XS_VLDL_L,rs247616
17,-0.0428284,met-d-XS_VLDL_L,rs72631343
17,0.15709,met-d-XS_VLDL_L,rs77542162
17,0.0269613,met-d-XS_VLDL_L,rs77142415
17,0.0660899,met-d-XS_VLDL_L,rs75003668
18,0.0319402,met-d-XS_VLDL_L,rs1943977
18,0.133307,met-d-XS_VLDL_L,rs77960347
19,-0.0567448,met-d-XS_VLDL_L,rs28807203
19,-0.0742373,met-d-XS_VLDL_L,rs74747585
19,-0.0978688,met-d-XS_VLDL_L,rs8107974
19,0.112516,met-d-XS_VLDL_L,rs140480140
19,-0.136517,met-d-XS_VLDL_L,rs73015024
19,0.032276,met-d-XS_VLDL_L,rs439523
19,-0.21144,met-d-XS_VLDL_L,rs1065853
19,0.0299632,met-d-XS_VLDL_L,rs2738447
19,0.101448,met-d-XS_VLDL_L,rs79429216
20,0.106306,met-d-XS_VLDL_L,rs1883711
20,0.03478,met-d-XS_VLDL_L,rs4812975
20,-0.0347464,met-d-XS_VLDL_L,rs112103450
22,0.0268927,met-d-XS_VLDL_L,rs9616847
