chr,beta,id,snp
1,0.0287916,met-d-M_LDL_CE_pct,rs36209093
1,0.0712779,met-d-M_LDL_CE_pct,rs1002687
2,-0.123838,met-d-M_LDL_CE_pct,rs676210
2,0.0248275,met-d-M_LDL_CE_pct,rs2943635
2,-0.0692603,met-d-M_LDL_CE_pct,rs1260326
2,-0.0359181,met-d-M_LDL_CE_pct,rs13389219
4,0.029382,met-d-M_LDL_CE_pct,rs13115795
4,-0.0262492,met-d-M_LDL_CE_pct,rs13108218
5,-0.0349626,met-d-M_LDL_CE_pct,rs11429307
5,0.0274905,met-d-M_LDL_CE_pct,rs4704834
6,0.0371884,met-d-M_LDL_CE_pct,rs11751024
6,0.0364301,met-d-M_LDL_CE_pct,rs3900809
6,-0.213108,met-d-M_LDL_CE_pct,rs2282137
6,-0.110559,met-d-M_LDL_CE_pct,rs138799654
6,-0.116916,met-d-M_LDL_CE_pct,rs56393506
7,-0.0229855,met-d-M_LDL_CE_pct,rs17706320
7,-0.0837525,met-d-M_LDL_CE_pct,rs34060476
7,-0.0321095,met-d-M_LDL_CE_pct,rs4722551
8,-0.0447722,met-d-M_LDL_CE_pct,rs1561748
8,-0.0579719,met-d-M_LDL_CE_pct,rs112875651
8,-0.0347953,met-d-M_LDL_CE_pct,rs2921064
8,-0.149215,met-d-M_LDL_CE_pct,rs328
11,-0.140184,met-d-M_LDL_CE_pct,rs964184
11,0.198786,met-d-M_LDL_CE_pct,rs141469619
11,-0.20243,met-d-M_LDL_CE_pct,rs1047964
12,-0.0229395,met-d-M_LDL_CE_pct,rs4765127
13,0.0233403,met-d-M_LDL_CE_pct,rs9577874
13,0.0274928,met-d-M_LDL_CE_pct,rs2275647
15,0.0790732,met-d-M_LDL_CE_pct,rs139974673
15,0.0259934,met-d-M_LDL_CE_pct,rs1601935
15,-0.0449828,met-d-M_LDL_CE_pct,rs1077834
16,0.0339355,met-d-M_LDL_CE_pct,rs2000999
16,-0.0708815,met-d-M_LDL_CE_pct,rs12446515
17,-0.0964306,met-d-M_LDL_CE_pct,rs1801689
17,0.0883263,met-d-M_LDL_CE_pct,rs72836561
18,0.141668,met-d-M_LDL_CE_pct,rs77960347
18,0.0403145,met-d-M_LDL_CE_pct,rs4939883
19,0.169933,met-d-M_LDL_CE_pct,rs7412
19,-0.108387,met-d-M_LDL_CE_pct,rs187429064
19,0.0397298,met-d-M_LDL_CE_pct,rs760136
19,-0.0382821,met-d-M_LDL_CE_pct,rs72235114
19,-0.180799,met-d-M_LDL_CE_pct,rs116843064
19,-0.101793,met-d-M_LDL_CE_pct,rs200210321
20,0.0649131,met-d-M_LDL_CE_pct,rs1883711
