chr,beta,id,snp
1,0.047665,met-d-S_LDL_TG,rs59484402
1,0.110653,met-d-S_LDL_TG,rs79598313
1,0.0765906,met-d-S_LDL_TG,rs1002687
1,0.0382262,met-d-S_LDL_TG,rs602633
2,-0.0288518,met-d-S_LDL_TG,rs60960031
2,0.0979705,met-d-S_LDL_TG,rs4665710
2,-0.104587,met-d-S_LDL_TG,rs1260326
2,-0.0446625,met-d-S_LDL_TG,rs1128249
2,0.0378958,met-d-S_LDL_TG,rs2943635
3,0.0408024,met-d-S_LDL_TG,rs684773
3,0.0650651,met-d-S_LDL_TG,rs79287178
4,0.0309768,met-d-S_LDL_TG,rs1471251
4,-0.0362558,met-d-S_LDL_TG,rs13108218
4,0.0237743,met-d-S_LDL_TG,rs3857142
5,-0.0544078,met-d-S_LDL_TG,rs11429307
5,0.0457839,met-d-S_LDL_TG,rs4704834
6,0.0275323,met-d-S_LDL_TG,rs28752924
6,0.0414453,met-d-S_LDL_TG,rs9271573
6,0.0275293,met-d-S_LDL_TG,rs1052248
6,0.0282152,met-d-S_LDL_TG,rs2800709
6,0.0581303,met-d-S_LDL_TG,rs146203232
6,-0.305961,met-d-S_LDL_TG,rs117733303
6,-0.177878,met-d-S_LDL_TG,rs10455872
6,-0.0361962,met-d-S_LDL_TG,rs632057
6,0.0549856,met-d-S_LDL_TG,rs12055389
6,0.0277722,met-d-S_LDL_TG,rs998584
7,-0.120318,met-d-S_LDL_TG,rs34060476
7,0.0286929,met-d-S_LDL_TG,rs11976955
7,-0.0269136,met-d-S_LDL_TG,rs56001710
7,0.0738258,met-d-S_LDL_TG,rs72555385
8,-0.0305479,met-d-S_LDL_TG,rs1736070
8,-0.0612294,met-d-S_LDL_TG,rs1561748
8,0.0326686,met-d-S_LDL_TG,rs3860847
8,-0.176038,met-d-S_LDL_TG,rs328
8,-0.0281554,met-d-S_LDL_TG,rs2081687
8,0.0297949,met-d-S_LDL_TG,rs4646246
8,-0.0911377,met-d-S_LDL_TG,rs28601761
9,-0.0331924,met-d-S_LDL_TG,rs2740488
10,-0.0256309,met-d-S_LDL_TG,rs2068888
10,-0.0355132,met-d-S_LDL_TG,rs10761716
11,0.0257663,met-d-S_LDL_TG,rs2915400
11,-0.218154,met-d-S_LDL_TG,rs964184
11,0.277814,met-d-S_LDL_TG,rs141469619
11,0.0508788,met-d-S_LDL_TG,rs174580
11,0.0386988,met-d-S_LDL_TG,rs2302263
11,-0.198604,met-d-S_LDL_TG,rs1047964
12,-0.0910012,met-d-S_LDL_TG,rs76895963
12,0.0238265,met-d-S_LDL_TG,rs10850137
12,0.0339502,met-d-S_LDL_TG,rs10649122
12,-0.0274466,met-d-S_LDL_TG,rs7133378
13,0.0288605,met-d-S_LDL_TG,rs6602911
14,0.0313476,met-d-S_LDL_TG,rs12880341
15,-0.0982478,met-d-S_LDL_TG,rs261290
15,0.152886,met-d-S_LDL_TG,rs150844304
15,-0.0247407,met-d-S_LDL_TG,rs16939991
15,0.0773885,met-d-S_LDL_TG,rs633695
16,-0.0300005,met-d-S_LDL_TG,rs2925979
16,-0.0330451,met-d-S_LDL_TG,rs34417180
17,-0.12302,met-d-S_LDL_TG,rs75679663
17,0.0316422,met-d-S_LDL_TG,rs12601919
17,0.100705,met-d-S_LDL_TG,rs77697917
19,0.0739437,met-d-S_LDL_TG,rs5112
19,-0.216443,met-d-S_LDL_TG,rs116843064
19,0.0708007,met-d-S_LDL_TG,rs483082
19,-0.0926135,met-d-S_LDL_TG,rs8107974
19,-0.0280053,met-d-S_LDL_TG,rs739320
19,-0.0551529,met-d-S_LDL_TG,rs57192995
19,-0.0354062,met-d-S_LDL_TG,rs17242381
20,0.0403794,met-d-S_LDL_TG,rs7679
20,-0.0253633,met-d-S_LDL_TG,rs6129629
21,0.0221637,met-d-S_LDL_TG,rs62222988
