chr,beta,id,snp
1,-0.0288332,met-d-L_HDL_FC_pct,rs140584594
1,0.0206446,met-d-L_HDL_FC_pct,rs72660960
1,-0.0228615,met-d-L_HDL_FC_pct,rs59784135
1,0.0216569,met-d-L_HDL_FC_pct,rs198375
1,0.0378387,met-d-L_HDL_FC_pct,rs72698182
1,0.028081,met-d-L_HDL_FC_pct,rs2642438
1,-0.214168,met-d-L_HDL_FC_pct,rs11591147
1,-0.0408728,met-d-L_HDL_FC_pct,rs5082
1,-0.0221012,met-d-L_HDL_FC_pct,rs4650999
1,-0.0819289,met-d-L_HDL_FC_pct,rs12740374
1,0.0269828,met-d-L_HDL_FC_pct,rs472495
2,0.0483503,met-d-L_HDL_FC_pct,rs780093
2,0.0937263,met-d-L_HDL_FC_pct,rs563290
2,-0.0769877,met-d-L_HDL_FC_pct,rs114938914
2,-0.0262095,met-d-L_HDL_FC_pct,rs11394662
2,-0.0437971,met-d-L_HDL_FC_pct,rs17041868
2,-0.0300249,met-d-L_HDL_FC_pct,rs2943654
3,-0.145403,met-d-L_HDL_FC_pct,rs147667955
3,-0.0223838,met-d-L_HDL_FC_pct,rs10935473
4,0.0281174,met-d-L_HDL_FC_pct,rs13108218
4,-0.0397927,met-d-L_HDL_FC_pct,rs35518360
4,-0.0283097,met-d-L_HDL_FC_pct,rs368166328
5,0.0456092,met-d-L_HDL_FC_pct,rs7733436
5,0.033741,met-d-L_HDL_FC_pct,rs7707394
5,-0.021216,met-d-L_HDL_FC_pct,rs1173727
5,-0.0289912,met-d-L_HDL_FC_pct,rs3936510
5,0.0273007,met-d-L_HDL_FC_pct,rs10042871
6,-0.0321558,met-d-L_HDL_FC_pct,rs9461680
6,0.0227625,met-d-L_HDL_FC_pct,rs72934503
6,-0.049052,met-d-L_HDL_FC_pct,rs11751347
6,-0.0241405,met-d-L_HDL_FC_pct,rs6905288
7,-0.0360625,met-d-L_HDL_FC_pct,rs9769088
7,-0.0234458,met-d-L_HDL_FC_pct,rs236651
7,-0.0293497,met-d-L_HDL_FC_pct,rs705379
7,0.087145,met-d-L_HDL_FC_pct,rs34060476
7,0.0219905,met-d-L_HDL_FC_pct,rs1635852
8,0.0926442,met-d-L_HDL_FC_pct,rs1569209
8,-0.0380682,met-d-L_HDL_FC_pct,rs2409799
9,0.0301893,met-d-L_HDL_FC_pct,rs675849
10,0.0252036,met-d-L_HDL_FC_pct,rs7897379
10,-0.0329686,met-d-L_HDL_FC_pct,rs10787429
11,-0.0281864,met-d-L_HDL_FC_pct,rs200644264
11,0.0897024,met-d-L_HDL_FC_pct,rs964184
11,0.0540284,met-d-L_HDL_FC_pct,rs11601507
11,0.167638,met-d-L_HDL_FC_pct,rs1047964
11,-0.0240613,met-d-L_HDL_FC_pct,rs7924631
11,0.0295636,met-d-L_HDL_FC_pct,rs12574410
11,-0.113192,met-d-L_HDL_FC_pct,rs102274
11,-0.0223127,met-d-L_HDL_FC_pct,rs10750766
12,-0.0284347,met-d-L_HDL_FC_pct,rs7310409
12,-0.0261967,met-d-L_HDL_FC_pct,rs838876
12,0.0361998,met-d-L_HDL_FC_pct,rs111929233
12,0.0233954,met-d-L_HDL_FC_pct,rs653178
13,-0.026801,met-d-L_HDL_FC_pct,rs61946988
15,0.149063,met-d-L_HDL_FC_pct,rs10468017
15,-0.0438146,met-d-L_HDL_FC_pct,rs11071373
15,0.0987033,met-d-L_HDL_FC_pct,rs4775022
15,0.112089,met-d-L_HDL_FC_pct,rs633695
16,0.0243399,met-d-L_HDL_FC_pct,rs56823429
16,0.0368116,met-d-L_HDL_FC_pct,rs11075253
16,0.0259034,met-d-L_HDL_FC_pct,rs1561139
16,0.118324,met-d-L_HDL_FC_pct,rs821840
17,-0.102808,met-d-L_HDL_FC_pct,rs72836561
17,0.023964,met-d-L_HDL_FC_pct,rs2302783
17,0.12212,met-d-L_HDL_FC_pct,rs77542162
17,0.0738346,met-d-L_HDL_FC_pct,rs75003668
19,0.135614,met-d-L_HDL_FC_pct,rs140480140
19,-0.101905,met-d-L_HDL_FC_pct,rs28807203
19,-0.0721173,met-d-L_HDL_FC_pct,rs111278137
19,-0.436629,met-d-L_HDL_FC_pct,rs1065853
19,-0.106413,met-d-L_HDL_FC_pct,rs73015021
19,0.043604,met-d-L_HDL_FC_pct,rs10410835
19,-0.0359415,met-d-L_HDL_FC_pct,rs201801505
19,-0.110871,met-d-L_HDL_FC_pct,rs73013176
20,-0.0750434,met-d-L_HDL_FC_pct,rs2024570
20,-0.221439,met-d-L_HDL_FC_pct,rs1057208
20,0.028664,met-d-L_HDL_FC_pct,rs3092498
20,-0.0323183,met-d-L_HDL_FC_pct,rs2618566
20,-0.046421,met-d-L_HDL_FC_pct,rs6065819
