chr,beta,id,snp
1,-0.0333443,met-d-VLDL_FC,rs4846914
1,-0.0253535,met-d-VLDL_FC,rs12039675
1,0.0898536,met-d-VLDL_FC,rs114165349
1,-0.120397,met-d-VLDL_FC,rs12750160
1,-0.0692155,met-d-VLDL_FC,rs12740374
1,-0.173424,met-d-VLDL_FC,rs17414716
1,0.0760185,met-d-VLDL_FC,rs1168029
2,-0.0407663,met-d-VLDL_FC,rs60960031
2,-0.0757606,met-d-VLDL_FC,rs1260326
2,-0.0235431,met-d-VLDL_FC,rs13423088
2,-0.0399234,met-d-VLDL_FC,rs1128249
2,-0.108774,met-d-VLDL_FC,rs11902417
2,-0.0347245,met-d-VLDL_FC,rs4299376
3,-0.0365476,met-d-VLDL_FC,rs13059141
3,-0.0378977,met-d-VLDL_FC,rs34894639
4,0.0321652,met-d-VLDL_FC,rs1471251
4,-0.0320375,met-d-VLDL_FC,rs13108218
5,-0.044593,met-d-VLDL_FC,rs11429307
5,0.0498295,met-d-VLDL_FC,rs4704834
5,0.0446629,met-d-VLDL_FC,rs12916
6,0.0483993,met-d-VLDL_FC,rs11755689
6,-0.0632382,met-d-VLDL_FC,rs117534432
6,0.0425177,met-d-VLDL_FC,rs28377109
6,0.0277442,met-d-VLDL_FC,rs2186037
6,-0.0302811,met-d-VLDL_FC,rs17585887
6,0.0660624,met-d-VLDL_FC,rs146203232
6,0.0223614,met-d-VLDL_FC,rs998584
6,-0.283491,met-d-VLDL_FC,rs186696265
7,0.029468,met-d-VLDL_FC,rs10260606
7,0.0825628,met-d-VLDL_FC,rs42125
7,0.0215816,met-d-VLDL_FC,rs1989985
7,-0.0682522,met-d-VLDL_FC,rs55747707
7,0.0272062,met-d-VLDL_FC,rs11976955
8,-0.0451267,met-d-VLDL_FC,rs1561748
8,-0.147616,met-d-VLDL_FC,rs328
8,-0.0881995,met-d-VLDL_FC,rs112875651
8,-0.0297207,met-d-VLDL_FC,rs2081687
8,0.0522815,met-d-VLDL_FC,rs8185886
8,-0.0291237,met-d-VLDL_FC,rs2737245
9,0.0345475,met-d-VLDL_FC,rs635634
10,-0.0281548,met-d-VLDL_FC,rs2478236
11,-0.175969,met-d-VLDL_FC,rs964184
11,0.220426,met-d-VLDL_FC,rs141469619
11,-0.199476,met-d-VLDL_FC,rs1047964
12,0.0231043,met-d-VLDL_FC,rs10842724
12,0.0339623,met-d-VLDL_FC,rs10649122
12,-0.0289577,met-d-VLDL_FC,rs11057397
13,0.0314564,met-d-VLDL_FC,rs6602909
15,-0.0486678,met-d-VLDL_FC,rs261290
15,0.0326113,met-d-VLDL_FC,rs633695
15,0.102571,met-d-VLDL_FC,rs139974673
16,-0.080346,met-d-VLDL_FC,rs247616
16,-0.0271527,met-d-VLDL_FC,rs7202323
16,0.0460757,met-d-VLDL_FC,rs2000999
17,0.0766272,met-d-VLDL_FC,rs77697917
17,0.0523098,met-d-VLDL_FC,rs8078513
17,0.0941694,met-d-VLDL_FC,rs77542162
17,-0.0374672,met-d-VLDL_FC,rs72631343
19,0.0270103,met-d-VLDL_FC,rs2738447
19,-0.129614,met-d-VLDL_FC,rs58542926
19,0.122802,met-d-VLDL_FC,rs375972689
19,-0.0707307,met-d-VLDL_FC,rs62117162
19,-0.10973,met-d-VLDL_FC,rs12151108
19,-0.0589308,met-d-VLDL_FC,rs111371860
19,0.088007,met-d-VLDL_FC,rs157595
19,-0.030135,met-d-VLDL_FC,rs550455
20,0.111021,met-d-VLDL_FC,rs1883711
21,0.022515,met-d-VLDL_FC,rs8134638
22,0.0259649,met-d-VLDL_FC,rs9616847
