chr,beta,id,snp
1,0.0631,met-d-L_HDL_CE_pct,rs11207994
1,-0.0449349,met-d-L_HDL_CE_pct,rs12740374
1,-0.0242531,met-d-L_HDL_CE_pct,rs6658257
1,-0.0882163,met-d-L_HDL_CE_pct,rs79598313
1,-0.0300295,met-d-L_HDL_CE_pct,rs67916282
1,-0.0231074,met-d-L_HDL_CE_pct,rs4656292
2,0.0439482,met-d-L_HDL_CE_pct,rs13389219
2,-0.0691246,met-d-L_HDL_CE_pct,rs78058190
2,0.0378757,met-d-L_HDL_CE_pct,rs72836348
2,0.0729213,met-d-L_HDL_CE_pct,rs1260326
2,-0.043964,met-d-L_HDL_CE_pct,rs2943654
3,-0.0237358,met-d-L_HDL_CE_pct,rs4519692
3,-0.108856,met-d-L_HDL_CE_pct,rs11922042
3,-0.0435268,met-d-L_HDL_CE_pct,rs9844972
4,-0.0261242,met-d-L_HDL_CE_pct,rs6825776
4,-0.0232347,met-d-L_HDL_CE_pct,rs10937924
4,-0.0314096,met-d-L_HDL_CE_pct,rs2035403
4,-0.0435111,met-d-L_HDL_CE_pct,rs13107325
5,0.0545134,met-d-L_HDL_CE_pct,rs11429307
5,0.032283,met-d-L_HDL_CE_pct,rs6864091
5,-0.0264522,met-d-L_HDL_CE_pct,rs62397245
6,-0.0776743,met-d-L_HDL_CE_pct,rs191555775
6,-0.0303521,met-d-L_HDL_CE_pct,rs28752510
6,-0.0238677,met-d-L_HDL_CE_pct,rs3130521
6,-0.037016,met-d-L_HDL_CE_pct,rs998584
6,0.0309051,met-d-L_HDL_CE_pct,rs668459
6,-0.0257228,met-d-L_HDL_CE_pct,rs2745353
6,-0.0318433,met-d-L_HDL_CE_pct,rs17492120
7,0.0294803,met-d-L_HDL_CE_pct,rs56001710
7,-0.0494434,met-d-L_HDL_CE_pct,rs111432585
7,0.0948573,met-d-L_HDL_CE_pct,rs34062580
7,-0.0301737,met-d-L_HDL_CE_pct,rs7810507
8,0.0289609,met-d-L_HDL_CE_pct,rs7012637
8,0.0540416,met-d-L_HDL_CE_pct,rs1561748
8,-0.0366034,met-d-L_HDL_CE_pct,rs7005453
8,0.148896,met-d-L_HDL_CE_pct,rs328
8,0.0716531,met-d-L_HDL_CE_pct,rs28601761
8,-0.0385225,met-d-L_HDL_CE_pct,rs10085931
9,-0.0286603,met-d-L_HDL_CE_pct,rs7848888
9,-0.021706,met-d-L_HDL_CE_pct,rs1475536
9,-0.0238536,met-d-L_HDL_CE_pct,rs2175055
10,0.0272557,met-d-L_HDL_CE_pct,rs2068888
10,0.037915,met-d-L_HDL_CE_pct,rs10786114
11,0.16337,met-d-L_HDL_CE_pct,rs964184
11,0.204919,met-d-L_HDL_CE_pct,rs1047964
11,-0.211277,met-d-L_HDL_CE_pct,rs144018203
11,-0.0396991,met-d-L_HDL_CE_pct,rs113012334
11,-0.0506872,met-d-L_HDL_CE_pct,rs174554
11,-0.049409,met-d-L_HDL_CE_pct,rs2302263
11,0.0280173,met-d-L_HDL_CE_pct,rs112396965
11,-0.0264794,met-d-L_HDL_CE_pct,rs10750766
12,0.0307892,met-d-L_HDL_CE_pct,rs10773049
12,-0.0415798,met-d-L_HDL_CE_pct,rs117209788
12,0.0274577,met-d-L_HDL_CE_pct,rs10842708
12,0.0279142,met-d-L_HDL_CE_pct,rs3741414
12,0.0245723,met-d-L_HDL_CE_pct,rs10774625
12,-0.0276894,met-d-L_HDL_CE_pct,rs3741521
15,-0.0380467,met-d-L_HDL_CE_pct,rs2414577
15,-0.142114,met-d-L_HDL_CE_pct,rs150844304
15,0.0384399,met-d-L_HDL_CE_pct,rs588136
16,0.171012,met-d-L_HDL_CE_pct,rs3764261
16,0.106786,met-d-L_HDL_CE_pct,rs8044652
16,0.0361722,met-d-L_HDL_CE_pct,rs2925979
16,0.0485247,met-d-L_HDL_CE_pct,rs113563886
16,-0.116368,met-d-L_HDL_CE_pct,rs75911530
17,-0.05097,met-d-L_HDL_CE_pct,rs111351217
17,-0.0279818,met-d-L_HDL_CE_pct,rs12601919
17,-0.118126,met-d-L_HDL_CE_pct,rs72836561
18,0.0233205,met-d-L_HDL_CE_pct,rs4800392
19,0.230831,met-d-L_HDL_CE_pct,rs116843064
19,0.0507553,met-d-L_HDL_CE_pct,rs58542926
19,-0.194846,met-d-L_HDL_CE_pct,rs1065853
19,0.0305111,met-d-L_HDL_CE_pct,rs1645787
19,0.024562,met-d-L_HDL_CE_pct,rs2927468
20,0.0246504,met-d-L_HDL_CE_pct,rs8126001
20,-0.0543546,met-d-L_HDL_CE_pct,rs76070947
20,-0.136655,met-d-L_HDL_CE_pct,rs139953093
