chr,beta,id,snp
1,-0.031629,met-d-Unsaturation,rs3768321
1,0.0214206,met-d-Unsaturation,rs6693447
1,-0.0948857,met-d-Unsaturation,rs11591147
1,-0.0740541,met-d-Unsaturation,rs79598313
1,0.037782,met-d-Unsaturation,rs10127775
1,0.030665,met-d-Unsaturation,rs660240
1,-0.0243913,met-d-Unsaturation,rs140584594
2,-0.0310333,met-d-Unsaturation,rs2972140
2,-0.0279007,met-d-Unsaturation,rs4988235
2,0.0283253,met-d-Unsaturation,rs4296389
2,0.0222243,met-d-Unsaturation,rs13389219
2,0.0400738,met-d-Unsaturation,rs1260326
5,0.032767,met-d-Unsaturation,rs273917
5,-0.0244061,met-d-Unsaturation,rs458356
6,0.099307,met-d-Unsaturation,rs10455872
6,0.0681581,met-d-Unsaturation,rs73596816
6,0.026998,met-d-Unsaturation,rs6456757
6,0.131404,met-d-Unsaturation,rs117733303
7,0.0349235,met-d-Unsaturation,rs13234131
8,0.0248294,met-d-Unsaturation,rs4871603
8,0.120007,met-d-Unsaturation,rs328
8,0.03817,met-d-Unsaturation,rs1561748
8,0.0298356,met-d-Unsaturation,rs10102352
10,0.0459288,met-d-Unsaturation,rs7924036
10,-0.026597,met-d-Unsaturation,rs9419746
11,-0.0579726,met-d-Unsaturation,rs12226389
11,0.108722,met-d-Unsaturation,rs150846168
11,-0.0254405,met-d-Unsaturation,rs11030075
11,-0.340884,met-d-Unsaturation,rs174564
11,-0.160047,met-d-Unsaturation,rs145786300
11,-0.115229,met-d-Unsaturation,rs11230829
11,-0.115782,met-d-Unsaturation,rs144018203
11,-0.0581652,met-d-Unsaturation,rs498936
11,0.0571264,met-d-Unsaturation,rs964184
11,-0.173503,met-d-Unsaturation,rs143355652
15,-0.0390363,met-d-Unsaturation,rs1532085
15,0.041901,met-d-Unsaturation,rs1077835
16,-0.0865103,met-d-Unsaturation,rs139110024
16,0.0937299,met-d-Unsaturation,rs11644601
16,0.035371,met-d-Unsaturation,rs821840
17,-0.0370644,met-d-Unsaturation,rs62060954
17,-0.093956,met-d-Unsaturation,rs72836561
18,0.0308489,met-d-Unsaturation,rs7234218
19,-0.091322,met-d-Unsaturation,rs7412
19,0.13283,met-d-Unsaturation,rs116843064
19,0.0270955,met-d-Unsaturation,rs73045691
19,-0.0645985,met-d-Unsaturation,rs58542926
19,0.0260041,met-d-Unsaturation,rs838133
20,-0.0555527,met-d-Unsaturation,rs6073958
20,0.0218277,met-d-Unsaturation,rs438568
