chr,beta,id,snp
1,0.0640078,met-d-L_VLDL_CE,rs629301
1,-0.0367267,met-d-L_VLDL_CE,rs4846914
1,-0.0340193,met-d-L_VLDL_CE,rs199717562
1,0.0925148,met-d-L_VLDL_CE,rs114165349
1,0.0763713,met-d-L_VLDL_CE,rs141409973
1,0.0244495,met-d-L_VLDL_CE,rs613334
2,-0.126383,met-d-L_VLDL_CE,rs676210
2,-0.0259748,met-d-L_VLDL_CE,rs13423088
2,-0.039376,met-d-L_VLDL_CE,rs1510606
2,-0.0725975,met-d-L_VLDL_CE,rs1260326
2,-0.0416724,met-d-L_VLDL_CE,rs1128249
2,-0.0316135,met-d-L_VLDL_CE,rs4299376
2,0.0268448,met-d-L_VLDL_CE,rs6723127
3,-0.0377314,met-d-L_VLDL_CE,rs13059141
3,-0.037178,met-d-L_VLDL_CE,rs34894639
4,0.0326417,met-d-L_VLDL_CE,rs1471251
4,-0.0347981,met-d-L_VLDL_CE,rs13108218
5,-0.0472682,met-d-L_VLDL_CE,rs11429307
5,0.0467429,met-d-L_VLDL_CE,rs4704834
5,0.039892,met-d-L_VLDL_CE,rs12916
6,0.0633752,met-d-L_VLDL_CE,rs146203232
6,-0.254567,met-d-L_VLDL_CE,rs186696265
6,0.0299662,met-d-L_VLDL_CE,rs2186037
6,0.0427399,met-d-L_VLDL_CE,rs28377109
6,0.0490192,met-d-L_VLDL_CE,rs11755689
6,0.0265756,met-d-L_VLDL_CE,rs998584
6,-0.0304853,met-d-L_VLDL_CE,rs17585887
7,-0.0755992,met-d-L_VLDL_CE,rs55747707
7,0.0288542,met-d-L_VLDL_CE,rs11976955
7,0.0296677,met-d-L_VLDL_CE,rs10260606
7,0.0846925,met-d-L_VLDL_CE,rs42125
8,-0.0540896,met-d-L_VLDL_CE,rs1561748
8,-0.172376,met-d-L_VLDL_CE,rs328
8,-0.0840439,met-d-L_VLDL_CE,rs112875651
8,0.0269879,met-d-L_VLDL_CE,rs13265201
8,-0.0271706,met-d-L_VLDL_CE,rs2737245
8,-0.0274155,met-d-L_VLDL_CE,rs2081687
8,0.027823,met-d-L_VLDL_CE,rs3860847
9,0.032487,met-d-L_VLDL_CE,rs635634
10,-0.0241047,met-d-L_VLDL_CE,rs10761716
10,-0.02708,met-d-L_VLDL_CE,rs2478236
11,-0.193037,met-d-L_VLDL_CE,rs964184
11,0.243892,met-d-L_VLDL_CE,rs141469619
11,-0.225106,met-d-L_VLDL_CE,rs1047964
12,-0.0321539,met-d-L_VLDL_CE,rs11057397
12,0.0362756,met-d-L_VLDL_CE,rs10649122
13,0.0301461,met-d-L_VLDL_CE,rs6602909
15,0.0259631,met-d-L_VLDL_CE,rs35853021
15,0.11255,met-d-L_VLDL_CE,rs150844304
16,-0.105407,met-d-L_VLDL_CE,rs247616
16,0.0438445,met-d-L_VLDL_CE,rs2000999
16,0.075872,met-d-L_VLDL_CE,rs75911530
17,0.0583424,met-d-L_VLDL_CE,rs8078513
17,0.0483654,met-d-L_VLDL_CE,rs112001035
17,-0.0362284,met-d-L_VLDL_CE,rs740516
17,0.103679,met-d-L_VLDL_CE,rs72836561
19,0.0832887,met-d-L_VLDL_CE,rs5112
19,-0.0991958,met-d-L_VLDL_CE,rs73015024
19,-0.131702,met-d-L_VLDL_CE,rs58542926
19,-0.0491791,met-d-L_VLDL_CE,rs1531517
19,0.0670737,met-d-L_VLDL_CE,rs157592
19,0.0260323,met-d-L_VLDL_CE,rs2738447
20,0.108401,met-d-L_VLDL_CE,rs1883711
20,-0.028857,met-d-L_VLDL_CE,rs4810479
21,0.0223119,met-d-L_VLDL_CE,rs8134638
22,0.0244122,met-d-L_VLDL_CE,rs9616847
