chr,beta,id,snp
1,0.0333596,met-d-L_HDL_FC,rs2642438
1,-0.0254953,met-d-L_HDL_FC,rs5082
1,-0.0763032,met-d-L_HDL_FC,rs193084249
1,-0.0295352,met-d-L_HDL_FC,rs333947
1,0.0423707,met-d-L_HDL_FC,rs1546954
1,-0.0330844,met-d-L_HDL_FC,rs6694102
1,-0.0279306,met-d-L_HDL_FC,rs61781392
1,-0.0230306,met-d-L_HDL_FC,rs6681348
2,-0.0392674,met-d-L_HDL_FC,rs1024137
2,0.0357985,met-d-L_HDL_FC,rs13389219
2,-0.0570937,met-d-L_HDL_FC,rs78058190
2,0.0581185,met-d-L_HDL_FC,rs676210
2,0.0324319,met-d-L_HDL_FC,rs1260326
2,0.0238155,met-d-L_HDL_FC,rs59104589
2,-0.0202121,met-d-L_HDL_FC,rs35135293
3,-0.038648,met-d-L_HDL_FC,rs9844972
3,-0.0881482,met-d-L_HDL_FC,rs11922042
3,-0.0311381,met-d-L_HDL_FC,rs57912727
3,-0.0192836,met-d-L_HDL_FC,rs10935473
4,0.0219006,met-d-L_HDL_FC,rs12510382
4,-0.0215909,met-d-L_HDL_FC,rs13118477
4,-0.0242375,met-d-L_HDL_FC,rs1139490
4,-0.066886,met-d-L_HDL_FC,rs13107325
4,-0.0284611,met-d-L_HDL_FC,rs368166328
5,0.0441806,met-d-L_HDL_FC,rs11429307
5,0.027195,met-d-L_HDL_FC,rs2307111
6,-0.0277156,met-d-L_HDL_FC,rs10457487
6,-0.0606059,met-d-L_HDL_FC,rs147627829
6,-0.0344775,met-d-L_HDL_FC,rs998584
6,-0.0276293,met-d-L_HDL_FC,rs9265113
6,-0.0541654,met-d-L_HDL_FC,rs11751347
6,0.0251543,met-d-L_HDL_FC,rs72934503
6,0.0194938,met-d-L_HDL_FC,rs17585887
7,0.0671963,met-d-L_HDL_FC,rs34060476
7,-0.026203,met-d-L_HDL_FC,rs705379
7,-0.0351665,met-d-L_HDL_FC,rs9769088
7,-0.0530444,met-d-L_HDL_FC,rs72555385
7,0.0219042,met-d-L_HDL_FC,rs849336
7,-0.0297826,met-d-L_HDL_FC,rs7810507
8,0.0282312,met-d-L_HDL_FC,rs2954029
8,0.133011,met-d-L_HDL_FC,rs145391587
8,0.0337551,met-d-L_HDL_FC,rs7012814
8,0.0505611,met-d-L_HDL_FC,rs1561748
8,0.0259895,met-d-L_HDL_FC,rs2737205
8,0.0305259,met-d-L_HDL_FC,rs79744701
9,0.0219913,met-d-L_HDL_FC,rs1319424
9,0.0284286,met-d-L_HDL_FC,rs2066714
9,0.0478225,met-d-L_HDL_FC,rs1215112
9,-0.0347303,met-d-L_HDL_FC,rs2740488
9,0.0379232,met-d-L_HDL_FC,rs11789603
9,0.0200331,met-d-L_HDL_FC,rs7037849
10,0.0217501,met-d-L_HDL_FC,rs7924036
10,0.0252941,met-d-L_HDL_FC,rs4418728
10,-0.0184371,met-d-L_HDL_FC,rs7475340
10,-0.0327451,met-d-L_HDL_FC,rs60847460
10,-0.0391963,met-d-L_HDL_FC,rs2803619
10,-0.0308767,met-d-L_HDL_FC,rs148063610
11,0.0851615,met-d-L_HDL_FC,rs35473591
11,0.0964773,met-d-L_HDL_FC,rs964184
11,-0.0413851,met-d-L_HDL_FC,rs200644264
11,-0.0521507,met-d-L_HDL_FC,rs12294913
11,0.215582,met-d-L_HDL_FC,rs1047964
11,-0.0406843,met-d-L_HDL_FC,rs10899133
11,0.0378564,met-d-L_HDL_FC,rs10769254
11,-0.13075,met-d-L_HDL_FC,rs144018203
11,-0.0247502,met-d-L_HDL_FC,rs141949189
12,0.0268106,met-d-L_HDL_FC,rs492699
12,-0.0203218,met-d-L_HDL_FC,rs11065991
12,0.027544,met-d-L_HDL_FC,rs11045171
12,0.0237491,met-d-L_HDL_FC,rs12369443
12,0.0378554,met-d-L_HDL_FC,rs36226283
12,0.0294915,met-d-L_HDL_FC,rs1054852
12,0.0250518,met-d-L_HDL_FC,rs7308864
12,0.0261216,met-d-L_HDL_FC,rs3809113
12,-0.0422451,met-d-L_HDL_FC,rs921919
12,0.0264796,met-d-L_HDL_FC,rs10846606
15,-0.0526339,met-d-L_HDL_FC,rs77516617
15,-0.0714852,met-d-L_HDL_FC,rs190543502
15,-0.0194463,met-d-L_HDL_FC,rs202104545
15,0.165305,met-d-L_HDL_FC,rs10468017
15,-0.15915,met-d-L_HDL_FC,rs488490
15,-0.0691323,met-d-L_HDL_FC,rs1560390
16,-0.13576,met-d-L_HDL_FC,rs75911530
16,-0.031192,met-d-L_HDL_FC,rs6498540
16,0.0356954,met-d-L_HDL_FC,rs2925979
16,-0.023737,met-d-L_HDL_FC,rs8058512
16,0.0724264,met-d-L_HDL_FC,rs55779455
16,-0.0827716,met-d-L_HDL_FC,rs4986970
16,-0.0807769,met-d-L_HDL_FC,rs75714888
16,0.204746,met-d-L_HDL_FC,rs3764261
17,-0.136106,met-d-L_HDL_FC,rs72836561
17,0.0217155,met-d-L_HDL_FC,rs4795386
17,-0.0379707,met-d-L_HDL_FC,rs34695955
17,0.0252433,met-d-L_HDL_FC,rs55714927
17,0.030063,met-d-L_HDL_FC,rs1006656
18,0.0548095,met-d-L_HDL_FC,rs7241918
18,0.0664601,met-d-L_HDL_FC,rs9955201
18,-0.0232985,met-d-L_HDL_FC,rs1457489
18,0.196333,met-d-L_HDL_FC,rs77960347
19,-0.0489576,met-d-L_HDL_FC,rs737337
19,0.18726,met-d-L_HDL_FC,rs116843064
19,-0.102569,met-d-L_HDL_FC,rs1065853
19,0.0346831,met-d-L_HDL_FC,rs73045691
20,-0.175575,met-d-L_HDL_FC,rs1057208
20,-0.0669267,met-d-L_HDL_FC,rs150224153
20,-0.0563876,met-d-L_HDL_FC,rs2024570
20,-0.0569431,met-d-L_HDL_FC,rs76070947
20,0.0230865,met-d-L_HDL_FC,rs3092498
