chr,beta,id,snp
1,0.0524897,met-d-M_HDL_CE,rs4846921
1,0.0925982,met-d-M_HDL_CE,rs11591147
1,0.0237809,met-d-M_HDL_CE,rs7534572
1,-0.121062,met-d-M_HDL_CE,rs114165349
1,0.036451,met-d-M_HDL_CE,rs140584594
1,-0.0276341,met-d-M_HDL_CE,rs61805076
1,0.0212251,met-d-M_HDL_CE,rs4656292
1,-0.0417323,met-d-M_HDL_CE,rs583104
1,0.0349948,met-d-M_HDL_CE,rs2642438
1,-0.0435713,met-d-M_HDL_CE,rs3768321
1,0.0390962,met-d-M_HDL_CE,rs267738
1,0.0207484,met-d-M_HDL_CE,rs3795269
2,0.0283041,met-d-M_HDL_CE,rs10184004
2,-0.0230662,met-d-M_HDL_CE,rs35135293
2,-0.0277828,met-d-M_HDL_CE,rs1047891
2,-0.0342218,met-d-M_HDL_CE,rs2943650
2,-0.0229631,met-d-M_HDL_CE,rs1260326
2,0.0772057,met-d-M_HDL_CE,rs676210
3,-0.0215214,met-d-M_HDL_CE,rs28818616
3,0.0329906,met-d-M_HDL_CE,rs9647335
4,-0.0706395,met-d-M_HDL_CE,rs13107325
5,-0.0322441,met-d-M_HDL_CE,rs9687846
6,-0.0261292,met-d-M_HDL_CE,rs9491697
6,-0.0425551,met-d-M_HDL_CE,rs11751347
6,0.023646,met-d-M_HDL_CE,rs2395943
6,-0.027828,met-d-M_HDL_CE,rs1358980
6,-0.0330338,met-d-M_HDL_CE,rs36057735
6,0.0302619,met-d-M_HDL_CE,rs28746853
7,0.0224273,met-d-M_HDL_CE,rs6967917
7,-0.0281406,met-d-M_HDL_CE,rs7810507
7,-0.021994,met-d-M_HDL_CE,rs12533197
8,0.102932,met-d-M_HDL_CE,rs4240624
8,0.0251799,met-d-M_HDL_CE,rs7388248
8,0.104861,met-d-M_HDL_CE,rs15285
8,-0.0792227,met-d-M_HDL_CE,rs59347135
8,0.0321544,met-d-M_HDL_CE,rs2245221
8,-0.150322,met-d-M_HDL_CE,rs139915535
9,-0.0375529,met-d-M_HDL_CE,rs2740488
9,0.0488656,met-d-M_HDL_CE,rs11789603
9,0.0376087,met-d-M_HDL_CE,rs686030
10,-0.031537,met-d-M_HDL_CE,rs148063610
10,-0.0378863,met-d-M_HDL_CE,rs2792735
10,-0.0379933,met-d-M_HDL_CE,rs60847460
11,0.0643246,met-d-M_HDL_CE,rs59097294
11,-0.0629099,met-d-M_HDL_CE,rs559355
11,-0.0388095,met-d-M_HDL_CE,rs174578
11,-0.0362199,met-d-M_HDL_CE,rs35184771
11,0.0652554,met-d-M_HDL_CE,rs78296522
11,-0.054857,met-d-M_HDL_CE,rs141368429
11,0.0784906,met-d-M_HDL_CE,rs6589565
12,0.021396,met-d-M_HDL_CE,rs7134375
12,-0.0378899,met-d-M_HDL_CE,rs838876
12,0.0224687,met-d-M_HDL_CE,rs7959043
12,-0.023905,met-d-M_HDL_CE,rs11057692
12,0.0260506,met-d-M_HDL_CE,rs6606717
12,0.0281021,met-d-M_HDL_CE,rs2229357
12,-0.0204523,met-d-M_HDL_CE,rs7956099
12,-0.0524626,met-d-M_HDL_CE,rs61941676
14,-0.0218816,met-d-M_HDL_CE,rs941507
14,-0.0221901,met-d-M_HDL_CE,rs2494748
15,-0.0625937,met-d-M_HDL_CE,rs1601935
15,0.0606476,met-d-M_HDL_CE,rs1077835
16,-0.0351447,met-d-M_HDL_CE,rs904770
16,-0.0760551,met-d-M_HDL_CE,rs4986970
16,-0.0248665,met-d-M_HDL_CE,rs8058512
16,-0.0197775,met-d-M_HDL_CE,rs4330777
16,-0.153835,met-d-M_HDL_CE,rs75911530
16,0.03494,met-d-M_HDL_CE,rs2925979
17,-0.0260835,met-d-M_HDL_CE,rs967645
17,-0.150561,met-d-M_HDL_CE,rs72836561
17,-0.0620879,met-d-M_HDL_CE,rs112001035
17,0.0246355,met-d-M_HDL_CE,rs4969141
18,0.282123,met-d-M_HDL_CE,rs77960347
18,0.0848244,met-d-M_HDL_CE,rs9304381
18,0.116592,met-d-M_HDL_CE,rs117687565
18,-0.0902588,met-d-M_HDL_CE,rs62101705
19,0.0468364,met-d-M_HDL_CE,rs12977604
19,-0.0669137,met-d-M_HDL_CE,rs737337
19,0.0398445,met-d-M_HDL_CE,rs2228671
19,0.0280128,met-d-M_HDL_CE,rs1761457
19,0.120765,met-d-M_HDL_CE,rs144311893
19,-0.0792658,met-d-M_HDL_CE,rs429358
19,0.201349,met-d-M_HDL_CE,rs116843064
19,0.0246294,met-d-M_HDL_CE,rs12611067
20,-0.0283497,met-d-M_HDL_CE,rs2236252
20,-0.123052,met-d-M_HDL_CE,rs1800961
20,0.0352176,met-d-M_HDL_CE,rs4239651
22,-0.0393958,met-d-M_HDL_CE,rs2298428
