chr,beta,id,snp
1,0.0270241,met-d-S_VLDL_CE,rs613334
1,-0.260113,met-d-S_VLDL_CE,rs11591147
1,-0.0954689,met-d-S_VLDL_CE,rs12740374
1,-0.0318152,met-d-S_VLDL_CE,rs10127775
1,0.0768944,met-d-S_VLDL_CE,rs11206517
1,-0.0255962,met-d-S_VLDL_CE,rs2495477
1,0.0581987,met-d-S_VLDL_CE,rs7534572
2,-0.0575347,met-d-S_VLDL_CE,rs4665972
2,-0.03457,met-d-S_VLDL_CE,rs4665642
2,-0.0379307,met-d-S_VLDL_CE,rs4299376
2,-0.0333189,met-d-S_VLDL_CE,rs1128249
2,0.0313093,met-d-S_VLDL_CE,rs4533439
2,0.101161,met-d-S_VLDL_CE,rs693
3,-0.0537336,met-d-S_VLDL_CE,rs164641
3,-0.0372203,met-d-S_VLDL_CE,rs34894639
4,-0.0279763,met-d-S_VLDL_CE,rs13108218
4,0.0303925,met-d-S_VLDL_CE,rs1471251
5,0.026804,met-d-S_VLDL_CE,rs7707394
5,0.0473487,met-d-S_VLDL_CE,rs12916
5,0.0390991,met-d-S_VLDL_CE,rs3936511
5,0.0469368,met-d-S_VLDL_CE,rs4704834
6,-0.136948,met-d-S_VLDL_CE,rs9295128
6,-0.0229582,met-d-S_VLDL_CE,rs6920309
6,0.04907,met-d-S_VLDL_CE,rs28377109
6,0.0493583,met-d-S_VLDL_CE,rs11755689
6,0.0229529,met-d-S_VLDL_CE,rs2186037
6,0.0745509,met-d-S_VLDL_CE,rs12208357
6,-0.0247069,met-d-S_VLDL_CE,rs654689
7,-0.0503511,met-d-S_VLDL_CE,rs55747707
7,0.024864,met-d-S_VLDL_CE,rs1989985
7,0.0343545,met-d-S_VLDL_CE,rs10260606
8,-0.108458,met-d-S_VLDL_CE,rs10096633
8,-0.031023,met-d-S_VLDL_CE,rs2737245
8,-0.08478,met-d-S_VLDL_CE,rs112875651
8,-0.0255,met-d-S_VLDL_CE,rs2326077
8,0.0610795,met-d-S_VLDL_CE,rs59347135
8,0.130383,met-d-S_VLDL_CE,rs144503444
9,0.0588078,met-d-S_VLDL_CE,rs115478735
10,-0.0347403,met-d-S_VLDL_CE,rs72823020
10,-0.022936,met-d-S_VLDL_CE,rs10881987
10,-0.0269293,met-d-S_VLDL_CE,rs2478236
11,-0.0254178,met-d-S_VLDL_CE,rs59421767
11,-0.140206,met-d-S_VLDL_CE,rs964184
11,0.159725,met-d-S_VLDL_CE,rs141469619
11,-0.187547,met-d-S_VLDL_CE,rs1047964
11,0.0402905,met-d-S_VLDL_CE,rs78689694
12,0.0361351,met-d-S_VLDL_CE,rs10649122
12,-0.0304654,met-d-S_VLDL_CE,rs11057397
12,0.0245955,met-d-S_VLDL_CE,rs1169292
12,0.0232309,met-d-S_VLDL_CE,rs10842724
12,0.0365375,met-d-S_VLDL_CE,rs11057837
13,0.0297714,met-d-S_VLDL_CE,rs6602909
14,0.0229126,met-d-S_VLDL_CE,rs72694391
15,-0.0853099,met-d-S_VLDL_CE,rs261290
15,0.0596626,met-d-S_VLDL_CE,rs633695
15,0.0905733,met-d-S_VLDL_CE,rs150844304
16,0.148689,met-d-S_VLDL_CE,rs117738782
16,0.0929595,met-d-S_VLDL_CE,rs75911530
16,-0.0280962,met-d-S_VLDL_CE,rs7202323
16,-0.132278,met-d-S_VLDL_CE,rs247616
16,0.044611,met-d-S_VLDL_CE,rs3794695
17,0.027974,met-d-S_VLDL_CE,rs56325564
17,0.0519514,met-d-S_VLDL_CE,rs112001035
17,0.134089,met-d-S_VLDL_CE,rs77542162
17,-0.0441525,met-d-S_VLDL_CE,rs72631343
19,-0.209707,met-d-S_VLDL_CE,rs1065853
19,-0.0646974,met-d-S_VLDL_CE,rs28807203
19,0.0287617,met-d-S_VLDL_CE,rs10410835
19,-0.134865,met-d-S_VLDL_CE,rs12151108
19,0.127802,met-d-S_VLDL_CE,rs115881343
19,0.0339728,met-d-S_VLDL_CE,rs2738447
19,-0.100629,met-d-S_VLDL_CE,rs58542926
20,0.120405,met-d-S_VLDL_CE,rs1883711
20,0.0727025,met-d-S_VLDL_CE,rs73078112
20,-0.0402189,met-d-S_VLDL_CE,rs4810479
21,0.0224219,met-d-S_VLDL_CE,rs2836969
22,0.0248749,met-d-S_VLDL_CE,rs9616847
