chr,beta,id,snp
1,0.0438976,met-d-XXL_VLDL_CE,rs59484402
1,0.0820324,met-d-XXL_VLDL_CE,rs79439217
1,0.0937363,met-d-XXL_VLDL_CE,rs79598313
2,-0.0893342,met-d-XXL_VLDL_CE,rs1260326
2,-0.0235543,met-d-XXL_VLDL_CE,rs1510606
2,-0.0492092,met-d-XXL_VLDL_CE,rs13389219
2,0.0374158,met-d-XXL_VLDL_CE,rs2943635
2,0.105616,met-d-XXL_VLDL_CE,rs2678379
3,0.0397213,met-d-XXL_VLDL_CE,rs684773
4,-0.0294481,met-d-XXL_VLDL_CE,rs13108218
4,0.0229984,met-d-XXL_VLDL_CE,rs4698315
4,-0.0269803,met-d-XXL_VLDL_CE,rs4491981
4,-0.0381102,met-d-XXL_VLDL_CE,rs2035816
4,0.0334792,met-d-XXL_VLDL_CE,rs1471251
5,-0.0286732,met-d-XXL_VLDL_CE,rs13186403
5,-0.0526262,met-d-XXL_VLDL_CE,rs11429307
5,0.038135,met-d-XXL_VLDL_CE,rs4704834
6,0.0265477,met-d-XXL_VLDL_CE,rs998584
6,0.0275554,met-d-XXL_VLDL_CE,rs28752924
6,0.0703782,met-d-XXL_VLDL_CE,rs74434374
6,0.0358126,met-d-XXL_VLDL_CE,rs28383314
6,-0.0854457,met-d-XXL_VLDL_CE,rs184089815
6,-0.213565,met-d-XXL_VLDL_CE,rs10455872
6,-0.0362302,met-d-XXL_VLDL_CE,rs3127580
6,0.0300902,met-d-XXL_VLDL_CE,rs2186037
6,-0.0333304,met-d-XXL_VLDL_CE,rs632057
6,-0.0929052,met-d-XXL_VLDL_CE,rs146534110
6,-0.341773,met-d-XXL_VLDL_CE,rs117733303
6,-0.106442,met-d-XXL_VLDL_CE,rs73596816
6,0.0569713,met-d-XXL_VLDL_CE,rs111909590
7,0.028183,met-d-XXL_VLDL_CE,rs6971365
7,-0.027955,met-d-XXL_VLDL_CE,rs56001710
7,0.0691489,met-d-XXL_VLDL_CE,rs72555385
7,-0.108063,met-d-XXL_VLDL_CE,rs34060476
8,-0.0830427,met-d-XXL_VLDL_CE,rs28601761
8,-0.192145,met-d-XXL_VLDL_CE,rs328
8,0.0332037,met-d-XXL_VLDL_CE,rs13265201
8,-0.0637493,met-d-XXL_VLDL_CE,rs1561748
8,-0.0256435,met-d-XXL_VLDL_CE,rs2081687
8,0.0333262,met-d-XXL_VLDL_CE,rs3860847
10,-0.0337552,met-d-XXL_VLDL_CE,rs10761752
10,-0.0267781,met-d-XXL_VLDL_CE,rs2478236
11,0.0735406,met-d-XXL_VLDL_CE,rs174576
11,0.0254252,met-d-XXL_VLDL_CE,rs2915400
11,-0.213707,met-d-XXL_VLDL_CE,rs964184
11,0.277602,met-d-XXL_VLDL_CE,rs144018203
11,-0.259404,met-d-XXL_VLDL_CE,rs1047964
12,-0.0300432,met-d-XXL_VLDL_CE,rs2122982
12,-0.0290861,met-d-XXL_VLDL_CE,rs7133378
13,0.0278704,met-d-XXL_VLDL_CE,rs2275647
13,0.0290446,met-d-XXL_VLDL_CE,rs7140110
15,0.128419,met-d-XXL_VLDL_CE,rs139974673
15,0.0320379,met-d-XXL_VLDL_CE,rs2680888
16,-0.0667193,met-d-XXL_VLDL_CE,rs247616
16,-0.0297662,met-d-XXL_VLDL_CE,rs2925979
16,-0.0286022,met-d-XXL_VLDL_CE,rs11644601
17,-0.0914446,met-d-XXL_VLDL_CE,rs1801689
17,0.0525514,met-d-XXL_VLDL_CE,rs9889584
17,0.0500213,met-d-XXL_VLDL_CE,rs75634664
17,0.118833,met-d-XXL_VLDL_CE,rs72836561
19,-0.102917,met-d-XXL_VLDL_CE,rs8107974
19,-0.054401,met-d-XXL_VLDL_CE,rs57192995
19,-0.113605,met-d-XXL_VLDL_CE,rs182611493
19,0.154619,met-d-XXL_VLDL_CE,rs7412
19,0.0222312,met-d-XXL_VLDL_CE,rs11878597
19,-0.224313,met-d-XXL_VLDL_CE,rs116843064
19,0.0429124,met-d-XXL_VLDL_CE,rs56290633
20,0.0809663,met-d-XXL_VLDL_CE,rs1883711
20,-0.0284676,met-d-XXL_VLDL_CE,rs4810479
