chr,beta,id,snp
1,0.0207417,met-d-L_HDL_CE,rs10913592
1,0.0304206,met-d-L_HDL_CE,rs2642438
1,-0.0331893,met-d-L_HDL_CE,rs61781392
1,0.0428593,met-d-L_HDL_CE,rs11122450
1,-0.0917526,met-d-L_HDL_CE,rs79598313
1,-0.0336093,met-d-L_HDL_CE,rs6694102
1,-0.0238506,met-d-L_HDL_CE,rs5082
1,-0.030208,met-d-L_HDL_CE,rs333947
2,-0.0651789,met-d-L_HDL_CE,rs78058190
2,0.0247593,met-d-L_HDL_CE,rs59104589
2,0.0408366,met-d-L_HDL_CE,rs1260326
2,0.0578104,met-d-L_HDL_CE,rs673548
2,-0.043541,met-d-L_HDL_CE,rs1024137
2,0.0404757,met-d-L_HDL_CE,rs13389219
3,-0.0304761,met-d-L_HDL_CE,rs57912727
3,-0.0959086,met-d-L_HDL_CE,rs11922042
3,-0.0427593,met-d-L_HDL_CE,rs9844972
4,0.0223134,met-d-L_HDL_CE,rs2197186
4,-0.0672378,met-d-L_HDL_CE,rs13107325
4,0.0222234,met-d-L_HDL_CE,rs12510382
4,-0.023622,met-d-L_HDL_CE,rs13118477
4,-0.0204341,met-d-L_HDL_CE,rs1471251
4,-0.0240865,met-d-L_HDL_CE,rs1139490
5,0.0269135,met-d-L_HDL_CE,rs2307111
5,0.0501461,met-d-L_HDL_CE,rs11429307
6,-0.0301375,met-d-L_HDL_CE,rs9491697
6,-0.0381185,met-d-L_HDL_CE,rs998584
6,-0.0603957,met-d-L_HDL_CE,rs147627829
6,0.0236611,met-d-L_HDL_CE,rs72934503
6,-0.06113,met-d-L_HDL_CE,rs191555775
6,0.0243025,met-d-L_HDL_CE,rs17585887
6,-0.0277962,met-d-L_HDL_CE,rs9265113
6,-0.0228375,met-d-L_HDL_CE,rs13191810
7,0.0739674,met-d-L_HDL_CE,rs34062580
7,-0.036943,met-d-L_HDL_CE,rs111432585
7,-0.0311636,met-d-L_HDL_CE,rs9769088
7,-0.0343198,met-d-L_HDL_CE,rs7810507
7,-0.0232242,met-d-L_HDL_CE,rs705379
8,0.0239521,met-d-L_HDL_CE,rs6993128
8,0.0433688,met-d-L_HDL_CE,rs28601761
8,0.0348585,met-d-L_HDL_CE,rs7012814
8,-0.0419221,met-d-L_HDL_CE,rs71205961
8,-0.0258122,met-d-L_HDL_CE,rs7009450
8,0.149858,met-d-L_HDL_CE,rs145391587
8,0.0560504,met-d-L_HDL_CE,rs1561748
8,0.0256891,met-d-L_HDL_CE,rs2737205
8,-0.0330074,met-d-L_HDL_CE,rs11786900
9,0.0379847,met-d-L_HDL_CE,rs11789603
9,-0.0207975,met-d-L_HDL_CE,rs10958982
9,-0.035746,met-d-L_HDL_CE,rs2740488
9,0.0295096,met-d-L_HDL_CE,rs2066714
9,0.0474464,met-d-L_HDL_CE,rs1215112
9,0.0204607,met-d-L_HDL_CE,rs7037849
10,0.0300493,met-d-L_HDL_CE,rs61854123
10,0.0213595,met-d-L_HDL_CE,rs7924036
10,-0.0362574,met-d-L_HDL_CE,rs2803619
10,0.0285642,met-d-L_HDL_CE,rs4418728
10,-0.0313404,met-d-L_HDL_CE,rs60847460
10,-0.0183972,met-d-L_HDL_CE,rs7475340
11,0.116756,met-d-L_HDL_CE,rs964184
11,-0.168928,met-d-L_HDL_CE,rs144018203
11,0.0257093,met-d-L_HDL_CE,rs4922787
11,0.041258,met-d-L_HDL_CE,rs10769254
11,-0.024218,met-d-L_HDL_CE,rs141949189
11,0.226872,met-d-L_HDL_CE,rs1047964
11,-0.0296024,met-d-L_HDL_CE,rs559355
11,-0.0415805,met-d-L_HDL_CE,rs2302263
11,-0.0788406,met-d-L_HDL_CE,rs174576
11,-0.0438813,met-d-L_HDL_CE,rs200644264
12,0.0324631,met-d-L_HDL_CE,rs1054852
12,0.0224887,met-d-L_HDL_CE,rs7308864
12,0.0313427,met-d-L_HDL_CE,rs2229357
12,0.0275341,met-d-L_HDL_CE,rs10846606
12,0.0285619,met-d-L_HDL_CE,rs492699
12,-0.0205793,met-d-L_HDL_CE,rs11065991
12,-0.0428642,met-d-L_HDL_CE,rs921919
12,0.0294762,met-d-L_HDL_CE,rs11045171
12,0.0239943,met-d-L_HDL_CE,rs12369443
12,0.0371147,met-d-L_HDL_CE,rs36226283
15,-0.131844,met-d-L_HDL_CE,rs488490
15,-0.0957173,met-d-L_HDL_CE,rs190543502
15,-0.0226657,met-d-L_HDL_CE,rs2925339
15,0.134505,met-d-L_HDL_CE,rs10468017
15,-0.0553306,met-d-L_HDL_CE,rs1560390
16,0.0392927,met-d-L_HDL_CE,rs2925979
16,0.0293189,met-d-L_HDL_CE,rs11075253
16,0.216501,met-d-L_HDL_CE,rs3764261
16,-0.083884,met-d-L_HDL_CE,rs75714888
16,-0.0245393,met-d-L_HDL_CE,rs8058512
16,-0.148959,met-d-L_HDL_CE,rs75911530
16,-0.0925886,met-d-L_HDL_CE,rs4986970
16,0.0749605,met-d-L_HDL_CE,rs55779455
17,-0.0410013,met-d-L_HDL_CE,rs12103674
17,0.0309814,met-d-L_HDL_CE,rs1006656
17,0.0220046,met-d-L_HDL_CE,rs4795386
17,-0.144424,met-d-L_HDL_CE,rs72836561
17,-0.0482714,met-d-L_HDL_CE,rs112001035
17,0.0258111,met-d-L_HDL_CE,rs55714927
18,-0.0244683,met-d-L_HDL_CE,rs688671
18,0.180961,met-d-L_HDL_CE,rs77960347
18,0.0512642,met-d-L_HDL_CE,rs7241918
18,0.0594935,met-d-L_HDL_CE,rs9955201
19,-0.04212,met-d-L_HDL_CE,rs75627662
19,-0.0452959,met-d-L_HDL_CE,rs737337
19,0.0241955,met-d-L_HDL_CE,rs759819
19,0.210102,met-d-L_HDL_CE,rs116843064
19,0.0392169,met-d-L_HDL_CE,rs5167
20,-0.161872,met-d-L_HDL_CE,rs6073958
20,0.0269659,met-d-L_HDL_CE,rs4812994
20,0.032892,met-d-L_HDL_CE,rs6018653
20,0.0220749,met-d-L_HDL_CE,rs13217
22,0.0260194,met-d-L_HDL_CE,rs390387
