chr,beta,id,snp
1,-0.0295054,met-d-XS_VLDL_C,rs2495477
1,0.0859369,met-d-XS_VLDL_C,rs11206517
1,0.0295569,met-d-XS_VLDL_C,rs2642438
1,-0.0831842,met-d-XS_VLDL_C,rs12740374
1,0.0243295,met-d-XS_VLDL_C,rs822928
1,0.0235334,met-d-XS_VLDL_C,rs1293261
1,-0.313688,met-d-XS_VLDL_C,rs11591147
1,0.0481817,met-d-XS_VLDL_C,rs7534572
2,-0.0216026,met-d-XS_VLDL_C,rs13010903
2,-0.0330057,met-d-XS_VLDL_C,rs140798831
2,0.023788,met-d-XS_VLDL_C,rs2539980
2,-0.0442773,met-d-XS_VLDL_C,rs4299376
2,0.103018,met-d-XS_VLDL_C,rs562338
3,-0.0323475,met-d-XS_VLDL_C,rs61791721
3,-0.0250893,met-d-XS_VLDL_C,rs13076933
4,0.0309357,met-d-XS_VLDL_C,rs4860948
5,0.0562619,met-d-XS_VLDL_C,rs3843482
5,0.0381331,met-d-XS_VLDL_C,rs7707394
5,-0.0217149,met-d-XS_VLDL_C,rs1500188
5,0.0385639,met-d-XS_VLDL_C,rs4704834
6,0.0446171,met-d-XS_VLDL_C,rs72848251
6,0.037088,met-d-XS_VLDL_C,rs11753995
6,0.0624535,met-d-XS_VLDL_C,rs12208357
7,-0.0344946,met-d-XS_VLDL_C,rs10282584
7,0.0321107,met-d-XS_VLDL_C,rs10260606
7,0.0206672,met-d-XS_VLDL_C,rs1635852
7,-0.0248558,met-d-XS_VLDL_C,rs150169808
8,-0.0586953,met-d-XS_VLDL_C,rs112875651
8,-0.0312409,met-d-XS_VLDL_C,rs2737245
8,-0.0239837,met-d-XS_VLDL_C,rs4738679
9,0.0581205,met-d-XS_VLDL_C,rs115478735
10,-0.0274571,met-d-XS_VLDL_C,rs2792735
10,0.0216794,met-d-XS_VLDL_C,rs2393986
11,0.054245,met-d-XS_VLDL_C,rs112819436
11,0.0498987,met-d-XS_VLDL_C,rs11601507
11,-0.0695761,met-d-XS_VLDL_C,rs102274
12,-0.0410152,met-d-XS_VLDL_C,rs2393775
12,-0.023302,met-d-XS_VLDL_C,rs2141247
12,0.0234902,met-d-XS_VLDL_C,rs653178
13,-0.0252096,met-d-XS_VLDL_C,rs61946991
15,-0.17315,met-d-XS_VLDL_C,rs261290
15,0.128152,met-d-XS_VLDL_C,rs633695
15,0.0390456,met-d-XS_VLDL_C,rs261274
16,0.0299865,met-d-XS_VLDL_C,rs56015824
16,-0.0763285,met-d-XS_VLDL_C,rs247616
16,-0.0410048,met-d-XS_VLDL_C,rs9302635
17,0.0277005,met-d-XS_VLDL_C,rs56325564
17,0.179557,met-d-XS_VLDL_C,rs77542162
17,-0.0436518,met-d-XS_VLDL_C,rs72631343
17,0.0799059,met-d-XS_VLDL_C,rs75003668
18,0.0344735,met-d-XS_VLDL_C,rs7241918
18,0.148268,met-d-XS_VLDL_C,rs77960347
19,-0.0873533,met-d-XS_VLDL_C,rs8107974
19,-0.33698,met-d-XS_VLDL_C,rs1065853
19,0.099662,met-d-XS_VLDL_C,rs118170342
19,-0.0764672,met-d-XS_VLDL_C,rs62115478
19,-0.153713,met-d-XS_VLDL_C,rs12151108
19,0.0321574,met-d-XS_VLDL_C,rs2738447
19,0.0296002,met-d-XS_VLDL_C,rs439523
19,-0.0903409,met-d-XS_VLDL_C,rs74747585
20,-0.0281455,met-d-XS_VLDL_C,rs6102034
20,-0.0668496,met-d-XS_VLDL_C,rs1057208
20,-0.0241721,met-d-XS_VLDL_C,rs2618566
22,0.0240099,met-d-XS_VLDL_C,rs9616847
