chr,beta,id,snp
1,-0.0446006,met-d-XL_HDL_CE,rs12740374
1,0.0192366,met-d-XL_HDL_CE,rs72660960
1,-0.0200127,met-d-XL_HDL_CE,rs6681348
1,-0.037677,met-d-XL_HDL_CE,rs5082
1,0.0273588,met-d-XL_HDL_CE,rs2642438
1,0.0218478,met-d-XL_HDL_CE,rs79094524
1,-0.118896,met-d-XL_HDL_CE,rs11591147
1,-0.029929,met-d-XL_HDL_CE,rs59484402
1,-0.0303954,met-d-XL_HDL_CE,rs6694102
2,-0.045047,met-d-XL_HDL_CE,rs114938914
2,-0.0404761,met-d-XL_HDL_CE,rs2943654
2,0.0549867,met-d-XL_HDL_CE,rs1260326
2,-0.0555491,met-d-XL_HDL_CE,rs34722314
2,0.0381776,met-d-XL_HDL_CE,rs13389219
2,-0.0594699,met-d-XL_HDL_CE,rs78058190
2,0.0237118,met-d-XL_HDL_CE,rs59104589
2,-0.0427776,met-d-XL_HDL_CE,rs72948328
3,-0.0223426,met-d-XL_HDL_CE,rs10935473
3,-0.0306639,met-d-XL_HDL_CE,rs57912727
3,-0.110089,met-d-XL_HDL_CE,rs11922042
3,-0.043001,met-d-XL_HDL_CE,rs9844972
3,-0.0202068,met-d-XL_HDL_CE,rs9815930
4,-0.0238079,met-d-XL_HDL_CE,rs13118477
4,0.0255213,met-d-XL_HDL_CE,rs4699716
4,-0.0568993,met-d-XL_HDL_CE,rs13107325
4,-0.0238275,met-d-XL_HDL_CE,rs10937924
5,0.0337792,met-d-XL_HDL_CE,rs6864091
5,0.0470091,met-d-XL_HDL_CE,rs11429307
5,0.0223368,met-d-XL_HDL_CE,rs7707394
6,-0.0351337,met-d-XL_HDL_CE,rs998584
6,0.0247038,met-d-XL_HDL_CE,rs72934503
6,-0.0250007,met-d-XL_HDL_CE,rs28752520
6,-0.061355,met-d-XL_HDL_CE,rs191555775
6,-0.0598216,met-d-XL_HDL_CE,rs72959041
6,-0.0266605,met-d-XL_HDL_CE,rs2507993
6,-0.0432433,met-d-XL_HDL_CE,rs114563403
6,0.0233511,met-d-XL_HDL_CE,rs17585887
7,0.0831328,met-d-XL_HDL_CE,rs34062580
7,-0.0210258,met-d-XL_HDL_CE,rs236651
7,-0.0338301,met-d-XL_HDL_CE,rs9769088
7,-0.0259951,met-d-XL_HDL_CE,rs705379
7,-0.0414232,met-d-XL_HDL_CE,rs111432585
7,0.0187127,met-d-XL_HDL_CE,rs56001710
7,-0.027841,met-d-XL_HDL_CE,rs7810507
7,0.0248752,met-d-XL_HDL_CE,rs849336
8,0.0457768,met-d-XL_HDL_CE,rs1561748
8,0.0358913,met-d-XL_HDL_CE,rs2954029
8,0.119834,met-d-XL_HDL_CE,rs145391587
8,0.0296178,met-d-XL_HDL_CE,rs7012814
9,0.0206488,met-d-XL_HDL_CE,rs7037849
9,-0.0324993,met-d-XL_HDL_CE,rs2740488
9,0.0468662,met-d-XL_HDL_CE,rs1215112
10,-0.0321372,met-d-XL_HDL_CE,rs2803619
10,0.0242597,met-d-XL_HDL_CE,rs2242332
10,0.0269407,met-d-XL_HDL_CE,rs2068888
10,0.0235841,met-d-XL_HDL_CE,rs7924036
10,0.031408,met-d-XL_HDL_CE,rs10786114
11,0.217491,met-d-XL_HDL_CE,rs1047964
11,-0.0383468,met-d-XL_HDL_CE,rs113012334
11,-0.0575143,met-d-XL_HDL_CE,rs12294913
11,-0.126071,met-d-XL_HDL_CE,rs141469619
11,0.025716,met-d-XL_HDL_CE,rs112396965
11,0.0978241,met-d-XL_HDL_CE,rs35473591
11,-0.0231292,met-d-XL_HDL_CE,rs1177562
11,-0.0224938,met-d-XL_HDL_CE,rs10750766
11,0.108555,met-d-XL_HDL_CE,rs964184
12,0.0356353,met-d-XL_HDL_CE,rs36226283
12,0.0334625,met-d-XL_HDL_CE,rs3922628
12,0.0255373,met-d-XL_HDL_CE,rs10846606
12,0.0262778,met-d-XL_HDL_CE,rs4760259
12,0.026114,met-d-XL_HDL_CE,rs11048457
12,0.0235078,met-d-XL_HDL_CE,rs653178
12,-0.0382257,met-d-XL_HDL_CE,rs921919
15,0.16102,met-d-XL_HDL_CE,rs2070895
15,0.0720098,met-d-XL_HDL_CE,rs6078
15,-0.0313642,met-d-XL_HDL_CE,rs77732800
15,-0.0838425,met-d-XL_HDL_CE,rs190543502
15,-0.0504322,met-d-XL_HDL_CE,rs77516617
15,-0.134012,met-d-XL_HDL_CE,rs2043085
16,-0.115629,met-d-XL_HDL_CE,rs75911530
16,0.0349077,met-d-XL_HDL_CE,rs2925979
16,0.0326675,met-d-XL_HDL_CE,rs11075253
16,0.0846875,met-d-XL_HDL_CE,rs8044652
16,-0.0268933,met-d-XL_HDL_CE,rs79134392
16,0.190264,met-d-XL_HDL_CE,rs3764261
16,-0.0774805,met-d-XL_HDL_CE,rs75714888
16,0.0469126,met-d-XL_HDL_CE,rs17369578
17,0.0273524,met-d-XL_HDL_CE,rs55714927
17,0.0219985,met-d-XL_HDL_CE,rs4795386
17,0.0271423,met-d-XL_HDL_CE,rs2909211
17,-0.11448,met-d-XL_HDL_CE,rs72836561
18,0.0282592,met-d-XL_HDL_CE,rs7241918
18,-0.0230215,met-d-XL_HDL_CE,rs1457489
18,0.117148,met-d-XL_HDL_CE,rs77960347
19,0.0581335,met-d-XL_HDL_CE,rs150966173
19,0.0219531,met-d-XL_HDL_CE,rs2927468
19,-0.0386971,met-d-XL_HDL_CE,rs17242381
19,-0.0478043,met-d-XL_HDL_CE,rs28807203
19,-0.223403,met-d-XL_HDL_CE,rs1065853
19,0.181488,met-d-XL_HDL_CE,rs116843064
20,-0.0227737,met-d-XL_HDL_CE,rs2618566
20,0.0584271,met-d-XL_HDL_CE,rs187459727
20,0.0258491,met-d-XL_HDL_CE,rs3092498
20,-0.202753,met-d-XL_HDL_CE,rs1057208
20,-0.068772,met-d-XL_HDL_CE,rs76070947
20,-0.0879186,met-d-XL_HDL_CE,rs190148453
