chr,beta,id,snp
1,-0.316218,met-d-XS_VLDL_CE,rs11591147
1,0.0442488,met-d-XS_VLDL_CE,rs7534572
1,0.0869793,met-d-XS_VLDL_CE,rs11206517
1,0.0330453,met-d-XS_VLDL_CE,rs2642438
1,0.0233646,met-d-XS_VLDL_CE,rs1293261
1,0.0231687,met-d-XS_VLDL_CE,rs496654
1,-0.080659,met-d-XS_VLDL_CE,rs12740374
1,-0.0303818,met-d-XS_VLDL_CE,rs2495477
2,0.0232825,met-d-XS_VLDL_CE,rs2539980
2,-0.0291563,met-d-XS_VLDL_CE,rs140798831
2,-0.0455983,met-d-XS_VLDL_CE,rs4299376
2,-0.0218269,met-d-XS_VLDL_CE,rs13010903
2,0.100497,met-d-XS_VLDL_CE,rs562338
3,-0.027888,met-d-XS_VLDL_CE,rs61791721
4,0.027933,met-d-XS_VLDL_CE,rs35088884
5,-0.0225593,met-d-XS_VLDL_CE,rs1500188
5,0.0568294,met-d-XS_VLDL_CE,rs3843482
5,0.0391659,met-d-XS_VLDL_CE,rs7707394
5,0.0350442,met-d-XS_VLDL_CE,rs4704834
6,0.0340119,met-d-XS_VLDL_CE,rs28743711
6,0.045308,met-d-XS_VLDL_CE,rs71542467
6,-0.0383288,met-d-XS_VLDL_CE,rs3798167
7,-0.0350826,met-d-XS_VLDL_CE,rs10282584
7,0.0416386,met-d-XS_VLDL_CE,rs12056034
7,0.0319582,met-d-XS_VLDL_CE,rs10260606
7,0.0217335,met-d-XS_VLDL_CE,rs1635852
8,-0.0222801,met-d-XS_VLDL_CE,rs4738679
8,-0.0515237,met-d-XS_VLDL_CE,rs112875651
8,-0.0291891,met-d-XS_VLDL_CE,rs2737245
9,0.0588338,met-d-XS_VLDL_CE,rs115478735
10,-0.0313126,met-d-XS_VLDL_CE,rs2792735
10,0.0265659,met-d-XS_VLDL_CE,rs10822145
11,0.0523893,met-d-XS_VLDL_CE,rs112819436
11,-0.0733725,met-d-XS_VLDL_CE,rs102274
11,0.0488832,met-d-XS_VLDL_CE,rs11601507
12,0.0247032,met-d-XS_VLDL_CE,rs653178
12,-0.0224146,met-d-XS_VLDL_CE,rs2141247
12,-0.0403349,met-d-XS_VLDL_CE,rs2393775
13,-0.0246253,met-d-XS_VLDL_CE,rs61946991
15,-0.16267,met-d-XS_VLDL_CE,rs261290
15,0.0375107,met-d-XS_VLDL_CE,rs261274
15,0.120352,met-d-XS_VLDL_CE,rs633695
16,0.0316314,met-d-XS_VLDL_CE,rs56015824
16,-0.0719813,met-d-XS_VLDL_CE,rs247616
16,-0.0384815,met-d-XS_VLDL_CE,rs9302635
17,0.0840862,met-d-XS_VLDL_CE,rs1801689
17,0.026662,met-d-XS_VLDL_CE,rs4794048
17,-0.0704899,met-d-XS_VLDL_CE,rs72836561
17,-0.0426271,met-d-XS_VLDL_CE,rs72631343
17,0.18155,met-d-XS_VLDL_CE,rs77542162
18,0.0372258,met-d-XS_VLDL_CE,rs7241918
18,0.158398,met-d-XS_VLDL_CE,rs77960347
19,-0.367394,met-d-XS_VLDL_CE,rs1065853
19,0.0314787,met-d-XS_VLDL_CE,rs2738447
19,-0.154129,met-d-XS_VLDL_CE,rs12151108
19,0.0374557,met-d-XS_VLDL_CE,rs10410835
19,-0.0932338,met-d-XS_VLDL_CE,rs28807203
19,-0.0825519,met-d-XS_VLDL_CE,rs8107974
19,0.117043,met-d-XS_VLDL_CE,rs140480140
19,-0.0836862,met-d-XS_VLDL_CE,rs111278137
20,-0.0247998,met-d-XS_VLDL_CE,rs2618566
20,-0.0745788,met-d-XS_VLDL_CE,rs1057208
20,-0.026572,met-d-XS_VLDL_CE,rs6102034
