chr,beta,id,snp
1,-0.0529547,met-d-XL_VLDL_CE_pct,rs12740374
1,-0.0460203,met-d-XL_VLDL_CE_pct,rs7534572
1,-0.203142,met-d-XL_VLDL_CE_pct,rs11591147
1,-0.0323596,met-d-XL_VLDL_CE_pct,rs59484402
1,-0.0852972,met-d-XL_VLDL_CE_pct,rs79598313
2,-0.0443747,met-d-XL_VLDL_CE_pct,rs1515098
2,0.0747285,met-d-XL_VLDL_CE_pct,rs1260326
2,0.0518819,met-d-XL_VLDL_CE_pct,rs481069
2,0.0272006,met-d-XL_VLDL_CE_pct,rs11688682
2,-0.0263466,met-d-XL_VLDL_CE_pct,rs6718952
2,0.0393931,met-d-XL_VLDL_CE_pct,rs13389219
2,-0.0277646,met-d-XL_VLDL_CE_pct,rs3820897
3,0.0331918,met-d-XL_VLDL_CE_pct,rs1899951
3,-0.0418921,met-d-XL_VLDL_CE_pct,rs9844972
4,-0.0229531,met-d-XL_VLDL_CE_pct,rs10020067
4,0.0248689,met-d-XL_VLDL_CE_pct,rs6855981
5,-0.0457545,met-d-XL_VLDL_CE_pct,rs9687846
5,0.0263725,met-d-XL_VLDL_CE_pct,rs79225634
6,0.2348,met-d-XL_VLDL_CE_pct,rs10455872
6,0.320345,met-d-XL_VLDL_CE_pct,rs117733303
6,0.116152,met-d-XL_VLDL_CE_pct,rs73596816
6,-0.0343652,met-d-XL_VLDL_CE_pct,rs3129774
6,0.126677,met-d-XL_VLDL_CE_pct,rs146534110
6,0.0596549,met-d-XL_VLDL_CE_pct,rs3127580
6,-0.0291154,met-d-XL_VLDL_CE_pct,rs1885659
6,-0.074321,met-d-XL_VLDL_CE_pct,rs150960004
6,0.0257765,met-d-XL_VLDL_CE_pct,rs632057
6,-0.0265678,met-d-XL_VLDL_CE_pct,rs12179053
6,-0.0912696,met-d-XL_VLDL_CE_pct,rs74515649
6,-0.0244112,met-d-XL_VLDL_CE_pct,rs2800710
6,-0.0446529,met-d-XL_VLDL_CE_pct,rs116009877
6,-0.0622629,met-d-XL_VLDL_CE_pct,rs1247304
7,0.0509406,met-d-XL_VLDL_CE_pct,rs4722551
7,-0.0438143,met-d-XL_VLDL_CE_pct,rs111432585
7,-0.0244077,met-d-XL_VLDL_CE_pct,rs9769088
7,0.0232139,met-d-XL_VLDL_CE_pct,rs13241165
7,0.108291,met-d-XL_VLDL_CE_pct,rs34062580
8,0.141835,met-d-XL_VLDL_CE_pct,rs328
8,-0.0338475,met-d-XL_VLDL_CE_pct,rs34171564
8,-0.0240023,met-d-XL_VLDL_CE_pct,rs4871624
8,0.0487696,met-d-XL_VLDL_CE_pct,rs4336630
8,0.0513254,met-d-XL_VLDL_CE_pct,rs1561748
8,0.0240944,met-d-XL_VLDL_CE_pct,rs75355811
8,-0.061736,met-d-XL_VLDL_CE_pct,rs72647336
9,0.0626107,met-d-XL_VLDL_CE_pct,rs2519093
9,-0.0274989,met-d-XL_VLDL_CE_pct,rs57994353
10,-0.0418773,met-d-XL_VLDL_CE_pct,rs7091593
10,0.0386505,met-d-XL_VLDL_CE_pct,rs10822168
11,-0.0577452,met-d-XL_VLDL_CE_pct,rs2229738
11,0.146253,met-d-XL_VLDL_CE_pct,rs964184
11,-0.0614679,met-d-XL_VLDL_CE_pct,rs174554
11,0.178459,met-d-XL_VLDL_CE_pct,rs1047964
11,-0.0435688,met-d-XL_VLDL_CE_pct,rs2302263
11,0.0275214,met-d-XL_VLDL_CE_pct,rs12419237
11,-0.0278916,met-d-XL_VLDL_CE_pct,rs12419462
11,-0.21066,met-d-XL_VLDL_CE_pct,rs144018203
12,-0.0221688,met-d-XL_VLDL_CE_pct,rs6606725
12,0.039798,met-d-XL_VLDL_CE_pct,rs12426505
12,0.044718,met-d-XL_VLDL_CE_pct,rs77365023
12,0.0224606,met-d-XL_VLDL_CE_pct,rs10773049
15,0.0443499,met-d-XL_VLDL_CE_pct,rs1077834
15,-0.0344766,met-d-XL_VLDL_CE_pct,rs1601935
15,-0.121368,met-d-XL_VLDL_CE_pct,rs150844304
16,-0.0302527,met-d-XL_VLDL_CE_pct,rs8059755
16,-0.060236,met-d-XL_VLDL_CE_pct,rs183130
16,0.0311571,met-d-XL_VLDL_CE_pct,rs2925979
17,0.111794,met-d-XL_VLDL_CE_pct,rs77542162
17,0.141281,met-d-XL_VLDL_CE_pct,rs1801689
17,-0.0505873,met-d-XL_VLDL_CE_pct,rs111351217
17,-0.0994374,met-d-XL_VLDL_CE_pct,rs72836561
19,0.178835,met-d-XL_VLDL_CE_pct,rs116843064
19,-0.0583297,met-d-XL_VLDL_CE_pct,rs141820146
19,-0.0334294,met-d-XL_VLDL_CE_pct,rs8103923
19,-0.285854,met-d-XL_VLDL_CE_pct,rs1065853
19,0.0940398,met-d-XL_VLDL_CE_pct,rs147711004
19,-0.073813,met-d-XL_VLDL_CE_pct,rs28807203
20,-0.0281878,met-d-XL_VLDL_CE_pct,rs2618566
20,-0.0940201,met-d-XL_VLDL_CE_pct,rs144033177
