chr,beta,id,snp
1,-0.0823232,met-d-M_HDL_FC_pct,rs11591147
1,0.0361498,met-d-M_HDL_FC_pct,rs2642438
1,-0.0357514,met-d-M_HDL_FC_pct,rs3768321
1,-0.0317114,met-d-M_HDL_FC_pct,rs12740374
1,-0.02722,met-d-M_HDL_FC_pct,rs6694102
1,0.0391463,met-d-M_HDL_FC_pct,rs4846921
2,-0.0608552,met-d-M_HDL_FC_pct,rs78058190
2,0.0629449,met-d-M_HDL_FC_pct,rs673548
2,0.0331738,met-d-M_HDL_FC_pct,rs13389219
2,-0.0234181,met-d-M_HDL_FC_pct,rs35633876
2,-0.0382504,met-d-M_HDL_FC_pct,rs2943650
2,0.0305497,met-d-M_HDL_FC_pct,rs1848922
2,-0.0219952,met-d-M_HDL_FC_pct,rs4988235
2,0.0192134,met-d-M_HDL_FC_pct,rs59104589
3,-0.0300556,met-d-M_HDL_FC_pct,rs57912727
4,0.0265926,met-d-M_HDL_FC_pct,rs4860987
4,0.0203458,met-d-M_HDL_FC_pct,rs12510382
4,-0.0714963,met-d-M_HDL_FC_pct,rs13107325
5,0.0331456,met-d-M_HDL_FC_pct,rs2307111
5,0.0373581,met-d-M_HDL_FC_pct,rs11429307
5,0.0220067,met-d-M_HDL_FC_pct,rs7707394
6,-0.0307643,met-d-M_HDL_FC_pct,rs2744973
6,-0.025276,met-d-M_HDL_FC_pct,rs6905288
6,-0.060758,met-d-M_HDL_FC_pct,rs11751347
6,-0.027709,met-d-M_HDL_FC_pct,rs9265620
6,-0.0225562,met-d-M_HDL_FC_pct,rs4318902
6,-0.0517594,met-d-M_HDL_FC_pct,rs77136196
7,-0.0203099,met-d-M_HDL_FC_pct,rs705379
7,-0.03167,met-d-M_HDL_FC_pct,rs9769088
7,-0.0234583,met-d-M_HDL_FC_pct,rs7810507
7,0.0495839,met-d-M_HDL_FC_pct,rs34062580
8,0.0760004,met-d-M_HDL_FC_pct,rs2169387
8,0.139736,met-d-M_HDL_FC_pct,rs328
8,0.0266821,met-d-M_HDL_FC_pct,rs2245221
8,-0.0224955,met-d-M_HDL_FC_pct,rs17729883
8,0.0552175,met-d-M_HDL_FC_pct,rs1561748
9,-0.0494172,met-d-M_HDL_FC_pct,rs2740488
9,0.0582686,met-d-M_HDL_FC_pct,rs11789603
9,-0.064538,met-d-M_HDL_FC_pct,rs2297402
9,0.0615781,met-d-M_HDL_FC_pct,rs686030
9,0.0369198,met-d-M_HDL_FC_pct,rs2066714
10,-0.0314013,met-d-M_HDL_FC_pct,rs148063610
10,-0.0401895,met-d-M_HDL_FC_pct,rs2792735
10,0.0222287,met-d-M_HDL_FC_pct,rs7924036
10,-0.0324697,met-d-M_HDL_FC_pct,rs60847460
11,-0.149993,met-d-M_HDL_FC_pct,rs144018203
11,0.210337,met-d-M_HDL_FC_pct,rs1047964
11,-0.0365696,met-d-M_HDL_FC_pct,rs559355
11,0.060458,met-d-M_HDL_FC_pct,rs116978226
11,0.0835712,met-d-M_HDL_FC_pct,rs964184
11,-0.103477,met-d-M_HDL_FC_pct,rs174566
11,0.0413523,met-d-M_HDL_FC_pct,rs10769254
11,0.027226,met-d-M_HDL_FC_pct,rs12786130
11,-0.0237019,met-d-M_HDL_FC_pct,rs141949189
11,-0.0452717,met-d-M_HDL_FC_pct,rs200644264
11,-0.0495134,met-d-M_HDL_FC_pct,rs12294913
12,0.0228684,met-d-M_HDL_FC_pct,rs1054852
12,0.0264035,met-d-M_HDL_FC_pct,rs10774625
12,-0.05068,met-d-M_HDL_FC_pct,rs142265900
12,0.0256213,met-d-M_HDL_FC_pct,rs11045171
12,-0.0222532,met-d-M_HDL_FC_pct,rs11057692
12,-0.0380245,met-d-M_HDL_FC_pct,rs921919
12,-0.0376683,met-d-M_HDL_FC_pct,rs7136506
12,0.0243803,met-d-M_HDL_FC_pct,rs2229357
15,-0.135854,met-d-M_HDL_FC_pct,rs261290
15,0.0634864,met-d-M_HDL_FC_pct,rs6078
15,-0.079567,met-d-M_HDL_FC_pct,rs190543502
15,0.10855,met-d-M_HDL_FC_pct,rs633695
15,0.042361,met-d-M_HDL_FC_pct,rs34663616
16,0.208469,met-d-M_HDL_FC_pct,rs3764261
16,-0.147091,met-d-M_HDL_FC_pct,rs75911530
16,0.0332863,met-d-M_HDL_FC_pct,rs2925979
16,-0.0851076,met-d-M_HDL_FC_pct,rs75714888
16,-0.0270197,met-d-M_HDL_FC_pct,rs8058512
16,-0.0981444,met-d-M_HDL_FC_pct,rs4986970
16,0.0355138,met-d-M_HDL_FC_pct,rs11644601
17,-0.140326,met-d-M_HDL_FC_pct,rs72836561
17,-0.0469845,met-d-M_HDL_FC_pct,rs112001035
17,-0.0244467,met-d-M_HDL_FC_pct,rs2586116
17,0.0221847,met-d-M_HDL_FC_pct,rs11078916
18,0.062445,met-d-M_HDL_FC_pct,rs1943973
18,-0.0224423,met-d-M_HDL_FC_pct,rs688671
19,0.194615,met-d-M_HDL_FC_pct,rs116843064
19,-0.0447,met-d-M_HDL_FC_pct,rs737337
19,-0.0269724,met-d-M_HDL_FC_pct,rs72235114
19,-0.232231,met-d-M_HDL_FC_pct,rs1065853
19,-0.0499841,met-d-M_HDL_FC_pct,rs28807203
19,-0.0326345,met-d-M_HDL_FC_pct,rs8105375
20,-0.120478,met-d-M_HDL_FC_pct,rs1057208
20,0.0511789,met-d-M_HDL_FC_pct,rs111953743
20,-0.0827699,met-d-M_HDL_FC_pct,rs150224153
22,-0.02989,met-d-M_HDL_FC_pct,rs5754102
