chr,beta,id,snp
1,0.0247023,met-d-M_VLDL_CE_pct,rs2642438
1,-0.0195374,met-d-M_VLDL_CE_pct,rs6689335
1,0.0360756,met-d-M_VLDL_CE_pct,rs11122450
1,-0.239063,met-d-M_VLDL_CE_pct,rs11591147
1,-0.0589475,met-d-M_VLDL_CE_pct,rs12740374
1,0.0249592,met-d-M_VLDL_CE_pct,rs693668
1,-0.0469003,met-d-M_VLDL_CE_pct,rs7534572
1,-0.0837641,met-d-M_VLDL_CE_pct,rs79598313
1,-0.0277661,met-d-M_VLDL_CE_pct,rs59784135
2,0.0800107,met-d-M_VLDL_CE_pct,rs1260326
2,0.0282246,met-d-M_VLDL_CE_pct,rs11688682
2,-0.0451092,met-d-M_VLDL_CE_pct,rs2943654
2,-0.0603765,met-d-M_VLDL_CE_pct,rs34722314
2,-0.0767389,met-d-M_VLDL_CE_pct,rs78058190
2,0.0391521,met-d-M_VLDL_CE_pct,rs13389219
2,-0.0578493,met-d-M_VLDL_CE_pct,rs114938914
2,-0.0265584,met-d-M_VLDL_CE_pct,rs13402561
3,-0.0413241,met-d-M_VLDL_CE_pct,rs9844972
3,0.0323151,met-d-M_VLDL_CE_pct,rs1899951
4,-0.0201657,met-d-M_VLDL_CE_pct,rs13150068
4,0.0261257,met-d-M_VLDL_CE_pct,rs13108218
5,0.030074,met-d-M_VLDL_CE_pct,rs7707394
5,0.0384025,met-d-M_VLDL_CE_pct,rs13358429
5,-0.0236092,met-d-M_VLDL_CE_pct,rs71615507
5,0.0206077,met-d-M_VLDL_CE_pct,rs37538
5,0.0475717,met-d-M_VLDL_CE_pct,rs11429307
6,0.147111,met-d-M_VLDL_CE_pct,rs10455872
6,-0.0330975,met-d-M_VLDL_CE_pct,rs6905288
6,-0.0618508,met-d-M_VLDL_CE_pct,rs12212146
6,0.026327,met-d-M_VLDL_CE_pct,rs679582
6,0.0238172,met-d-M_VLDL_CE_pct,rs2523764
6,0.210659,met-d-M_VLDL_CE_pct,rs117733303
6,-0.03675,met-d-M_VLDL_CE_pct,rs3129774
6,-0.0593601,met-d-M_VLDL_CE_pct,rs72959041
7,0.0511498,met-d-M_VLDL_CE_pct,rs4722551
7,-0.0255297,met-d-M_VLDL_CE_pct,rs9769088
7,-0.0575047,met-d-M_VLDL_CE_pct,rs72555385
7,0.022697,met-d-M_VLDL_CE_pct,rs849327
7,0.129865,met-d-M_VLDL_CE_pct,rs3812316
7,0.0231892,met-d-M_VLDL_CE_pct,rs13241165
8,0.171065,met-d-M_VLDL_CE_pct,rs328
8,0.0448995,met-d-M_VLDL_CE_pct,rs4336630
8,-0.0245732,met-d-M_VLDL_CE_pct,rs4871624
8,0.0377092,met-d-M_VLDL_CE_pct,rs3789849
8,0.0641954,met-d-M_VLDL_CE_pct,rs1561748
8,-0.0643377,met-d-M_VLDL_CE_pct,rs72647336
8,-0.0276448,met-d-M_VLDL_CE_pct,rs13282367
9,0.0561152,met-d-M_VLDL_CE_pct,rs507666
9,-0.0239508,met-d-M_VLDL_CE_pct,rs10747046
10,-0.0428954,met-d-M_VLDL_CE_pct,rs7091593
10,0.0417976,met-d-M_VLDL_CE_pct,rs10822168
11,-0.231595,met-d-M_VLDL_CE_pct,rs144018203
11,-0.0342153,met-d-M_VLDL_CE_pct,rs10750766
11,0.177991,met-d-M_VLDL_CE_pct,rs964184
11,0.180555,met-d-M_VLDL_CE_pct,rs1047964
11,-0.0631307,met-d-M_VLDL_CE_pct,rs11231721
11,-0.0765061,met-d-M_VLDL_CE_pct,rs174537
11,0.026418,met-d-M_VLDL_CE_pct,rs112396965
12,-0.0416466,met-d-M_VLDL_CE_pct,rs7134150
12,0.0492057,met-d-M_VLDL_CE_pct,rs59036878
12,0.0261261,met-d-M_VLDL_CE_pct,rs10773049
12,0.0255038,met-d-M_VLDL_CE_pct,rs201458438
13,0.0226958,met-d-M_VLDL_CE_pct,rs9584870
15,0.0446996,met-d-M_VLDL_CE_pct,rs1077834
15,-0.134467,met-d-M_VLDL_CE_pct,rs150844304
15,-0.0372228,met-d-M_VLDL_CE_pct,rs1601935
15,-0.0245294,met-d-M_VLDL_CE_pct,rs10162642
16,0.0355916,met-d-M_VLDL_CE_pct,rs2925979
16,-0.0214549,met-d-M_VLDL_CE_pct,rs7359336
16,0.0294835,met-d-M_VLDL_CE_pct,rs11075253
17,0.123197,met-d-M_VLDL_CE_pct,rs1801689
17,-0.148728,met-d-M_VLDL_CE_pct,rs72836561
17,0.134864,met-d-M_VLDL_CE_pct,rs77542162
17,0.023105,met-d-M_VLDL_CE_pct,rs17561950
17,0.0222421,met-d-M_VLDL_CE_pct,rs149460787
19,-0.0958448,met-d-M_VLDL_CE_pct,rs73015021
19,0.11143,met-d-M_VLDL_CE_pct,rs147711004
19,0.0702348,met-d-M_VLDL_CE_pct,rs150966173
19,0.0558938,met-d-M_VLDL_CE_pct,rs60318332
19,-0.0662942,met-d-M_VLDL_CE_pct,rs74747585
19,-0.09498,met-d-M_VLDL_CE_pct,rs28807203
20,-0.0735753,met-d-M_VLDL_CE_pct,rs6073972
20,-0.0299547,met-d-M_VLDL_CE_pct,rs2618566
20,-0.0884241,met-d-M_VLDL_CE_pct,rs144033177
