chr,beta,id,snp
1,-0.272525,met-d-S_VLDL_FC_pct,rs11591147
1,-0.0284249,met-d-S_VLDL_FC_pct,rs59784135
1,-0.0739725,met-d-S_VLDL_FC_pct,rs12740374
1,-0.072222,met-d-S_VLDL_FC_pct,rs182050989
1,-0.0461193,met-d-S_VLDL_FC_pct,rs7534572
1,0.0315867,met-d-S_VLDL_FC_pct,rs2642438
1,-0.0266268,met-d-S_VLDL_FC_pct,rs67408364
1,0.0331634,met-d-S_VLDL_FC_pct,rs11122450
1,0.0304444,met-d-S_VLDL_FC_pct,rs472495
2,0.0720344,met-d-S_VLDL_FC_pct,rs1260326
2,0.0344898,met-d-S_VLDL_FC_pct,rs1128249
2,0.0305189,met-d-S_VLDL_FC_pct,rs11679879
2,-0.0434675,met-d-S_VLDL_FC_pct,rs2943650
2,-0.0263229,met-d-S_VLDL_FC_pct,rs13402561
2,0.056393,met-d-S_VLDL_FC_pct,rs673548
2,-0.075745,met-d-S_VLDL_FC_pct,rs78058190
2,-0.0280815,met-d-S_VLDL_FC_pct,rs386397
2,-0.034634,met-d-S_VLDL_FC_pct,rs4299376
4,0.0228009,met-d-S_VLDL_FC_pct,rs73191188
5,-0.0438077,met-d-S_VLDL_FC_pct,rs9687846
5,0.034668,met-d-S_VLDL_FC_pct,rs7707394
5,0.0234367,met-d-S_VLDL_FC_pct,rs1316753
5,0.0452348,met-d-S_VLDL_FC_pct,rs10056811
6,0.117652,met-d-S_VLDL_FC_pct,rs10455872
6,0.153877,met-d-S_VLDL_FC_pct,rs117733303
6,-0.0364952,met-d-S_VLDL_FC_pct,rs7765813
6,-0.0336825,met-d-S_VLDL_FC_pct,rs28752510
6,-0.028486,met-d-S_VLDL_FC_pct,rs1358980
6,0.0250114,met-d-S_VLDL_FC_pct,rs679582
6,-0.0509839,met-d-S_VLDL_FC_pct,rs72959041
6,-0.0618217,met-d-S_VLDL_FC_pct,rs12212146
6,0.0308987,met-d-S_VLDL_FC_pct,rs2523764
7,-0.0211683,met-d-S_VLDL_FC_pct,rs35363532
7,0.024368,met-d-S_VLDL_FC_pct,rs35163364
7,0.0527633,met-d-S_VLDL_FC_pct,rs4722551
7,-0.0562064,met-d-S_VLDL_FC_pct,rs72555385
7,0.127689,met-d-S_VLDL_FC_pct,rs13234131
8,0.0358108,met-d-S_VLDL_FC_pct,rs3789849
8,-0.0835199,met-d-S_VLDL_FC_pct,rs74340693
8,0.0689982,met-d-S_VLDL_FC_pct,rs1561748
8,0.178459,met-d-S_VLDL_FC_pct,rs328
8,0.0478178,met-d-S_VLDL_FC_pct,rs4336630
8,-0.0574863,met-d-S_VLDL_FC_pct,rs72647336
8,-0.0279028,met-d-S_VLDL_FC_pct,rs13282367
9,0.0527276,met-d-S_VLDL_FC_pct,rs507666
10,0.0389621,met-d-S_VLDL_FC_pct,rs10786114
10,-0.0294835,met-d-S_VLDL_FC_pct,rs2803619
10,0.0428497,met-d-S_VLDL_FC_pct,rs10822145
11,0.17512,met-d-S_VLDL_FC_pct,rs1047964
11,-0.0327235,met-d-S_VLDL_FC_pct,rs10750766
11,-0.23363,met-d-S_VLDL_FC_pct,rs144018203
11,0.17729,met-d-S_VLDL_FC_pct,rs964184
11,-0.0835097,met-d-S_VLDL_FC_pct,rs174537
11,-0.0617468,met-d-S_VLDL_FC_pct,rs11231721
12,0.0278112,met-d-S_VLDL_FC_pct,rs28639492
12,0.027424,met-d-S_VLDL_FC_pct,rs10774625
15,-0.158286,met-d-S_VLDL_FC_pct,rs190543502
15,-0.0416261,met-d-S_VLDL_FC_pct,rs1077835
15,0.0345695,met-d-S_VLDL_FC_pct,rs2043085
16,0.0364977,met-d-S_VLDL_FC_pct,rs2925979
16,-0.0316844,met-d-S_VLDL_FC_pct,rs8059755
17,0.129399,met-d-S_VLDL_FC_pct,rs77542162
17,-0.142366,met-d-S_VLDL_FC_pct,rs72836561
17,0.0899884,met-d-S_VLDL_FC_pct,rs1801689
17,0.0244445,met-d-S_VLDL_FC_pct,rs149460787
17,0.0236901,met-d-S_VLDL_FC_pct,rs17561950
19,-0.113787,met-d-S_VLDL_FC_pct,rs12151108
19,0.0913935,met-d-S_VLDL_FC_pct,rs1081105
19,-0.489325,met-d-S_VLDL_FC_pct,rs1065853
19,0.0497126,met-d-S_VLDL_FC_pct,rs2927468
19,-0.0862927,met-d-S_VLDL_FC_pct,rs111278137
19,-0.0219663,met-d-S_VLDL_FC_pct,rs372499385
19,0.0580206,met-d-S_VLDL_FC_pct,rs60318332
19,-0.12196,met-d-S_VLDL_FC_pct,rs28807203
19,0.0596431,met-d-S_VLDL_FC_pct,rs8103315
20,-0.0590642,met-d-S_VLDL_FC_pct,rs7679
20,-0.0301458,met-d-S_VLDL_FC_pct,rs2618566
20,0.0232116,met-d-S_VLDL_FC_pct,rs438568
