chr,beta,id,snp
1,0.0821035,met-d-XXL_VLDL_FC,rs79439217
1,0.0400091,met-d-XXL_VLDL_FC,rs59484402
1,0.0961278,met-d-XXL_VLDL_FC,rs79598313
2,0.0398137,met-d-XXL_VLDL_FC,rs2943635
2,-0.0971519,met-d-XXL_VLDL_FC,rs676210
2,-0.0502767,met-d-XXL_VLDL_FC,rs1128249
2,-0.0882134,met-d-XXL_VLDL_FC,rs1260326
3,0.0314599,met-d-XXL_VLDL_FC,rs55815124
3,0.040686,met-d-XXL_VLDL_FC,rs9844972
3,0.0360772,met-d-XXL_VLDL_FC,rs895893
4,-0.031203,met-d-XXL_VLDL_FC,rs13108218
4,0.0224505,met-d-XXL_VLDL_FC,rs3857142
4,0.0340195,met-d-XXL_VLDL_FC,rs1471251
4,-0.0265132,met-d-XXL_VLDL_FC,rs4491981
4,-0.0391017,met-d-XXL_VLDL_FC,rs2035816
5,-0.0542497,met-d-XXL_VLDL_FC,rs11429307
5,0.0371267,met-d-XXL_VLDL_FC,rs4704834
6,-0.0337216,met-d-XXL_VLDL_FC,rs632057
6,-0.0892985,met-d-XXL_VLDL_FC,rs184089815
6,-0.112663,met-d-XXL_VLDL_FC,rs146534110
6,-0.117233,met-d-XXL_VLDL_FC,rs73596816
6,0.0250542,met-d-XXL_VLDL_FC,rs28752924
6,0.0704299,met-d-XXL_VLDL_FC,rs74434374
6,0.0284686,met-d-XXL_VLDL_FC,rs1936800
6,-0.0478829,met-d-XXL_VLDL_FC,rs3127580
6,0.0260151,met-d-XXL_VLDL_FC,rs998584
6,0.050953,met-d-XXL_VLDL_FC,rs111909590
6,-0.238585,met-d-XXL_VLDL_FC,rs10455872
6,0.0358171,met-d-XXL_VLDL_FC,rs28383314
6,-0.363898,met-d-XXL_VLDL_FC,rs117733303
6,0.0963485,met-d-XXL_VLDL_FC,rs147858094
6,0.0778263,met-d-XXL_VLDL_FC,rs117857195
7,-0.113335,met-d-XXL_VLDL_FC,rs3812316
7,-0.041709,met-d-XXL_VLDL_FC,rs4722551
7,0.0639808,met-d-XXL_VLDL_FC,rs72555385
7,0.027779,met-d-XXL_VLDL_FC,rs6971365
8,-0.0354904,met-d-XXL_VLDL_FC,rs2980755
8,0.0337387,met-d-XXL_VLDL_FC,rs7005453
8,0.0308116,met-d-XXL_VLDL_FC,rs13266992
8,-0.0645599,met-d-XXL_VLDL_FC,rs1561748
8,-0.0791829,met-d-XXL_VLDL_FC,rs28601761
8,-0.18885,met-d-XXL_VLDL_FC,rs328
10,-0.0370167,met-d-XXL_VLDL_FC,rs10761752
10,-0.0249108,met-d-XXL_VLDL_FC,rs835273
11,-0.0270637,met-d-XXL_VLDL_FC,rs112396965
11,-0.0229397,met-d-XXL_VLDL_FC,rs11228377
11,0.277244,met-d-XXL_VLDL_FC,rs144018203
11,0.068007,met-d-XXL_VLDL_FC,rs174580
11,0.0401911,met-d-XXL_VLDL_FC,rs2302263
11,-0.21153,met-d-XXL_VLDL_FC,rs964184
11,-0.263754,met-d-XXL_VLDL_FC,rs1047964
12,-0.0255654,met-d-XXL_VLDL_FC,rs7133378
12,-0.0281893,met-d-XXL_VLDL_FC,rs2122982
12,0.0221703,met-d-XXL_VLDL_FC,rs4766602
13,0.0295975,met-d-XXL_VLDL_FC,rs2275647
13,0.0288194,met-d-XXL_VLDL_FC,rs7140110
15,0.139968,met-d-XXL_VLDL_FC,rs139974673
16,-0.0353821,met-d-XXL_VLDL_FC,rs34417180
16,-0.0307258,met-d-XXL_VLDL_FC,rs2925979
16,-0.0287567,met-d-XXL_VLDL_FC,rs11644601
16,-0.0456992,met-d-XXL_VLDL_FC,rs247616
17,0.109991,met-d-XXL_VLDL_FC,rs72836561
17,-0.110166,met-d-XXL_VLDL_FC,rs1801689
17,0.0485156,met-d-XXL_VLDL_FC,rs11651280
19,-0.228571,met-d-XXL_VLDL_FC,rs116843064
19,0.0266665,met-d-XXL_VLDL_FC,rs11878597
19,-0.0888932,met-d-XXL_VLDL_FC,rs8107974
19,0.200437,met-d-XXL_VLDL_FC,rs1065853
19,-0.0543643,met-d-XXL_VLDL_FC,rs57192995
19,0.0439058,met-d-XXL_VLDL_FC,rs56290633
20,0.0729113,met-d-XXL_VLDL_FC,rs1883711
