chr,beta,id,snp
1,-0.0277972,met-d-Creatinine,rs659437
1,-0.0199999,met-d-Creatinine,rs10926982
1,0.0280839,met-d-Creatinine,rs3122720
1,0.0265841,met-d-Creatinine,rs1781221
1,0.0408711,met-d-Creatinine,rs12722725
1,-0.0357301,met-d-Creatinine,rs267738
1,-0.0265669,met-d-Creatinine,rs478308
2,0.0234669,met-d-Creatinine,rs4293567
2,-0.0284288,met-d-Creatinine,rs34760583
2,-0.0248872,met-d-Creatinine,rs1527649
2,0.0203507,met-d-Creatinine,rs13015552
2,0.08145,met-d-Creatinine,rs187355703
2,-0.0214225,met-d-Creatinine,rs56019566
2,0.0244089,met-d-Creatinine,rs17050272
2,0.0587291,met-d-Creatinine,rs12476098
2,0.0435059,met-d-Creatinine,rs715
2,-0.0259714,met-d-Creatinine,rs6747041
2,-0.0262203,met-d-Creatinine,rs9989901
3,0.0243908,met-d-Creatinine,rs71627383
3,0.0197781,met-d-Creatinine,rs10934569
3,-0.0337453,met-d-Creatinine,rs2271386
3,0.0242183,met-d-Creatinine,rs7649167
3,-0.0226275,met-d-Creatinine,rs1381798
4,-0.0259876,met-d-Creatinine,rs3974479
4,0.0523541,met-d-Creatinine,rs10008637
5,0.0315122,met-d-Creatinine,rs10062079
5,-0.0253118,met-d-Creatinine,rs2455357
5,-0.0336121,met-d-Creatinine,rs111366116
5,0.022638,met-d-Creatinine,rs200800380
5,0.0395815,met-d-Creatinine,rs5030873
6,0.0239094,met-d-Creatinine,rs4946935
6,0.0410545,met-d-Creatinine,rs581611
6,0.0297048,met-d-Creatinine,rs1317983
6,0.0490744,met-d-Creatinine,rs2279463
6,-0.0238844,met-d-Creatinine,rs9373056
6,0.034961,met-d-Creatinine,rs3127580
6,0.0279898,met-d-Creatinine,rs9272116
7,-0.0254844,met-d-Creatinine,rs848476
7,0.0520142,met-d-Creatinine,rs10224002
7,0.025468,met-d-Creatinine,rs202123196
7,-0.0218036,met-d-Creatinine,rs7779671
7,0.0211594,met-d-Creatinine,rs81039
7,0.0399003,met-d-Creatinine,rs62435145
8,0.0252255,met-d-Creatinine,rs17786744
8,0.0466883,met-d-Creatinine,rs11786896
8,-0.0230791,met-d-Creatinine,rs408459
8,-0.023369,met-d-Creatinine,rs2119690
8,-0.0425615,met-d-Creatinine,rs184561571
9,-0.0248949,met-d-Creatinine,rs4744712
10,-0.0307895,met-d-Creatinine,rs10821907
10,-0.0387952,met-d-Creatinine,rs78017654
11,-0.0568751,met-d-Creatinine,rs964184
11,-0.0236882,met-d-Creatinine,rs11564722
11,0.0816124,met-d-Creatinine,rs55733296
11,0.0245149,met-d-Creatinine,rs81205
11,-0.0218007,met-d-Creatinine,rs55842281
12,-0.0264651,met-d-Creatinine,rs10459101
12,-0.0272716,met-d-Creatinine,rs10744602
15,-0.0258098,met-d-Creatinine,rs199875356
15,0.0266422,met-d-Creatinine,rs1717200
15,0.133399,met-d-Creatinine,rs138576244
15,-0.0519551,met-d-Creatinine,rs201988526
15,0.0241483,met-d-Creatinine,rs4776161
16,-0.0537162,met-d-Creatinine,rs77924615
16,0.0254624,met-d-Creatinine,rs445537
16,0.0219706,met-d-Creatinine,rs9927390
17,0.0344449,met-d-Creatinine,rs151046225
17,-0.0292425,met-d-Creatinine,rs141614148
17,0.0217521,met-d-Creatinine,rs8071709
17,-0.0458271,met-d-Creatinine,rs9905274
18,0.0275038,met-d-Creatinine,rs8096658
19,0.0380071,met-d-Creatinine,rs1065853
19,-0.0327666,met-d-Creatinine,rs35709439
19,-0.0321332,met-d-Creatinine,rs11667586
20,0.0269877,met-d-Creatinine,rs6088559
20,-0.0239358,met-d-Creatinine,rs6127099
20,-0.0210144,met-d-Creatinine,rs201081113
22,0.0278505,met-d-Creatinine,rs5750561
