chr,beta,id,snp
1,-0.0535507,met-d-L_HDL_C_pct,rs12740374
1,-0.029435,met-d-L_HDL_C_pct,rs4656292
1,-0.0274572,met-d-L_HDL_C_pct,rs67916282
1,0.0584517,met-d-L_HDL_C_pct,rs11207994
1,-0.0776566,met-d-L_HDL_C_pct,rs79598313
1,-0.0237981,met-d-L_HDL_C_pct,rs6658257
2,0.0439826,met-d-L_HDL_C_pct,rs13389219
2,-0.045196,met-d-L_HDL_C_pct,rs2943654
2,0.0385477,met-d-L_HDL_C_pct,rs72836348
2,0.0757377,met-d-L_HDL_C_pct,rs1260326
2,-0.0362387,met-d-L_HDL_C_pct,rs12720828
2,-0.069973,met-d-L_HDL_C_pct,rs78058190
2,-0.0490733,met-d-L_HDL_C_pct,rs4076834
3,-0.043765,met-d-L_HDL_C_pct,rs9844972
3,-0.116111,met-d-L_HDL_C_pct,rs11922042
3,-0.0245967,met-d-L_HDL_C_pct,rs4519692
3,0.027673,met-d-L_HDL_C_pct,rs17052058
4,-0.0244143,met-d-L_HDL_C_pct,rs10937924
4,-0.0266632,met-d-L_HDL_C_pct,rs13118477
4,-0.0283634,met-d-L_HDL_C_pct,rs2035403
4,-0.0469355,met-d-L_HDL_C_pct,rs13107325
5,0.0543356,met-d-L_HDL_C_pct,rs11429307
5,0.0358342,met-d-L_HDL_C_pct,rs6864091
5,0.0241396,met-d-L_HDL_C_pct,rs7707394
6,-0.0777365,met-d-L_HDL_C_pct,rs191555775
6,-0.0238788,met-d-L_HDL_C_pct,rs3130521
6,-0.0376871,met-d-L_HDL_C_pct,rs6905288
6,-0.0313675,met-d-L_HDL_C_pct,rs17492120
6,-0.0625673,met-d-L_HDL_C_pct,rs72959041
6,-0.0311706,met-d-L_HDL_C_pct,rs28752510
6,0.0288998,met-d-L_HDL_C_pct,rs668459
7,-0.0221108,met-d-L_HDL_C_pct,rs236651
7,-0.0399972,met-d-L_HDL_C_pct,rs10642257
7,-0.0509719,met-d-L_HDL_C_pct,rs111432585
7,0.102799,met-d-L_HDL_C_pct,rs34062580
7,-0.0297402,met-d-L_HDL_C_pct,rs7810507
8,0.064701,met-d-L_HDL_C_pct,rs28601761
8,0.0315619,met-d-L_HDL_C_pct,rs7012814
8,0.0551265,met-d-L_HDL_C_pct,rs1561748
8,-0.0372646,met-d-L_HDL_C_pct,rs10085931
8,-0.0358349,met-d-L_HDL_C_pct,rs3860847
8,0.149778,met-d-L_HDL_C_pct,rs328
9,0.0330224,met-d-L_HDL_C_pct,rs675849
9,-0.0212546,met-d-L_HDL_C_pct,rs7357754
9,-0.0230571,met-d-L_HDL_C_pct,rs2175055
9,-0.0248582,met-d-L_HDL_C_pct,rs1982151
10,0.0390608,met-d-L_HDL_C_pct,rs10786114
10,0.0275321,met-d-L_HDL_C_pct,rs2068888
10,0.0206233,met-d-L_HDL_C_pct,rs12218613
11,0.162661,met-d-L_HDL_C_pct,rs964184
11,-0.198587,met-d-L_HDL_C_pct,rs144018203
11,-0.0400541,met-d-L_HDL_C_pct,rs113012334
11,-0.0484209,met-d-L_HDL_C_pct,rs2302263
11,-0.0690302,met-d-L_HDL_C_pct,rs174554
11,0.220298,met-d-L_HDL_C_pct,rs1047964
11,-0.0274099,met-d-L_HDL_C_pct,rs10750766
11,0.0274612,met-d-L_HDL_C_pct,rs112396965
12,0.0261114,met-d-L_HDL_C_pct,rs10774625
12,-0.0303186,met-d-L_HDL_C_pct,rs3741521
12,0.0242289,met-d-L_HDL_C_pct,rs4760259
12,0.0310254,met-d-L_HDL_C_pct,rs10773049
12,0.0283963,met-d-L_HDL_C_pct,rs10842708
12,-0.0429322,met-d-L_HDL_C_pct,rs117209788
13,0.0219909,met-d-L_HDL_C_pct,rs953618
15,-0.142863,met-d-L_HDL_C_pct,rs190543502
16,-0.116316,met-d-L_HDL_C_pct,rs75911530
16,0.037318,met-d-L_HDL_C_pct,rs2925979
16,-0.0264141,met-d-L_HDL_C_pct,rs8059755
16,0.0385205,met-d-L_HDL_C_pct,rs113563886
16,0.105145,met-d-L_HDL_C_pct,rs8044652
16,0.177549,met-d-L_HDL_C_pct,rs3764261
17,-0.124663,met-d-L_HDL_C_pct,rs72836561
17,-0.024101,met-d-L_HDL_C_pct,rs11077783
19,-0.252965,met-d-L_HDL_C_pct,rs1065853
19,0.231044,met-d-L_HDL_C_pct,rs116843064
19,-0.0624949,met-d-L_HDL_C_pct,rs28807203
19,-0.0392201,met-d-L_HDL_C_pct,rs141820146
19,0.0295048,met-d-L_HDL_C_pct,rs2927468
19,0.0447729,met-d-L_HDL_C_pct,rs58542926
19,0.063929,met-d-L_HDL_C_pct,rs116881820
19,0.0362262,met-d-L_HDL_C_pct,rs8103315
20,-0.168876,met-d-L_HDL_C_pct,rs1057208
20,0.0251083,met-d-L_HDL_C_pct,rs8126001
20,-0.0419072,met-d-L_HDL_C_pct,rs6065819
20,-0.0252632,met-d-L_HDL_C_pct,rs2618567
20,0.0230932,met-d-L_HDL_C_pct,rs3092498
