chr,beta,id,snp
1,0.100204,met-d-M_VLDL_TG,rs79598313
1,0.0392567,met-d-M_VLDL_TG,rs599839
1,0.0810119,met-d-M_VLDL_TG,rs79439217
1,-0.0406359,met-d-M_VLDL_TG,rs1546954
2,-0.0291543,met-d-M_VLDL_TG,rs1510606
2,-0.0956063,met-d-M_VLDL_TG,rs1260326
2,-0.0359609,met-d-M_VLDL_TG,rs13423088
2,-0.045519,met-d-M_VLDL_TG,rs13389219
2,0.111673,met-d-M_VLDL_TG,rs2678379
3,0.0318134,met-d-M_VLDL_TG,rs9845460
3,0.0663314,met-d-M_VLDL_TG,rs79287178
3,-0.0383204,met-d-M_VLDL_TG,rs9968117
4,0.0245768,met-d-M_VLDL_TG,rs1823949
4,-0.0258583,met-d-M_VLDL_TG,rs4491981
4,-0.0410898,met-d-M_VLDL_TG,rs13108218
4,0.0281733,met-d-M_VLDL_TG,rs1471251
5,0.04015,met-d-M_VLDL_TG,rs4704834
5,0.0217028,met-d-M_VLDL_TG,rs4976033
5,0.0230451,met-d-M_VLDL_TG,rs12916
5,-0.022566,met-d-M_VLDL_TG,rs37538
5,-0.0534673,met-d-M_VLDL_TG,rs11429307
6,0.0729602,met-d-M_VLDL_TG,rs138345261
6,-0.0341906,met-d-M_VLDL_TG,rs17585887
6,0.0578314,met-d-M_VLDL_TG,rs111909590
6,-0.268903,met-d-M_VLDL_TG,rs117733303
6,0.042011,met-d-M_VLDL_TG,rs9271573
6,0.0322777,met-d-M_VLDL_TG,rs998584
6,0.0325363,met-d-M_VLDL_TG,rs2186037
6,-0.143919,met-d-M_VLDL_TG,rs10455872
6,-0.0800408,met-d-M_VLDL_TG,rs73596816
7,-0.121942,met-d-M_VLDL_TG,rs34060476
7,0.0727724,met-d-M_VLDL_TG,rs72555385
7,-0.0256306,met-d-M_VLDL_TG,rs56001710
7,0.0320135,met-d-M_VLDL_TG,rs11976955
8,-0.0248214,met-d-M_VLDL_TG,rs59296513
8,-0.0268536,met-d-M_VLDL_TG,rs2081687
8,0.0348952,met-d-M_VLDL_TG,rs13265201
8,-0.0603451,met-d-M_VLDL_TG,rs1561748
8,-0.185343,met-d-M_VLDL_TG,rs328
8,-0.0816338,met-d-M_VLDL_TG,rs112875651
8,0.0307193,met-d-M_VLDL_TG,rs3860847
10,-0.0367214,met-d-M_VLDL_TG,rs10761716
10,-0.0257389,met-d-M_VLDL_TG,rs835273
11,0.0315834,met-d-M_VLDL_TG,rs174580
11,0.0247892,met-d-M_VLDL_TG,rs883863
11,0.270694,met-d-M_VLDL_TG,rs141469619
11,-0.217578,met-d-M_VLDL_TG,rs964184
11,-0.217805,met-d-M_VLDL_TG,rs1047964
12,-0.0901021,met-d-M_VLDL_TG,rs76895963
12,-0.028345,met-d-M_VLDL_TG,rs4760254
12,-0.0316631,met-d-M_VLDL_TG,rs7133378
13,0.0270333,met-d-M_VLDL_TG,rs6602911
15,0.132279,met-d-M_VLDL_TG,rs150844304
16,-0.0326448,met-d-M_VLDL_TG,rs247616
16,0.0367857,met-d-M_VLDL_TG,rs2000999
17,-0.0845934,met-d-M_VLDL_TG,rs1801689
17,0.0553387,met-d-M_VLDL_TG,rs8078513
17,0.129247,met-d-M_VLDL_TG,rs77697917
19,-0.219096,met-d-M_VLDL_TG,rs116843064
19,-0.135103,met-d-M_VLDL_TG,rs182611493
19,-0.0303593,met-d-M_VLDL_TG,rs142385484
19,0.0445863,met-d-M_VLDL_TG,rs157592
19,-0.0545528,met-d-M_VLDL_TG,rs62117487
19,-0.130394,met-d-M_VLDL_TG,rs58542926
19,0.0793962,met-d-M_VLDL_TG,rs5112
20,0.0522557,met-d-M_VLDL_TG,rs7679
20,-0.0250232,met-d-M_VLDL_TG,rs2092479
21,0.022419,met-d-M_VLDL_TG,rs62222988
