chr,beta,id,snp
1,-0.0338072,met-d-M_HDL_C_pct,rs59484402
1,-0.0322518,met-d-M_HDL_C_pct,rs61838776
1,-0.0379443,met-d-M_HDL_C_pct,rs4660303
1,-0.021667,met-d-M_HDL_C_pct,rs7535214
1,-0.0648603,met-d-M_HDL_C_pct,rs79439217
1,-0.108948,met-d-M_HDL_C_pct,rs79598313
1,0.0751631,met-d-M_HDL_C_pct,rs74910819
2,-0.073217,met-d-M_HDL_C_pct,rs78058190
2,0.0482505,met-d-M_HDL_C_pct,rs1128249
2,0.0834174,met-d-M_HDL_C_pct,rs673548
2,0.0565973,met-d-M_HDL_C_pct,rs1260326
2,-0.0458155,met-d-M_HDL_C_pct,rs2943650
3,-0.0464648,met-d-M_HDL_C_pct,rs62271373
3,0.0454712,met-d-M_HDL_C_pct,rs9647335
4,-0.0371638,met-d-M_HDL_C_pct,rs3775228
4,-0.0557952,met-d-M_HDL_C_pct,rs13107325
4,0.0239539,met-d-M_HDL_C_pct,rs78795332
4,-0.0317083,met-d-M_HDL_C_pct,rs1022186
5,0.0556153,met-d-M_HDL_C_pct,rs11429307
5,-0.0249993,met-d-M_HDL_C_pct,rs62397245
5,0.0232799,met-d-M_HDL_C_pct,rs2112347
6,-0.0791975,met-d-M_HDL_C_pct,rs191555775
6,-0.0462529,met-d-M_HDL_C_pct,rs12208357
6,-0.037236,met-d-M_HDL_C_pct,rs75580845
6,-0.0349326,met-d-M_HDL_C_pct,rs998584
6,-0.0271825,met-d-M_HDL_C_pct,rs28821528
6,-0.0303602,met-d-M_HDL_C_pct,rs2186037
6,-0.0733688,met-d-M_HDL_C_pct,rs114741460
6,-0.0671268,met-d-M_HDL_C_pct,rs183271060
6,0.14527,met-d-M_HDL_C_pct,rs9295128
6,0.0343285,met-d-M_HDL_C_pct,rs632057
7,-0.0321257,met-d-M_HDL_C_pct,rs6971365
7,-0.0364389,met-d-M_HDL_C_pct,rs10642257
7,0.0259275,met-d-M_HDL_C_pct,rs6942635
7,-0.0755954,met-d-M_HDL_C_pct,rs42125
7,0.0734266,met-d-M_HDL_C_pct,rs55747707
8,0.0718167,met-d-M_HDL_C_pct,rs1561748
8,0.0718009,met-d-M_HDL_C_pct,rs28601761
8,0.0387982,met-d-M_HDL_C_pct,rs7012637
8,0.204943,met-d-M_HDL_C_pct,rs328
8,-0.0378883,met-d-M_HDL_C_pct,rs7005453
8,-0.0491487,met-d-M_HDL_C_pct,rs71205961
8,-0.0318005,met-d-M_HDL_C_pct,rs13266992
9,0.0737858,met-d-M_HDL_C_pct,rs2066718
9,0.0396559,met-d-M_HDL_C_pct,rs1215112
9,-0.0381327,met-d-M_HDL_C_pct,rs13284054
9,-0.0218996,met-d-M_HDL_C_pct,rs3215882
10,0.0348814,met-d-M_HDL_C_pct,rs72823020
10,0.0363119,met-d-M_HDL_C_pct,rs10786114
10,0.0258183,met-d-M_HDL_C_pct,rs2068888
10,0.0247908,met-d-M_HDL_C_pct,rs7924036
11,0.190118,met-d-M_HDL_C_pct,rs964184
11,-0.066364,met-d-M_HDL_C_pct,rs174580
11,0.259786,met-d-M_HDL_C_pct,rs1047964
11,0.0324026,met-d-M_HDL_C_pct,rs112396965
11,-0.0451811,met-d-M_HDL_C_pct,rs2302263
11,0.0232916,met-d-M_HDL_C_pct,rs530845
11,-0.282064,met-d-M_HDL_C_pct,rs144018203
11,-0.043286,met-d-M_HDL_C_pct,rs830083
11,-0.0240226,met-d-M_HDL_C_pct,rs10750766
12,0.0343783,met-d-M_HDL_C_pct,rs7133378
12,0.0289479,met-d-M_HDL_C_pct,rs492699
12,-0.0248491,met-d-M_HDL_C_pct,rs12230272
12,0.0250786,met-d-M_HDL_C_pct,rs7134375
12,0.0352627,met-d-M_HDL_C_pct,rs56205943
12,0.020119,met-d-M_HDL_C_pct,rs10774625
13,-0.0267736,met-d-M_HDL_C_pct,rs35678857
15,-0.0595509,met-d-M_HDL_C_pct,rs35853021
15,-0.157115,met-d-M_HDL_C_pct,rs150844304
15,0.0547145,met-d-M_HDL_C_pct,rs488490
15,0.0310584,met-d-M_HDL_C_pct,rs10162642
16,0.182328,met-d-M_HDL_C_pct,rs3764261
16,-0.13956,met-d-M_HDL_C_pct,rs75911530
16,-0.135608,met-d-M_HDL_C_pct,rs117738782
16,0.0438555,met-d-M_HDL_C_pct,rs113563886
16,0.0397902,met-d-M_HDL_C_pct,rs2925979
16,0.0913773,met-d-M_HDL_C_pct,rs8044652
16,0.0225528,met-d-M_HDL_C_pct,rs11644601
17,-0.0506325,met-d-M_HDL_C_pct,rs75634664
17,-0.148028,met-d-M_HDL_C_pct,rs72836561
17,-0.0614759,met-d-M_HDL_C_pct,rs34931250
17,0.0243065,met-d-M_HDL_C_pct,rs4969179
17,-0.0282028,met-d-M_HDL_C_pct,rs12601919
17,-0.0495488,met-d-M_HDL_C_pct,rs16961845
19,0.0290061,met-d-M_HDL_C_pct,rs1761457
19,-0.18058,met-d-M_HDL_C_pct,rs1065853
19,0.059389,met-d-M_HDL_C_pct,rs58542926
19,-0.0314491,met-d-M_HDL_C_pct,rs56290633
19,0.0533861,met-d-M_HDL_C_pct,rs62117489
19,-0.0431216,met-d-M_HDL_C_pct,rs41355649
19,0.277213,met-d-M_HDL_C_pct,rs116843064
20,-0.0505096,met-d-M_HDL_C_pct,rs6073958
20,-0.0777577,met-d-M_HDL_C_pct,rs150224153
20,0.025674,met-d-M_HDL_C_pct,rs1883715
22,-0.0238145,met-d-M_HDL_C_pct,rs2267375
