chr,beta,id,snp
1,0.0420997,met-d-XS_VLDL_C_pct,rs2642438
1,-0.0252717,met-d-XS_VLDL_C_pct,rs59784135
1,-0.0337872,met-d-XS_VLDL_C_pct,rs7534572
1,0.0496086,met-d-XS_VLDL_C_pct,rs11122450
1,-0.0910411,met-d-XS_VLDL_C_pct,rs182050989
1,-0.23145,met-d-XS_VLDL_C_pct,rs11591147
1,-0.0404501,met-d-XS_VLDL_C_pct,rs12740374
1,-0.0313197,met-d-XS_VLDL_C_pct,rs67408364
1,0.0262112,met-d-XS_VLDL_C_pct,rs472495
2,-0.0353841,met-d-XS_VLDL_C_pct,rs4245791
2,-0.0283365,met-d-XS_VLDL_C_pct,rs13402561
2,-0.0469722,met-d-XS_VLDL_C_pct,rs2943650
2,-0.0729164,met-d-XS_VLDL_C_pct,rs2678379
2,0.0864754,met-d-XS_VLDL_C_pct,rs1260326
2,-0.0826372,met-d-XS_VLDL_C_pct,rs78058190
2,-0.0379624,met-d-XS_VLDL_C_pct,rs11394662
3,-0.0265497,met-d-XS_VLDL_C_pct,rs684773
3,-0.0340996,met-d-XS_VLDL_C_pct,rs6764884
4,-0.054068,met-d-XS_VLDL_C_pct,rs13107325
4,-0.0217235,met-d-XS_VLDL_C_pct,rs7675217
4,0.025263,met-d-XS_VLDL_C_pct,rs13108218
5,0.0494254,met-d-XS_VLDL_C_pct,rs11429307
5,0.032526,met-d-XS_VLDL_C_pct,rs7707394
5,0.0411887,met-d-XS_VLDL_C_pct,rs7733436
5,-0.0265216,met-d-XS_VLDL_C_pct,rs71615507
6,0.0301343,met-d-XS_VLDL_C_pct,rs2523764
6,-0.030484,met-d-XS_VLDL_C_pct,rs6905288
6,0.100111,met-d-XS_VLDL_C_pct,rs10455872
6,0.025874,met-d-XS_VLDL_C_pct,rs632057
6,0.145988,met-d-XS_VLDL_C_pct,rs117733303
6,-0.0360498,met-d-XS_VLDL_C_pct,rs28752510
6,-0.0579795,met-d-XS_VLDL_C_pct,rs12212146
6,-0.0272282,met-d-XS_VLDL_C_pct,rs34733406
6,-0.0220461,met-d-XS_VLDL_C_pct,rs9482772
7,-0.0696091,met-d-XS_VLDL_C_pct,rs72555385
7,-0.0214004,met-d-XS_VLDL_C_pct,rs34518086
7,0.0327026,met-d-XS_VLDL_C_pct,rs56001710
7,0.024239,met-d-XS_VLDL_C_pct,rs35163364
7,0.138026,met-d-XS_VLDL_C_pct,rs3812316
8,0.0726687,met-d-XS_VLDL_C_pct,rs1561748
8,0.0350635,met-d-XS_VLDL_C_pct,rs7012814
8,-0.0495185,met-d-XS_VLDL_C_pct,rs71205961
8,0.178074,met-d-XS_VLDL_C_pct,rs328
8,-0.0616777,met-d-XS_VLDL_C_pct,rs72647336
8,0.0495723,met-d-XS_VLDL_C_pct,rs4871603
9,0.0434209,met-d-XS_VLDL_C_pct,rs2519093
10,0.051825,met-d-XS_VLDL_C_pct,rs10761753
10,0.0354869,met-d-XS_VLDL_C_pct,rs10786114
10,-0.042751,met-d-XS_VLDL_C_pct,rs2803619
11,0.185487,met-d-XS_VLDL_C_pct,rs964184
11,-0.0986636,met-d-XS_VLDL_C_pct,rs174537
11,-0.0340591,met-d-XS_VLDL_C_pct,rs10750766
11,-0.0342133,met-d-XS_VLDL_C_pct,rs673335
11,-0.245772,met-d-XS_VLDL_C_pct,rs144018203
11,0.176923,met-d-XS_VLDL_C_pct,rs1047964
11,-0.0611776,met-d-XS_VLDL_C_pct,rs11231721
12,0.0258738,met-d-XS_VLDL_C_pct,rs35350651
12,0.0265642,met-d-XS_VLDL_C_pct,rs28639492
15,-0.185055,met-d-XS_VLDL_C_pct,rs190543502
15,-0.0673425,met-d-XS_VLDL_C_pct,rs1077835
15,0.0485465,met-d-XS_VLDL_C_pct,rs2043085
16,0.0378622,met-d-XS_VLDL_C_pct,rs2925979
16,0.0345755,met-d-XS_VLDL_C_pct,rs11644601
16,-0.0219959,met-d-XS_VLDL_C_pct,rs7359336
17,-0.133195,met-d-XS_VLDL_C_pct,rs72836561
17,0.115852,met-d-XS_VLDL_C_pct,rs77542162
17,0.0676154,met-d-XS_VLDL_C_pct,rs1801689
19,0.239237,met-d-XS_VLDL_C_pct,rs116843064
19,0.0417137,met-d-XS_VLDL_C_pct,rs2927468
19,-0.447962,met-d-XS_VLDL_C_pct,rs1065853
19,-0.0774388,met-d-XS_VLDL_C_pct,rs141820146
19,-0.110821,met-d-XS_VLDL_C_pct,rs28807203
19,0.0531089,met-d-XS_VLDL_C_pct,rs8103315
19,0.0489449,met-d-XS_VLDL_C_pct,rs62117489
19,-0.0756695,met-d-XS_VLDL_C_pct,rs111278137
19,-0.0725352,met-d-XS_VLDL_C_pct,rs17875609
20,0.0295588,met-d-XS_VLDL_C_pct,rs4814176
20,-0.0981533,met-d-XS_VLDL_C_pct,rs7679
20,-0.0226677,met-d-XS_VLDL_C_pct,rs2618566
