chr,beta,id,snp
1,-0.2753,met-d-S_VLDL_C,rs11591147
1,-0.0285522,met-d-S_VLDL_C,rs4846914
1,-0.0274377,met-d-S_VLDL_C,rs2495477
1,0.0215171,met-d-S_VLDL_C,rs1293261
1,0.0283041,met-d-S_VLDL_C,rs822928
1,0.0817161,met-d-S_VLDL_C,rs11206517
1,0.0566269,met-d-S_VLDL_C,rs7534572
1,-0.100509,met-d-S_VLDL_C,rs12740374
2,0.0284622,met-d-S_VLDL_C,rs4533439
2,-0.0544626,met-d-S_VLDL_C,rs4665972
2,-0.0403228,met-d-S_VLDL_C,rs4299376
2,-0.0322221,met-d-S_VLDL_C,rs4665642
2,-0.0300276,met-d-S_VLDL_C,rs1128249
2,0.101078,met-d-S_VLDL_C,rs693
3,-0.0533366,met-d-S_VLDL_C,rs164641
3,-0.0343275,met-d-S_VLDL_C,rs34894639
4,-0.0279016,met-d-S_VLDL_C,rs13108218
4,0.0278624,met-d-S_VLDL_C,rs1471251
5,0.050425,met-d-S_VLDL_C,rs12916
5,0.0478388,met-d-S_VLDL_C,rs4704834
5,0.035416,met-d-S_VLDL_C,rs28650790
5,0.0294181,met-d-S_VLDL_C,rs7707394
6,0.0733568,met-d-S_VLDL_C,rs12208357
6,-0.135976,met-d-S_VLDL_C,rs9295128
6,0.0499054,met-d-S_VLDL_C,rs28377109
6,-0.0236353,met-d-S_VLDL_C,rs6920309
6,0.0490439,met-d-S_VLDL_C,rs11755689
7,0.0345576,met-d-S_VLDL_C,rs10260606
7,0.024716,met-d-S_VLDL_C,rs1989985
7,-0.0452876,met-d-S_VLDL_C,rs55747707
8,0.0555926,met-d-S_VLDL_C,rs59347135
8,0.118214,met-d-S_VLDL_C,rs144503444
8,-0.0260584,met-d-S_VLDL_C,rs2326077
8,-0.0956795,met-d-S_VLDL_C,rs10096633
8,-0.0309267,met-d-S_VLDL_C,rs2737245
8,-0.0810687,met-d-S_VLDL_C,rs112875651
9,0.0597788,met-d-S_VLDL_C,rs115478735
10,-0.0223381,met-d-S_VLDL_C,rs10881987
10,-0.0256644,met-d-S_VLDL_C,rs2478236
11,0.142292,met-d-S_VLDL_C,rs141469619
11,-0.168134,met-d-S_VLDL_C,rs1047964
11,0.0408467,met-d-S_VLDL_C,rs78689694
11,-0.0256897,met-d-S_VLDL_C,rs59421767
11,-0.128351,met-d-S_VLDL_C,rs964184
12,-0.0286812,met-d-S_VLDL_C,rs11057397
12,0.0240015,met-d-S_VLDL_C,rs10842724
12,0.0331851,met-d-S_VLDL_C,rs10649122
13,0.0296962,met-d-S_VLDL_C,rs6602909
14,0.0236146,met-d-S_VLDL_C,rs72694391
15,0.0784143,met-d-S_VLDL_C,rs150844304
15,-0.0767265,met-d-S_VLDL_C,rs261290
15,0.0538427,met-d-S_VLDL_C,rs633695
16,0.0784357,met-d-S_VLDL_C,rs75911530
16,-0.114001,met-d-S_VLDL_C,rs247616
16,-0.0283023,met-d-S_VLDL_C,rs7202323
16,0.0455341,met-d-S_VLDL_C,rs3794695
17,0.135916,met-d-S_VLDL_C,rs77542162
17,-0.0446936,met-d-S_VLDL_C,rs72631343
17,0.0295477,met-d-S_VLDL_C,rs56325564
19,-0.140849,met-d-S_VLDL_C,rs12151108
19,-0.105914,met-d-S_VLDL_C,rs58542926
19,-0.0254637,met-d-S_VLDL_C,rs838140
19,0.0346943,met-d-S_VLDL_C,rs2738447
19,-0.0752249,met-d-S_VLDL_C,rs28807203
19,0.0327337,met-d-S_VLDL_C,rs10410835
19,0.134152,met-d-S_VLDL_C,rs115881343
19,-0.257533,met-d-S_VLDL_C,rs1065853
20,-0.0324837,met-d-S_VLDL_C,rs4810479
20,0.0723354,met-d-S_VLDL_C,rs73078112
20,0.118744,met-d-S_VLDL_C,rs1883711
22,0.025284,met-d-S_VLDL_C,rs9616847
