chr,beta,id,snp
1,0.0217686,met-d-VLDL_size,rs6689335
1,0.098306,met-d-VLDL_size,rs79598313
1,-0.0796125,met-d-VLDL_size,rs74910819
1,0.0633814,met-d-VLDL_size,rs1168013
1,-0.021107,met-d-VLDL_size,rs2642438
1,-0.0471256,met-d-VLDL_size,rs1546954
2,-0.0884273,met-d-VLDL_size,rs676210
2,-0.0469808,met-d-VLDL_size,rs13389219
2,0.0417396,met-d-VLDL_size,rs2972140
2,-0.0242054,met-d-VLDL_size,rs11903847
2,0.0713632,met-d-VLDL_size,rs78058190
2,-0.0835658,met-d-VLDL_size,rs1260326
3,-0.033767,met-d-VLDL_size,rs3963364
3,0.0627795,met-d-VLDL_size,rs79287178
3,0.0405101,met-d-VLDL_size,rs9844972
4,0.0234772,met-d-VLDL_size,rs13115795
4,-0.0252866,met-d-VLDL_size,rs1867172
4,-0.0387018,met-d-VLDL_size,rs13108218
4,0.0238837,met-d-VLDL_size,rs2702552
5,-0.0516793,met-d-VLDL_size,rs11429307
5,-0.0210247,met-d-VLDL_size,rs37538
5,0.0258951,met-d-VLDL_size,rs4704834
6,0.0336285,met-d-VLDL_size,rs3129755
6,0.0726655,met-d-VLDL_size,rs150960004
6,-0.333887,met-d-VLDL_size,rs117733303
6,0.05991,met-d-VLDL_size,rs71536559
6,-0.031675,met-d-VLDL_size,rs17585887
6,-0.106982,met-d-VLDL_size,rs146534110
6,-0.0435807,met-d-VLDL_size,rs3127580
6,0.035096,met-d-VLDL_size,rs998584
6,0.0312971,met-d-VLDL_size,rs2745353
6,-0.12281,met-d-VLDL_size,rs73596816
6,0.0782884,met-d-VLDL_size,rs117857195
6,-0.217825,met-d-VLDL_size,rs10455872
7,0.0312364,met-d-VLDL_size,rs12702449
7,-0.0273991,met-d-VLDL_size,rs56001710
7,-0.0227461,met-d-VLDL_size,rs849327
7,-0.121609,met-d-VLDL_size,rs34062580
7,0.0549275,met-d-VLDL_size,rs111432585
7,0.0309429,met-d-VLDL_size,rs11976955
8,-0.185106,met-d-VLDL_size,rs328
8,-0.0272095,met-d-VLDL_size,rs59296513
8,-0.0379698,met-d-VLDL_size,rs2921064
8,-0.0611055,met-d-VLDL_size,rs28601761
8,0.0287598,met-d-VLDL_size,rs3860847
8,-0.0635322,met-d-VLDL_size,rs1561748
10,-0.023222,met-d-VLDL_size,rs835273
10,-0.0405691,met-d-VLDL_size,rs7924036
11,0.0729003,met-d-VLDL_size,rs174553
11,0.0242516,met-d-VLDL_size,rs883863
11,0.253992,met-d-VLDL_size,rs144018203
11,-0.199694,met-d-VLDL_size,rs964184
11,0.0580384,met-d-VLDL_size,rs12294913
11,0.0253255,met-d-VLDL_size,rs10750766
11,-0.222917,met-d-VLDL_size,rs1047964
12,-0.0246932,met-d-VLDL_size,rs4760254
12,-0.0284022,met-d-VLDL_size,rs7133378
13,-0.0243318,met-d-VLDL_size,rs149778057
13,0.0237633,met-d-VLDL_size,rs35678857
13,0.0224748,met-d-VLDL_size,rs7140110
15,0.117992,met-d-VLDL_size,rs473224
15,0.103655,met-d-VLDL_size,rs150844304
15,0.0520857,met-d-VLDL_size,rs1560390
15,-0.119944,met-d-VLDL_size,rs10468017
16,-0.0278194,met-d-VLDL_size,rs7205804
16,-0.031112,met-d-VLDL_size,rs11075253
16,-0.032524,met-d-VLDL_size,rs2925979
17,-0.142358,met-d-VLDL_size,rs1801689
17,-0.023392,met-d-VLDL_size,rs2292644
17,0.0482304,met-d-VLDL_size,rs11651280
17,0.140966,met-d-VLDL_size,rs72836561
19,-0.110738,met-d-VLDL_size,rs182611493
19,0.0498014,met-d-VLDL_size,rs371786442
19,0.0549444,met-d-VLDL_size,rs483082
19,-0.222426,met-d-VLDL_size,rs116843064
19,0.0670828,met-d-VLDL_size,rs5112
19,-0.100167,met-d-VLDL_size,rs58542926
20,0.0668197,met-d-VLDL_size,rs7679
22,-0.0241077,met-d-VLDL_size,rs2294915
