chr,beta,id,snp
1,-0.0564513,met-d-L_VLDL_C_pct,rs12740374
1,-0.0260308,met-d-L_VLDL_C_pct,rs140584594
1,0.0242237,met-d-L_VLDL_C_pct,rs17447211
1,-0.244027,met-d-L_VLDL_C_pct,rs11591147
1,0.0663841,met-d-L_VLDL_C_pct,rs11206517
2,0.0282003,met-d-L_VLDL_C_pct,rs11688682
2,0.0305269,met-d-L_VLDL_C_pct,rs62188784
2,0.0619745,met-d-L_VLDL_C_pct,rs934197
2,0.0523047,met-d-L_VLDL_C_pct,rs1260326
2,-0.0643754,met-d-L_VLDL_C_pct,rs114938914
3,0.0367533,met-d-L_VLDL_C_pct,rs1899951
5,-0.0298051,met-d-L_VLDL_C_pct,rs40270
5,0.0261196,met-d-L_VLDL_C_pct,rs7707394
5,0.0364462,met-d-L_VLDL_C_pct,rs13358429
6,0.132219,met-d-L_VLDL_C_pct,rs146534110
6,0.0651747,met-d-L_VLDL_C_pct,rs3127580
6,0.260361,met-d-L_VLDL_C_pct,rs117733303
6,-0.0882622,met-d-L_VLDL_C_pct,rs13220128
6,-0.0360253,met-d-L_VLDL_C_pct,rs3129774
6,0.111159,met-d-L_VLDL_C_pct,rs73596816
6,-0.0699507,met-d-L_VLDL_C_pct,rs1247304
6,0.213757,met-d-L_VLDL_C_pct,rs10455872
7,0.0226285,met-d-L_VLDL_C_pct,rs849327
7,-0.033073,met-d-L_VLDL_C_pct,rs9769088
7,0.0414307,met-d-L_VLDL_C_pct,rs4722551
7,-0.054312,met-d-L_VLDL_C_pct,rs28454618
7,0.0817239,met-d-L_VLDL_C_pct,rs34062580
8,-0.0310459,met-d-L_VLDL_C_pct,rs34171564
8,0.0611758,met-d-L_VLDL_C_pct,rs325
9,0.0820941,met-d-L_VLDL_C_pct,rs2519093
9,-0.0320158,met-d-L_VLDL_C_pct,rs686030
9,-0.0272611,met-d-L_VLDL_C_pct,rs13301660
10,0.032793,met-d-L_VLDL_C_pct,rs10822163
11,0.042619,met-d-L_VLDL_C_pct,rs11601507
11,-0.0392051,met-d-L_VLDL_C_pct,rs174537
11,0.0315418,met-d-L_VLDL_C_pct,rs2306363
11,0.069988,met-d-L_VLDL_C_pct,rs964184
11,0.0321445,met-d-L_VLDL_C_pct,rs78689694
11,-0.113845,met-d-L_VLDL_C_pct,rs144018203
12,0.0435879,met-d-L_VLDL_C_pct,rs12426505
14,0.0993286,met-d-L_VLDL_C_pct,rs28929474
15,-0.0536307,met-d-L_VLDL_C_pct,rs4775090
15,-0.0273887,met-d-L_VLDL_C_pct,rs1037116
15,0.0302245,met-d-L_VLDL_C_pct,rs261265
15,-0.114071,met-d-L_VLDL_C_pct,rs1532085
15,0.13933,met-d-L_VLDL_C_pct,rs2070895
16,-0.152392,met-d-L_VLDL_C_pct,rs183130
16,0.0978535,met-d-L_VLDL_C_pct,rs75911530
17,-0.0277327,met-d-L_VLDL_C_pct,rs3809868
17,0.162128,met-d-L_VLDL_C_pct,rs1801689
17,-0.0802905,met-d-L_VLDL_C_pct,rs77697917
17,0.16065,met-d-L_VLDL_C_pct,rs77542162
17,-0.025712,met-d-L_VLDL_C_pct,rs200938405
19,0.0303541,met-d-L_VLDL_C_pct,rs3185010
19,-0.192331,met-d-L_VLDL_C_pct,rs1065853
19,0.0906611,met-d-L_VLDL_C_pct,rs147711004
19,-0.104366,met-d-L_VLDL_C_pct,rs12151108
19,-0.0606148,met-d-L_VLDL_C_pct,rs28807203
20,-0.0259125,met-d-L_VLDL_C_pct,rs2618566
20,-0.0248425,met-d-L_VLDL_C_pct,rs310631
22,0.0327832,met-d-L_VLDL_C_pct,rs738408
