chr,beta,id,snp
1,-0.0867294,met-d-L_LDL_FC_pct,rs182050989
1,0.0552111,met-d-L_LDL_FC_pct,rs11207994
1,-0.0452593,met-d-L_LDL_FC_pct,rs59484402
1,0.0349588,met-d-L_LDL_FC_pct,rs2642438
1,-0.0351997,met-d-L_LDL_FC_pct,rs67408364
1,-0.0333107,met-d-L_LDL_FC_pct,rs12740374
1,-0.125948,met-d-L_LDL_FC_pct,rs12750160
1,-0.0210029,met-d-L_LDL_FC_pct,rs6689335
2,-0.0509703,met-d-L_LDL_FC_pct,rs11689541
2,0.0938148,met-d-L_LDL_FC_pct,rs1260326
2,0.0438989,met-d-L_LDL_FC_pct,rs1128249
2,-0.0876175,met-d-L_LDL_FC_pct,rs78058190
2,-0.106535,met-d-L_LDL_FC_pct,rs2678379
2,-0.049221,met-d-L_LDL_FC_pct,rs2943650
3,-0.0347614,met-d-L_LDL_FC_pct,rs684773
3,-0.0348521,met-d-L_LDL_FC_pct,rs6764884
3,-0.0464484,met-d-L_LDL_FC_pct,rs9844972
3,0.0300614,met-d-L_LDL_FC_pct,rs6796333
4,0.0268101,met-d-L_LDL_FC_pct,rs13108218
4,-0.0234827,met-d-L_LDL_FC_pct,rs10008637
4,-0.0270778,met-d-L_LDL_FC_pct,rs3775228
4,-0.0522121,met-d-L_LDL_FC_pct,rs13107325
5,-0.0232258,met-d-L_LDL_FC_pct,rs4704834
5,0.0581103,met-d-L_LDL_FC_pct,rs11429307
5,0.0247935,met-d-L_LDL_FC_pct,rs7707394
5,0.0293099,met-d-L_LDL_FC_pct,rs200450501
5,0.0211866,met-d-L_LDL_FC_pct,rs37538
5,0.0301872,met-d-L_LDL_FC_pct,rs2112347
6,0.111002,met-d-L_LDL_FC_pct,rs10455872
6,-0.0395531,met-d-L_LDL_FC_pct,rs3129755
6,-0.0346358,met-d-L_LDL_FC_pct,rs6905288
6,0.0334922,met-d-L_LDL_FC_pct,rs632057
6,-0.0293384,met-d-L_LDL_FC_pct,rs28752924
6,-0.0255524,met-d-L_LDL_FC_pct,rs55964643
6,-0.0604188,met-d-L_LDL_FC_pct,rs12212146
6,0.177925,met-d-L_LDL_FC_pct,rs117733303
6,-0.0621392,met-d-L_LDL_FC_pct,rs72959041
6,-0.0619424,met-d-L_LDL_FC_pct,rs71536559
7,0.142637,met-d-L_LDL_FC_pct,rs3812316
7,-0.0453878,met-d-L_LDL_FC_pct,rs10642257
7,-0.0735924,met-d-L_LDL_FC_pct,rs72555385
7,0.0242808,met-d-L_LDL_FC_pct,rs35163364
7,-0.028006,met-d-L_LDL_FC_pct,rs6971365
7,0.0231838,met-d-L_LDL_FC_pct,rs56287412
8,-0.0285373,met-d-L_LDL_FC_pct,rs4646246
8,-0.0320741,met-d-L_LDL_FC_pct,rs7007394
8,-0.0504833,met-d-L_LDL_FC_pct,rs71205961
8,0.193532,met-d-L_LDL_FC_pct,rs328
8,0.0744633,met-d-L_LDL_FC_pct,rs1561748
8,0.0623285,met-d-L_LDL_FC_pct,rs28601761
8,-0.0314876,met-d-L_LDL_FC_pct,rs7009450
9,-0.0233404,met-d-L_LDL_FC_pct,rs10747046
9,0.0309776,met-d-L_LDL_FC_pct,rs507666
10,0.0541871,met-d-L_LDL_FC_pct,rs10761753
10,0.0389562,met-d-L_LDL_FC_pct,rs10786114
10,-0.0392262,met-d-L_LDL_FC_pct,rs2803619
10,0.0257784,met-d-L_LDL_FC_pct,rs2068888
11,-0.0616124,met-d-L_LDL_FC_pct,rs35927325
11,0.0301969,met-d-L_LDL_FC_pct,rs2306363
11,0.0264663,met-d-L_LDL_FC_pct,rs112396965
11,0.0243975,met-d-L_LDL_FC_pct,rs10838681
11,0.203765,met-d-L_LDL_FC_pct,rs964184
11,-0.0834809,met-d-L_LDL_FC_pct,rs174554
11,-0.287896,met-d-L_LDL_FC_pct,rs141469619
11,0.22641,met-d-L_LDL_FC_pct,rs1047964
12,0.0219116,met-d-L_LDL_FC_pct,rs10774625
12,0.0276278,met-d-L_LDL_FC_pct,rs10773049
12,0.0288224,met-d-L_LDL_FC_pct,rs11609805
12,0.022581,met-d-L_LDL_FC_pct,rs4930724
15,-0.203915,met-d-L_LDL_FC_pct,rs150844304
15,0.0240986,met-d-L_LDL_FC_pct,rs12914626
15,-0.0477697,met-d-L_LDL_FC_pct,rs7177289
15,-0.0220528,met-d-L_LDL_FC_pct,rs7402939
16,0.0385653,met-d-L_LDL_FC_pct,rs2925979
16,0.0219548,met-d-L_LDL_FC_pct,rs56156922
16,0.0287977,met-d-L_LDL_FC_pct,rs11644601
16,-0.022393,met-d-L_LDL_FC_pct,rs7359336
17,0.0713754,met-d-L_LDL_FC_pct,rs1801689
17,0.0208533,met-d-L_LDL_FC_pct,rs8078135
17,0.0243256,met-d-L_LDL_FC_pct,rs4969179
17,-0.128251,met-d-L_LDL_FC_pct,rs72836561
19,0.0520608,met-d-L_LDL_FC_pct,rs35137994
19,-0.384745,met-d-L_LDL_FC_pct,rs1065853
19,0.256993,met-d-L_LDL_FC_pct,rs116843064
19,-0.0972736,met-d-L_LDL_FC_pct,rs28807203
19,0.101075,met-d-L_LDL_FC_pct,rs147711004
19,-0.050756,met-d-L_LDL_FC_pct,rs141820146
20,0.0244198,met-d-L_LDL_FC_pct,rs438568
20,-0.075012,met-d-L_LDL_FC_pct,rs7679
22,-0.0219519,met-d-L_LDL_FC_pct,rs2267373
