chr,beta,id,snp
1,-0.0320934,met-d-XL_HDL_PL_pct,rs1277930
1,0.0240599,met-d-XL_HDL_PL_pct,rs2811290
1,0.0398801,met-d-XL_HDL_PL_pct,rs1546954
1,-0.0353972,met-d-XL_HDL_PL_pct,rs5082
1,-0.0296216,met-d-XL_HDL_PL_pct,rs6694102
1,0.0226487,met-d-XL_HDL_PL_pct,rs9424467
2,-0.0272167,met-d-XL_HDL_PL_pct,rs2972146
2,0.0236401,met-d-XL_HDL_PL_pct,rs59104589
2,0.0561747,met-d-XL_HDL_PL_pct,rs1260326
2,0.0333531,met-d-XL_HDL_PL_pct,rs676210
2,0.0294311,met-d-XL_HDL_PL_pct,rs13389219
3,-0.0277594,met-d-XL_HDL_PL_pct,rs62276455
4,-0.0450824,met-d-XL_HDL_PL_pct,rs13107325
4,0.0318911,met-d-XL_HDL_PL_pct,rs13108218
4,-0.028789,met-d-XL_HDL_PL_pct,rs1126673
5,0.0388321,met-d-XL_HDL_PL_pct,rs11429307
6,0.0376018,met-d-XL_HDL_PL_pct,rs72894778
6,-0.0269081,met-d-XL_HDL_PL_pct,rs28752534
6,-0.024039,met-d-XL_HDL_PL_pct,rs10457487
6,0.024299,met-d-XL_HDL_PL_pct,rs72934503
6,-0.0322787,met-d-XL_HDL_PL_pct,rs998584
7,-0.0328618,met-d-XL_HDL_PL_pct,rs62433138
7,-0.0269866,met-d-XL_HDL_PL_pct,rs6465679
7,0.0682191,met-d-XL_HDL_PL_pct,rs34060476
7,-0.0499059,met-d-XL_HDL_PL_pct,rs72555385
7,-0.02625,met-d-XL_HDL_PL_pct,rs854572
7,-0.026824,met-d-XL_HDL_PL_pct,rs61462211
7,-0.0387266,met-d-XL_HDL_PL_pct,rs1849490
8,0.0318112,met-d-XL_HDL_PL_pct,rs7832515
8,-0.0960337,met-d-XL_HDL_PL_pct,rs144503444
8,-0.0224816,met-d-XL_HDL_PL_pct,rs10503426
8,0.0763036,met-d-XL_HDL_PL_pct,rs1569209
8,0.0363212,met-d-XL_HDL_PL_pct,rs112875651
9,0.0230065,met-d-XL_HDL_PL_pct,rs10756792
9,-0.0419277,met-d-XL_HDL_PL_pct,rs635634
10,0.0245014,met-d-XL_HDL_PL_pct,rs4418728
10,-0.0264167,met-d-XL_HDL_PL_pct,rs2803619
11,-0.0675756,met-d-XL_HDL_PL_pct,rs102274
11,0.0692523,met-d-XL_HDL_PL_pct,rs964184
11,-0.0380049,met-d-XL_HDL_PL_pct,rs78689694
11,0.153533,met-d-XL_HDL_PL_pct,rs1047964
11,0.0216304,met-d-XL_HDL_PL_pct,rs1052373
12,-0.0357585,met-d-XL_HDL_PL_pct,rs921919
12,0.0243449,met-d-XL_HDL_PL_pct,rs3809113
12,0.0239499,met-d-XL_HDL_PL_pct,rs10846606
12,0.0260525,met-d-XL_HDL_PL_pct,rs1054852
12,0.0374079,met-d-XL_HDL_PL_pct,rs10692614
15,-0.0562553,met-d-XL_HDL_PL_pct,rs138296332
15,0.0342817,met-d-XL_HDL_PL_pct,rs187776
15,0.170765,met-d-XL_HDL_PL_pct,rs261291
15,-0.0752353,met-d-XL_HDL_PL_pct,rs1560390
15,0.0415666,met-d-XL_HDL_PL_pct,rs6082
15,-0.0982518,met-d-XL_HDL_PL_pct,rs12914626
16,-0.0292645,met-d-XL_HDL_PL_pct,rs6498540
16,0.136984,met-d-XL_HDL_PL_pct,rs821840
16,0.0246019,met-d-XL_HDL_PL_pct,rs13338063
16,-0.0276801,met-d-XL_HDL_PL_pct,rs12934018
16,0.0240455,met-d-XL_HDL_PL_pct,rs12443634
16,-0.0230364,met-d-XL_HDL_PL_pct,rs4843771
17,-0.0799954,met-d-XL_HDL_PL_pct,rs72836561
17,-0.0284235,met-d-XL_HDL_PL_pct,rs2668690
17,0.0442137,met-d-XL_HDL_PL_pct,rs55714927
18,0.16253,met-d-XL_HDL_PL_pct,rs77960347
18,0.0406676,met-d-XL_HDL_PL_pct,rs7241918
19,0.0544479,met-d-XL_HDL_PL_pct,rs58542926
19,-0.0428261,met-d-XL_HDL_PL_pct,rs72235114
19,0.0258342,met-d-XL_HDL_PL_pct,rs7599
19,0.100928,met-d-XL_HDL_PL_pct,rs116843064
19,-0.0415835,met-d-XL_HDL_PL_pct,rs737337
19,0.113696,met-d-XL_HDL_PL_pct,rs1065853
20,-0.207977,met-d-XL_HDL_PL_pct,rs1057208
20,-0.0693655,met-d-XL_HDL_PL_pct,rs76070947
20,0.0287346,met-d-XL_HDL_PL_pct,rs3092498
20,-0.066809,met-d-XL_HDL_PL_pct,rs1569721
