chr,beta,id,snp
1,0.0307503,met-d-Total_CE,rs553427
1,-0.0266359,met-d-Total_CE,rs3768321
1,-0.0908982,met-d-Total_CE,rs12740374
1,-0.26614,met-d-Total_CE,rs11591147
1,-0.0285625,met-d-Total_CE,rs2495477
1,-0.0227481,met-d-Total_CE,rs2986164
1,0.0384204,met-d-Total_CE,rs7534572
1,0.0333943,met-d-Total_CE,rs2642438
1,0.0835274,met-d-Total_CE,rs11206517
2,0.0962536,met-d-Total_CE,rs562338
2,-0.0328653,met-d-Total_CE,rs11127048
2,-0.0244783,met-d-Total_CE,rs35135293
2,-0.0243433,met-d-Total_CE,rs2943650
2,-0.0418188,met-d-Total_CE,rs4299376
4,0.0251015,met-d-Total_CE,rs4860948
4,-0.0415682,met-d-Total_CE,rs13107325
5,0.036647,met-d-Total_CE,rs7707394
5,0.0241809,met-d-Total_CE,rs1895233
5,0.0517037,met-d-Total_CE,rs11749783
5,0.0334135,met-d-Total_CE,rs6882345
6,-0.0409718,met-d-Total_CE,rs36018387
6,-0.0381787,met-d-Total_CE,rs3777411
6,0.0241817,met-d-Total_CE,rs12198895
6,-0.0514115,met-d-Total_CE,rs79220007
6,0.0452323,met-d-Total_CE,rs147841808
7,-0.0281479,met-d-Total_CE,rs1057558
8,-0.0439356,met-d-Total_CE,rs112875651
8,0.0782855,met-d-Total_CE,rs1461729
8,0.0584343,met-d-Total_CE,rs17411113
9,0.0560603,met-d-Total_CE,rs115478735
9,0.0433211,met-d-Total_CE,rs11789603
9,0.0278648,met-d-Total_CE,rs4008004
9,-0.0436772,met-d-Total_CE,rs2740488
10,-0.0337232,met-d-Total_CE,rs2792735
11,0.0420022,met-d-Total_CE,rs688456
11,-0.0406577,met-d-Total_CE,rs72997616
11,-0.0272157,met-d-Total_CE,rs10838724
11,-0.0678088,met-d-Total_CE,rs102275
12,0.0308949,met-d-Total_CE,rs653178
12,0.0273391,met-d-Total_CE,rs1805776
12,-0.0265596,met-d-Total_CE,rs11065358
14,0.0239039,met-d-Total_CE,rs11621792
15,-0.0743409,met-d-Total_CE,rs261290
15,0.0561893,met-d-Total_CE,rs633695
16,-0.0549733,met-d-Total_CE,rs1864163
16,0.0333984,met-d-Total_CE,rs34042070
17,0.113812,met-d-Total_CE,rs77542162
17,-0.0849441,met-d-Total_CE,rs72836561
17,-0.0329423,met-d-Total_CE,rs72631343
17,0.0284248,met-d-Total_CE,rs56325564
18,0.192917,met-d-Total_CE,rs77960347
18,0.0495618,met-d-Total_CE,rs9304381
19,-0.127605,met-d-Total_CE,rs12151108
19,-0.122516,met-d-Total_CE,rs73013176
19,-0.410894,met-d-Total_CE,rs1065853
19,-0.0929212,met-d-Total_CE,rs58542926
19,-0.101903,met-d-Total_CE,rs28807203
19,0.0466719,met-d-Total_CE,rs8103315
19,0.0416608,met-d-Total_CE,rs2927468
19,0.133404,met-d-Total_CE,rs1081105
19,-0.115327,met-d-Total_CE,rs111278137
19,-0.0659345,met-d-Total_CE,rs17699030
20,-0.0217869,met-d-Total_CE,rs2618566
20,-0.0864874,met-d-Total_CE,rs1800961
20,0.0794453,met-d-Total_CE,rs1883711
