chr,beta,id,snp
1,-0.0553595,met-d-MUFA_pct,rs11207994
1,0.0328638,met-d-MUFA_pct,rs60069508
1,0.0838152,met-d-MUFA_pct,rs182050989
1,0.0497903,met-d-MUFA_pct,rs59484402
1,-0.0318932,met-d-MUFA_pct,rs2642438
1,-0.0283878,met-d-MUFA_pct,rs1365297
2,-0.0365109,met-d-MUFA_pct,rs1128249
2,-0.0749782,met-d-MUFA_pct,rs676210
2,0.0370677,met-d-MUFA_pct,rs2972140
2,-0.087988,met-d-MUFA_pct,rs1260326
2,0.0730592,met-d-MUFA_pct,rs78058190
3,0.0238453,met-d-MUFA_pct,rs11235
3,-0.0301721,met-d-MUFA_pct,rs34634128
4,0.0281023,met-d-MUFA_pct,rs1408
4,0.0227438,met-d-MUFA_pct,rs72679249
4,-0.0304138,met-d-MUFA_pct,rs13108218
4,-0.0289578,met-d-MUFA_pct,rs56257534
4,0.0431697,met-d-MUFA_pct,rs13107325
4,0.0235776,met-d-MUFA_pct,rs11940694
5,-0.0279624,met-d-MUFA_pct,rs13186403
5,-0.0451487,met-d-MUFA_pct,rs11429307
5,0.0283784,met-d-MUFA_pct,rs4704834
6,0.0309913,met-d-MUFA_pct,rs9271546
6,0.0581055,met-d-MUFA_pct,rs12212146
6,0.0246661,met-d-MUFA_pct,rs28752924
6,0.0221095,met-d-MUFA_pct,rs55964643
6,-0.129819,met-d-MUFA_pct,rs10455872
6,-0.0282265,met-d-MUFA_pct,rs632057
6,-0.207627,met-d-MUFA_pct,rs117733303
6,0.0271731,met-d-MUFA_pct,rs998584
7,-0.111192,met-d-MUFA_pct,rs3812316
7,-0.027965,met-d-MUFA_pct,rs56001710
7,-0.0243836,met-d-MUFA_pct,rs35163364
7,0.0649793,met-d-MUFA_pct,rs72555385
8,-0.0673085,met-d-MUFA_pct,rs1561748
8,0.0428858,met-d-MUFA_pct,rs71205961
8,-0.0343387,met-d-MUFA_pct,rs3789849
8,-0.186769,met-d-MUFA_pct,rs328
8,-0.059064,met-d-MUFA_pct,rs28601761
8,0.0265109,met-d-MUFA_pct,rs10085931
10,-0.0493627,met-d-MUFA_pct,rs603424
10,0.0244112,met-d-MUFA_pct,rs563296
10,0.0270636,met-d-MUFA_pct,rs2803619
10,0.061909,met-d-MUFA_pct,rs79791375
10,-0.0451893,met-d-MUFA_pct,rs7924036
11,-0.0265859,met-d-MUFA_pct,rs112396965
11,0.108898,met-d-MUFA_pct,rs143355652
11,-0.191271,met-d-MUFA_pct,rs964184
11,0.198596,met-d-MUFA_pct,rs174564
11,0.0905949,met-d-MUFA_pct,rs192987072
11,0.264385,met-d-MUFA_pct,rs141469619
11,-0.228602,met-d-MUFA_pct,rs1047964
11,0.0350728,met-d-MUFA_pct,rs12226389
11,0.0965122,met-d-MUFA_pct,rs149402055
12,0.0361517,met-d-MUFA_pct,rs67981690
12,-0.0300848,met-d-MUFA_pct,rs11172134
13,0.0235505,met-d-MUFA_pct,rs7140110
15,0.124953,met-d-MUFA_pct,rs150844304
16,-0.0711046,met-d-MUFA_pct,rs11644601
16,-0.0292427,met-d-MUFA_pct,rs2925979
16,-0.0363932,met-d-MUFA_pct,rs821840
16,0.0679614,met-d-MUFA_pct,rs139110024
17,-0.0717665,met-d-MUFA_pct,rs1801689
17,0.116591,met-d-MUFA_pct,rs72836561
17,0.0444093,met-d-MUFA_pct,rs9910747
19,-0.221992,met-d-MUFA_pct,rs116843064
19,0.123818,met-d-MUFA_pct,rs1065853
19,0.0532139,met-d-MUFA_pct,rs283814
19,-0.0448261,met-d-MUFA_pct,rs2304128
19,-0.0521293,met-d-MUFA_pct,rs62117489
20,0.0558184,met-d-MUFA_pct,rs6073958
22,0.0404006,met-d-MUFA_pct,rs3970551
