chr,beta,id,snp
2,0.0228654,met-d-XXL_VLDL_FC_pct,rs13389219
2,0.031502,met-d-XXL_VLDL_FC_pct,rs1260326
5,-0.031468,met-d-XXL_VLDL_FC_pct,rs458356
6,-0.0263721,met-d-XXL_VLDL_FC_pct,rs17613367
6,0.341348,met-d-XXL_VLDL_FC_pct,rs117733303
6,0.151753,met-d-XXL_VLDL_FC_pct,rs73596816
6,0.266871,met-d-XXL_VLDL_FC_pct,rs10455872
6,-0.0827886,met-d-XXL_VLDL_FC_pct,rs117857195
6,0.130353,met-d-XXL_VLDL_FC_pct,rs146534110
6,-0.0717663,met-d-XXL_VLDL_FC_pct,rs1247304
6,-0.02263,met-d-XXL_VLDL_FC_pct,rs7766106
6,0.0800942,met-d-XXL_VLDL_FC_pct,rs3127580
6,-0.0388744,met-d-XXL_VLDL_FC_pct,rs12179053
7,-0.0265056,met-d-XXL_VLDL_FC_pct,rs10274367
7,0.0257551,met-d-XXL_VLDL_FC_pct,rs56001710
8,0.0321792,met-d-XXL_VLDL_FC_pct,rs28601761
8,0.0511962,met-d-XXL_VLDL_FC_pct,rs60223219
9,0.0463435,met-d-XXL_VLDL_FC_pct,rs115478735
11,-0.12884,met-d-XXL_VLDL_FC_pct,rs144018203
11,0.0574089,met-d-XXL_VLDL_FC_pct,rs80247985
11,0.0445887,met-d-XXL_VLDL_FC_pct,rs964184
11,-0.0291375,met-d-XXL_VLDL_FC_pct,rs174560
15,0.122843,met-d-XXL_VLDL_FC_pct,rs1077835
15,-0.0266579,met-d-XXL_VLDL_FC_pct,rs77732800
15,-0.109037,met-d-XXL_VLDL_FC_pct,rs1532085
16,-0.0486352,met-d-XXL_VLDL_FC_pct,rs821840
17,-0.0621995,met-d-XXL_VLDL_FC_pct,rs72836561
17,0.137434,met-d-XXL_VLDL_FC_pct,rs1801689
19,-0.0467297,met-d-XXL_VLDL_FC_pct,rs5112
19,-0.0283252,met-d-XXL_VLDL_FC_pct,rs885683
19,0.0712817,met-d-XXL_VLDL_FC_pct,rs72999033
20,0.0485802,met-d-XXL_VLDL_FC_pct,rs73307905
22,0.0473371,met-d-XXL_VLDL_FC_pct,rs738408
