chr,beta,id,snp
1,0.0950511,met-d-XXL_VLDL_TG,rs79598313
1,0.0358158,met-d-XXL_VLDL_TG,rs59484402
1,0.0706137,met-d-XXL_VLDL_TG,rs79439217
1,-0.0765906,met-d-XXL_VLDL_TG,rs74910819
2,0.0387348,met-d-XXL_VLDL_TG,rs2943635
2,-0.0771896,met-d-XXL_VLDL_TG,rs1260326
2,-0.0711071,met-d-XXL_VLDL_TG,rs676210
2,-0.0483172,met-d-XXL_VLDL_TG,rs13389219
3,-0.0328841,met-d-XXL_VLDL_TG,rs3963364
3,0.0332656,met-d-XXL_VLDL_TG,rs895893
4,-0.0253438,met-d-XXL_VLDL_TG,rs4491981
4,0.0316231,met-d-XXL_VLDL_TG,rs13115795
4,-0.024916,met-d-XXL_VLDL_TG,rs13108218
5,-0.0491084,met-d-XXL_VLDL_TG,rs11429307
5,0.0341135,met-d-XXL_VLDL_TG,rs4704834
6,-0.0669796,met-d-XXL_VLDL_TG,rs3127580
6,0.03134,met-d-XXL_VLDL_TG,rs113410528
6,-0.418253,met-d-XXL_VLDL_TG,rs117733303
6,-0.142506,met-d-XXL_VLDL_TG,rs146534110
6,0.0288221,met-d-XXL_VLDL_TG,rs1936806
6,0.0316788,met-d-XXL_VLDL_TG,rs12179053
6,-0.102807,met-d-XXL_VLDL_TG,rs184089815
6,0.0995204,met-d-XXL_VLDL_TG,rs147858094
6,-0.0950651,met-d-XXL_VLDL_TG,rs4252147
6,-0.141458,met-d-XXL_VLDL_TG,rs73596816
6,-0.0294759,met-d-XXL_VLDL_TG,rs632057
6,-0.281729,met-d-XXL_VLDL_TG,rs10455872
6,0.0813347,met-d-XXL_VLDL_TG,rs114786106
6,0.0928936,met-d-XXL_VLDL_TG,rs117857195
6,0.0244439,met-d-XXL_VLDL_TG,rs998584
7,0.0508225,met-d-XXL_VLDL_TG,rs72555385
7,0.0226491,met-d-XXL_VLDL_TG,rs10274367
7,-0.0964168,met-d-XXL_VLDL_TG,rs3812316
7,-0.0325207,met-d-XXL_VLDL_TG,rs56001710
7,0.0285809,met-d-XXL_VLDL_TG,rs6971365
8,-0.0545981,met-d-XXL_VLDL_TG,rs1561748
8,0.0333004,met-d-XXL_VLDL_TG,rs752446
8,-0.0700238,met-d-XXL_VLDL_TG,rs28601761
8,0.0306532,met-d-XXL_VLDL_TG,rs3860847
8,-0.164446,met-d-XXL_VLDL_TG,rs328
10,-0.0359235,met-d-XXL_VLDL_TG,rs7095571
10,0.0222618,met-d-XXL_VLDL_TG,rs526748
10,-0.044015,met-d-XXL_VLDL_TG,rs140312320
10,0.0237582,met-d-XXL_VLDL_TG,rs2497337
11,0.0614193,met-d-XXL_VLDL_TG,rs174580
11,-0.218428,met-d-XXL_VLDL_TG,rs1047964
11,0.0389478,met-d-XXL_VLDL_TG,rs2302263
11,-0.0270463,met-d-XXL_VLDL_TG,rs112396965
11,-0.177661,met-d-XXL_VLDL_TG,rs964184
11,0.260004,met-d-XXL_VLDL_TG,rs144018203
12,0.0245495,met-d-XXL_VLDL_TG,rs11067376
13,0.0272827,met-d-XXL_VLDL_TG,rs7140110
13,0.0289886,met-d-XXL_VLDL_TG,rs35678857
15,0.117845,met-d-XXL_VLDL_TG,rs139974673
15,0.044197,met-d-XXL_VLDL_TG,rs1601935
15,-0.0580903,met-d-XXL_VLDL_TG,rs1077834
16,0.0314276,met-d-XXL_VLDL_TG,rs8059755
16,-0.028229,met-d-XXL_VLDL_TG,rs2925979
17,-0.13966,met-d-XXL_VLDL_TG,rs1801689
17,0.101058,met-d-XXL_VLDL_TG,rs72836561
19,0.151903,met-d-XXL_VLDL_TG,rs1065853
19,-0.0927494,met-d-XXL_VLDL_TG,rs200210321
19,-0.1899,met-d-XXL_VLDL_TG,rs116843064
19,0.0238174,met-d-XXL_VLDL_TG,rs11878597
19,-0.0468565,met-d-XXL_VLDL_TG,rs62117489
19,0.040543,met-d-XXL_VLDL_TG,rs56290633
22,-0.0270992,met-d-XXL_VLDL_TG,rs2294915
