chr,beta,id,snp
1,-0.294484,met-d-XS_VLDL_FC,rs11591147
1,-0.0858537,met-d-XS_VLDL_FC,rs12740374
1,0.0559511,met-d-XS_VLDL_FC,rs7534572
1,0.0261621,met-d-XS_VLDL_FC,rs822928
1,0.0231824,met-d-XS_VLDL_FC,rs1293261
1,0.080497,met-d-XS_VLDL_FC,rs11206517
1,-0.0264018,met-d-XS_VLDL_FC,rs2495477
2,-0.0222585,met-d-XS_VLDL_FC,rs11096640
2,-0.0752452,met-d-XS_VLDL_FC,rs115445558
2,-0.0917241,met-d-XS_VLDL_FC,rs60403635
2,0.024016,met-d-XS_VLDL_FC,rs2539980
2,0.0866417,met-d-XS_VLDL_FC,rs693
2,0.0258343,met-d-XS_VLDL_FC,rs4666000
3,0.0331406,met-d-XS_VLDL_FC,rs11925442
3,-0.026526,met-d-XS_VLDL_FC,rs13076933
3,-0.0419519,met-d-XS_VLDL_FC,rs34330586
4,0.028169,met-d-XS_VLDL_FC,rs1471251
4,0.0310918,met-d-XS_VLDL_FC,rs4860948
5,0.0525999,met-d-XS_VLDL_FC,rs12916
5,0.0455863,met-d-XS_VLDL_FC,rs4704834
5,0.0341239,met-d-XS_VLDL_FC,rs7707394
6,0.0498048,met-d-XS_VLDL_FC,rs72848251
6,0.0248726,met-d-XS_VLDL_FC,rs2523675
6,0.0377216,met-d-XS_VLDL_FC,rs11753995
6,0.0702388,met-d-XS_VLDL_FC,rs12208357
7,0.0313813,met-d-XS_VLDL_FC,rs10260606
7,-0.0375038,met-d-XS_VLDL_FC,rs869412
7,0.0289495,met-d-XS_VLDL_FC,rs55718143
8,-0.0557721,met-d-XS_VLDL_FC,rs7841189
8,-0.0348199,met-d-XS_VLDL_FC,rs2737245
8,-0.0733298,met-d-XS_VLDL_FC,rs112875651
8,-0.0273101,met-d-XS_VLDL_FC,rs4738679
9,0.0542814,met-d-XS_VLDL_FC,rs115478735
10,-0.0219042,met-d-XS_VLDL_FC,rs10881987
10,-0.0208281,met-d-XS_VLDL_FC,rs2486681
11,0.0435923,met-d-XS_VLDL_FC,rs12804228
11,-0.07549,met-d-XS_VLDL_FC,rs964184
11,0.0500932,met-d-XS_VLDL_FC,rs11601507
11,-0.0573628,met-d-XS_VLDL_FC,rs102274
12,-0.0410521,met-d-XS_VLDL_FC,rs2393776
12,-0.0244502,met-d-XS_VLDL_FC,rs3782257
13,0.0266002,met-d-XS_VLDL_FC,rs6602909
13,-0.0257951,met-d-XS_VLDL_FC,rs61946991
15,-0.0825086,met-d-XS_VLDL_FC,rs117911817
15,-0.190907,met-d-XS_VLDL_FC,rs261290
15,-0.184736,met-d-XS_VLDL_FC,rs473224
15,-0.0964152,met-d-XS_VLDL_FC,rs10162642
16,0.0667588,met-d-XS_VLDL_FC,rs75911530
16,-0.0456988,met-d-XS_VLDL_FC,rs9302635
16,-0.083156,met-d-XS_VLDL_FC,rs247616
17,0.0730898,met-d-XS_VLDL_FC,rs75003668
17,0.0289459,met-d-XS_VLDL_FC,rs56325564
17,0.167784,met-d-XS_VLDL_FC,rs77542162
17,-0.0441636,met-d-XS_VLDL_FC,rs72631343
18,0.118581,met-d-XS_VLDL_FC,rs77960347
19,-0.250581,met-d-XS_VLDL_FC,rs1065853
19,0.0947567,met-d-XS_VLDL_FC,rs118170342
19,0.0325708,met-d-XS_VLDL_FC,rs2738447
19,-0.146838,met-d-XS_VLDL_FC,rs73015024
19,-0.0797592,met-d-XS_VLDL_FC,rs74747585
19,-0.0955134,met-d-XS_VLDL_FC,rs8107974
19,0.0314109,met-d-XS_VLDL_FC,rs439523
19,-0.032853,met-d-XS_VLDL_FC,rs58530605
20,0.0395248,met-d-XS_VLDL_FC,rs4812975
20,-0.034159,met-d-XS_VLDL_FC,rs112103450
20,0.106413,met-d-XS_VLDL_FC,rs1883711
20,-0.0216674,met-d-XS_VLDL_FC,rs2618566
22,0.0260658,met-d-XS_VLDL_FC,rs9616847
