chr,beta,id,snp
1,-0.177244,met-d-XL_HDL_FC,rs11591147
1,-0.0469392,met-d-XL_HDL_FC,rs5082
1,0.027418,met-d-XL_HDL_FC,rs2642438
1,-0.0575533,met-d-XL_HDL_FC,rs12740374
1,-0.0227846,met-d-XL_HDL_FC,rs59484402
1,0.0213656,met-d-XL_HDL_FC,rs72660961
1,-0.022441,met-d-XL_HDL_FC,rs4650999
1,-0.031951,met-d-XL_HDL_FC,rs7534572
2,-0.033372,met-d-XL_HDL_FC,rs2943654
2,0.0320208,met-d-XL_HDL_FC,rs13389219
2,-0.060938,met-d-XL_HDL_FC,rs34722314
2,-0.0599277,met-d-XL_HDL_FC,rs114938914
2,0.072639,met-d-XL_HDL_FC,rs1260326
2,-0.0450877,met-d-XL_HDL_FC,rs3789067
2,0.0210491,met-d-XL_HDL_FC,rs59104589
3,-0.14969,met-d-XL_HDL_FC,rs147667955
3,-0.0234517,met-d-XL_HDL_FC,rs10935473
3,-0.0373714,met-d-XL_HDL_FC,rs9844972
4,-0.0428177,met-d-XL_HDL_FC,rs35518360
4,-0.0205122,met-d-XL_HDL_FC,rs1800759
4,0.0306102,met-d-XL_HDL_FC,rs13108218
5,0.0262917,met-d-XL_HDL_FC,rs7707394
5,0.0354293,met-d-XL_HDL_FC,rs7733436
5,0.0431041,met-d-XL_HDL_FC,rs11429307
6,-0.0541988,met-d-XL_HDL_FC,rs191555775
6,-0.029259,met-d-XL_HDL_FC,rs12196438
6,0.0222763,met-d-XL_HDL_FC,rs72934503
6,-0.0300763,met-d-XL_HDL_FC,rs1050556
6,-0.0280394,met-d-XL_HDL_FC,rs6905288
6,-0.0514693,met-d-XL_HDL_FC,rs72959041
6,-0.0209533,met-d-XL_HDL_FC,rs151288714
7,0.100856,met-d-XL_HDL_FC,rs34062580
7,0.0244217,met-d-XL_HDL_FC,rs849327
7,-0.022067,met-d-XL_HDL_FC,rs236651
7,0.0192058,met-d-XL_HDL_FC,rs56001710
7,-0.0465496,met-d-XL_HDL_FC,rs111432585
7,-0.0339846,met-d-XL_HDL_FC,rs9769088
7,-0.0280752,met-d-XL_HDL_FC,rs705379
8,0.0362501,met-d-XL_HDL_FC,rs4841605
8,0.0366916,met-d-XL_HDL_FC,rs1561748
8,0.029,met-d-XL_HDL_FC,rs2980886
8,0.0920972,met-d-XL_HDL_FC,rs117199990
9,-0.0266226,met-d-XL_HDL_FC,rs2740488
9,0.0410519,met-d-XL_HDL_FC,rs675849
9,-0.0254844,met-d-XL_HDL_FC,rs635634
10,-0.033062,met-d-XL_HDL_FC,rs10787429
10,0.0320285,met-d-XL_HDL_FC,rs7897379
10,0.0245974,met-d-XL_HDL_FC,rs2068888
11,0.110734,met-d-XL_HDL_FC,rs964184
11,-0.0230436,met-d-XL_HDL_FC,rs10750766
11,0.208877,met-d-XL_HDL_FC,rs1047964
11,0.103519,met-d-XL_HDL_FC,rs35473591
11,0.0434644,met-d-XL_HDL_FC,rs11601507
11,-0.0513524,met-d-XL_HDL_FC,rs12294913
11,0.0264531,met-d-XL_HDL_FC,rs4752824
11,-0.0238124,met-d-XL_HDL_FC,rs7924631
12,0.0241243,met-d-XL_HDL_FC,rs3809113
12,0.0274834,met-d-XL_HDL_FC,rs12369443
12,-0.0321009,met-d-XL_HDL_FC,rs921919
12,0.0313641,met-d-XL_HDL_FC,rs10692614
12,0.027725,met-d-XL_HDL_FC,rs3922628
15,-0.134222,met-d-XL_HDL_FC,rs2043085
15,0.0735174,met-d-XL_HDL_FC,rs6078
15,-0.0339593,met-d-XL_HDL_FC,rs77732800
15,-0.0808981,met-d-XL_HDL_FC,rs190543502
15,-0.0541607,met-d-XL_HDL_FC,rs77516617
15,0.16784,met-d-XL_HDL_FC,rs2070895
16,0.133476,met-d-XL_HDL_FC,rs821840
16,0.0330673,met-d-XL_HDL_FC,rs11075253
16,0.0246947,met-d-XL_HDL_FC,rs1561139
16,0.0294925,met-d-XL_HDL_FC,rs2925979
17,-0.0758468,met-d-XL_HDL_FC,rs72836561
17,0.0303035,met-d-XL_HDL_FC,rs55714927
17,0.0357755,met-d-XL_HDL_FC,rs2909211
19,-0.304339,met-d-XL_HDL_FC,rs1065853
19,0.03667,met-d-XL_HDL_FC,rs8103315
19,-0.0760176,met-d-XL_HDL_FC,rs73015021
19,-0.0719341,met-d-XL_HDL_FC,rs28807203
19,0.0690502,met-d-XL_HDL_FC,rs116881820
19,-0.0353291,met-d-XL_HDL_FC,rs201801505
19,0.0309374,met-d-XL_HDL_FC,rs2927468
20,-0.0479455,met-d-XL_HDL_FC,rs6065819
20,-0.0243307,met-d-XL_HDL_FC,rs2618566
20,-0.22363,met-d-XL_HDL_FC,rs1057208
20,-0.0742723,met-d-XL_HDL_FC,rs2024570
20,0.0294067,met-d-XL_HDL_FC,rs3092498
