chr,beta,id,snp
1,-0.0537004,met-d-L_VLDL_FC_pct,rs7528419
1,0.0309541,met-d-L_VLDL_FC_pct,rs61805075
1,-0.0267792,met-d-L_VLDL_FC_pct,rs4631704
1,-0.183899,met-d-L_VLDL_FC_pct,rs11591147
2,0.0611275,met-d-L_VLDL_FC_pct,rs934197
2,-0.052723,met-d-L_VLDL_FC_pct,rs3923912
4,-0.0227086,met-d-L_VLDL_FC_pct,rs11736932
5,0.0248364,met-d-L_VLDL_FC_pct,rs79225634
6,0.10829,met-d-L_VLDL_FC_pct,rs117733303
6,0.0238234,met-d-L_VLDL_FC_pct,rs34265539
6,0.0405924,met-d-L_VLDL_FC_pct,rs71542468
6,0.101725,met-d-L_VLDL_FC_pct,rs10455872
6,0.0469511,met-d-L_VLDL_FC_pct,rs3127580
8,-0.043266,met-d-L_VLDL_FC_pct,rs2169387
8,-0.0338502,met-d-L_VLDL_FC_pct,rs13702
8,-0.0421758,met-d-L_VLDL_FC_pct,rs112875651
9,-0.0398028,met-d-L_VLDL_FC_pct,rs1215112
9,0.0762641,met-d-L_VLDL_FC_pct,rs2519093
9,-0.0286236,met-d-L_VLDL_FC_pct,rs3812595
9,-0.0711763,met-d-L_VLDL_FC_pct,rs2066718
10,-0.0443326,met-d-L_VLDL_FC_pct,rs72823013
11,0.0292313,met-d-L_VLDL_FC_pct,rs174576
11,-0.132476,met-d-L_VLDL_FC_pct,rs1047964
11,0.0764435,met-d-L_VLDL_FC_pct,rs112771035
11,-0.0365405,met-d-L_VLDL_FC_pct,rs4752973
12,-0.0295809,met-d-L_VLDL_FC_pct,rs10692614
12,-0.0262489,met-d-L_VLDL_FC_pct,rs2229357
12,0.0308488,met-d-L_VLDL_FC_pct,rs921919
15,0.0903016,met-d-L_VLDL_FC_pct,rs7350789
15,-0.0544427,met-d-L_VLDL_FC_pct,rs12914626
15,0.0316547,met-d-L_VLDL_FC_pct,rs34433629
16,0.140706,met-d-L_VLDL_FC_pct,rs75911530
16,0.0407913,met-d-L_VLDL_FC_pct,rs904770
16,-0.210949,met-d-L_VLDL_FC_pct,rs821840
16,-0.0400052,met-d-L_VLDL_FC_pct,rs2292318
16,-0.0315117,met-d-L_VLDL_FC_pct,rs12923787
17,0.127209,met-d-L_VLDL_FC_pct,rs1801689
17,-0.0258461,met-d-L_VLDL_FC_pct,rs3809868
17,0.128579,met-d-L_VLDL_FC_pct,rs77542162
17,-0.0290924,met-d-L_VLDL_FC_pct,rs5821690
18,-0.132955,met-d-L_VLDL_FC_pct,rs77960347
18,-0.0370788,met-d-L_VLDL_FC_pct,rs10438978
19,-0.0449266,met-d-L_VLDL_FC_pct,rs2376867
19,0.103657,met-d-L_VLDL_FC_pct,rs429358
19,-0.0371154,met-d-L_VLDL_FC_pct,rs199956232
19,-0.0885517,met-d-L_VLDL_FC_pct,rs12151108
19,0.0279183,met-d-L_VLDL_FC_pct,rs2738447
20,0.108237,met-d-L_VLDL_FC_pct,rs6073958
20,0.0729131,met-d-L_VLDL_FC_pct,rs150224153
20,0.0244092,met-d-L_VLDL_FC_pct,rs2223745
22,0.0303929,met-d-L_VLDL_FC_pct,rs5998509
