chr,beta,id,snp
1,-0.031797,met-d-XXL_VLDL_PL_pct,rs2103827
1,-0.0320123,met-d-XXL_VLDL_PL_pct,rs35194512
2,-0.0343223,met-d-XXL_VLDL_PL_pct,rs1260326
2,0.0717644,met-d-XXL_VLDL_PL_pct,rs4665710
4,-0.0235434,met-d-XXL_VLDL_PL_pct,rs13108218
5,-0.0228875,met-d-XXL_VLDL_PL_pct,rs4704221
5,0.0334735,met-d-XXL_VLDL_PL_pct,rs3936510
6,0.0639911,met-d-XXL_VLDL_PL_pct,rs4646272
6,0.113696,met-d-XXL_VLDL_PL_pct,rs56393506
6,0.059358,met-d-XXL_VLDL_PL_pct,rs3127580
6,0.0286129,met-d-XXL_VLDL_PL_pct,rs73390208
6,-0.0349962,met-d-XXL_VLDL_PL_pct,rs12179053
6,-0.0284103,met-d-XXL_VLDL_PL_pct,rs4711301
7,-0.0563983,met-d-XXL_VLDL_PL_pct,rs55747707
8,-0.0249392,met-d-XXL_VLDL_PL_pct,rs7012637
8,-0.0276623,met-d-XXL_VLDL_PL_pct,rs112875651
8,0.105909,met-d-XXL_VLDL_PL_pct,rs139915535
8,-0.0709512,met-d-XXL_VLDL_PL_pct,rs15285
9,0.0373269,met-d-XXL_VLDL_PL_pct,rs115478735
10,0.0290195,met-d-XXL_VLDL_PL_pct,rs2297991
11,-0.0317038,met-d-XXL_VLDL_PL_pct,rs76613195
11,-0.033764,met-d-XXL_VLDL_PL_pct,rs4752973
11,0.0306877,met-d-XXL_VLDL_PL_pct,rs10899106
11,0.0447945,met-d-XXL_VLDL_PL_pct,rs174576
11,-0.121058,met-d-XXL_VLDL_PL_pct,rs964184
11,-0.151529,met-d-XXL_VLDL_PL_pct,rs1047964
12,0.0235267,met-d-XXL_VLDL_PL_pct,rs838876
14,-0.0252404,met-d-XXL_VLDL_PL_pct,rs11846959
15,0.152122,met-d-XXL_VLDL_PL_pct,rs1077835
15,0.122031,met-d-XXL_VLDL_PL_pct,rs190543502
15,-0.0303959,met-d-XXL_VLDL_PL_pct,rs77732800
15,-0.126948,met-d-XXL_VLDL_PL_pct,rs1532085
16,-0.029171,met-d-XXL_VLDL_PL_pct,rs9939678
16,-0.109198,met-d-XXL_VLDL_PL_pct,rs3764261
16,-0.0328541,met-d-XXL_VLDL_PL_pct,rs9302635
16,-0.0642805,met-d-XXL_VLDL_PL_pct,rs8044652
17,-0.0351851,met-d-XXL_VLDL_PL_pct,rs2304969
17,0.0919258,met-d-XXL_VLDL_PL_pct,rs8178824
19,0.285624,met-d-XXL_VLDL_PL_pct,rs7412
19,0.0869804,met-d-XXL_VLDL_PL_pct,rs144439590
19,-0.172623,met-d-XXL_VLDL_PL_pct,rs116843064
19,-0.0225377,met-d-XXL_VLDL_PL_pct,rs273512
20,0.138433,met-d-XXL_VLDL_PL_pct,rs139953093
20,-0.0271552,met-d-XXL_VLDL_PL_pct,rs6078854
22,0.0436468,met-d-XXL_VLDL_PL_pct,rs738408
