chr,beta,id,snp
1,0.0894224,met-d-S_HDL_C_pct,rs2934744
1,-0.0715099,met-d-S_HDL_C_pct,rs12740374
2,0.0537403,met-d-S_HDL_C_pct,rs1260326
2,0.0494654,met-d-S_HDL_C_pct,rs673548
2,0.0330766,met-d-S_HDL_C_pct,rs1128249
2,-0.0309711,met-d-S_HDL_C_pct,rs2943658
2,0.0246467,met-d-S_HDL_C_pct,rs870526
3,-0.0345135,met-d-S_HDL_C_pct,rs56819515
3,-0.0367081,met-d-S_HDL_C_pct,rs534944
4,-0.0367093,met-d-S_HDL_C_pct,rs2035403
4,0.0480009,met-d-S_HDL_C_pct,rs2035816
5,-0.0252084,met-d-S_HDL_C_pct,rs40270
5,-0.0301966,met-d-S_HDL_C_pct,rs13179413
5,-0.0317868,met-d-S_HDL_C_pct,rs62384157
6,0.113859,met-d-S_HDL_C_pct,rs10455872
6,0.146904,met-d-S_HDL_C_pct,rs117733303
6,-0.0580446,met-d-S_HDL_C_pct,rs12212146
6,-0.0626244,met-d-S_HDL_C_pct,rs116009877
6,-0.0268223,met-d-S_HDL_C_pct,rs2213287
6,0.0254778,met-d-S_HDL_C_pct,rs632057
7,0.073937,met-d-S_HDL_C_pct,rs3812316
7,0.0493187,met-d-S_HDL_C_pct,rs4722551
8,0.0652218,met-d-S_HDL_C_pct,rs2980888
8,0.0521734,met-d-S_HDL_C_pct,rs1561748
8,0.0282738,met-d-S_HDL_C_pct,rs7012637
8,0.15644,met-d-S_HDL_C_pct,rs79236614
8,-0.0262345,met-d-S_HDL_C_pct,rs6420185
8,-0.0277402,met-d-S_HDL_C_pct,rs12549603
8,-0.0367718,met-d-S_HDL_C_pct,rs4646246
9,-0.0276052,met-d-S_HDL_C_pct,rs1130640
9,-0.0235096,met-d-S_HDL_C_pct,rs3215882
10,0.053662,met-d-S_HDL_C_pct,rs17780834
11,0.169986,met-d-S_HDL_C_pct,rs964184
11,-0.0513942,met-d-S_HDL_C_pct,rs2229738
11,-0.245651,met-d-S_HDL_C_pct,rs144018203
11,-0.0450167,met-d-S_HDL_C_pct,rs174544
11,0.157331,met-d-S_HDL_C_pct,rs1047964
12,0.0303183,met-d-S_HDL_C_pct,rs7979473
13,-0.0265109,met-d-S_HDL_C_pct,rs9556403
15,0.153131,met-d-S_HDL_C_pct,rs261290
15,0.155696,met-d-S_HDL_C_pct,rs473224
15,-0.0355881,met-d-S_HDL_C_pct,rs1037117
15,0.0696709,met-d-S_HDL_C_pct,rs10162642
15,-0.155345,met-d-S_HDL_C_pct,rs150844304
15,0.0225877,met-d-S_HDL_C_pct,rs7175132
16,0.0626682,met-d-S_HDL_C_pct,rs3764261
16,0.0358843,met-d-S_HDL_C_pct,rs113563886
16,0.0758282,met-d-S_HDL_C_pct,rs8044652
17,-0.0885194,met-d-S_HDL_C_pct,rs72836561
17,0.0276884,met-d-S_HDL_C_pct,rs704
18,-0.0517104,met-d-S_HDL_C_pct,rs2156552
18,-0.18781,met-d-S_HDL_C_pct,rs77960347
19,-0.40696,met-d-S_HDL_C_pct,rs1065853
19,0.210739,met-d-S_HDL_C_pct,rs116843064
19,-0.0811146,met-d-S_HDL_C_pct,rs74747585
19,0.054182,met-d-S_HDL_C_pct,rs201019550
19,0.0783238,met-d-S_HDL_C_pct,rs1081105
19,0.154644,met-d-S_HDL_C_pct,rs147711004
19,-0.0285672,met-d-S_HDL_C_pct,rs8102912
19,-0.107717,met-d-S_HDL_C_pct,rs28807203
19,-0.0899275,met-d-S_HDL_C_pct,rs111278137
