chr,beta,id,snp
1,0.0325146,met-d-M_HDL_FC,rs140584594
1,-0.0394597,met-d-M_HDL_FC,rs638714
1,-0.0389319,met-d-M_HDL_FC,rs3768321
1,-0.0973152,met-d-M_HDL_FC,rs193084249
1,-0.0296471,met-d-M_HDL_FC,rs583104
1,0.0370849,met-d-M_HDL_FC,rs2642438
1,-0.027654,met-d-M_HDL_FC,rs61805076
1,0.049431,met-d-M_HDL_FC,rs4846921
1,0.0336979,met-d-M_HDL_FC,rs267738
2,0.0231609,met-d-M_HDL_FC,rs10184004
2,-0.0302586,met-d-M_HDL_FC,rs2176040
2,-0.032275,met-d-M_HDL_FC,rs1260326
2,-0.0275305,met-d-M_HDL_FC,rs35135293
2,0.0646441,met-d-M_HDL_FC,rs676210
2,0.0247416,met-d-M_HDL_FC,rs41272663
3,-0.0210986,met-d-M_HDL_FC,rs28818616
4,-0.0701645,met-d-M_HDL_FC,rs13107325
4,0.0252809,met-d-M_HDL_FC,rs34707604
5,-0.0260705,met-d-M_HDL_FC,rs9687846
6,0.0228314,met-d-M_HDL_FC,rs9471972
6,-0.0224968,met-d-M_HDL_FC,rs9491697
6,-0.0352703,met-d-M_HDL_FC,rs36057735
6,-0.0357031,met-d-M_HDL_FC,rs112495680
6,-0.0362237,met-d-M_HDL_FC,rs11751347
7,-0.0242715,met-d-M_HDL_FC,rs3735687
7,-0.0233104,met-d-M_HDL_FC,rs7810507
8,0.0333713,met-d-M_HDL_FC,rs2245221
8,0.0876401,met-d-M_HDL_FC,rs15285
8,0.098838,met-d-M_HDL_FC,rs4240624
8,-0.126954,met-d-M_HDL_FC,rs139915535
8,0.0274348,met-d-M_HDL_FC,rs7388248
8,-0.0673156,met-d-M_HDL_FC,rs59347135
9,-0.0432875,met-d-M_HDL_FC,rs2740488
9,0.0317102,met-d-M_HDL_FC,rs2066714
9,0.0551466,met-d-M_HDL_FC,rs11789603
9,0.0438967,met-d-M_HDL_FC,rs686030
10,-0.0414039,met-d-M_HDL_FC,rs2792735
10,-0.0339284,met-d-M_HDL_FC,rs148063610
10,-0.0380029,met-d-M_HDL_FC,rs60847460
11,-0.062936,met-d-M_HDL_FC,rs559355
11,-0.125537,met-d-M_HDL_FC,rs144018203
11,-0.0435702,met-d-M_HDL_FC,rs112771035
11,-0.0212789,met-d-M_HDL_FC,rs141949189
11,-0.0365938,met-d-M_HDL_FC,rs35184771
11,0.067165,met-d-M_HDL_FC,rs625145
11,0.0521278,met-d-M_HDL_FC,rs174574
12,0.0301506,met-d-M_HDL_FC,rs6606717
12,-0.0222869,met-d-M_HDL_FC,rs7956099
12,0.0232484,met-d-M_HDL_FC,rs2229357
12,-0.0188936,met-d-M_HDL_FC,rs17696736
12,-0.0565221,met-d-M_HDL_FC,rs61941676
12,-0.0384947,met-d-M_HDL_FC,rs838876
12,0.0201927,met-d-M_HDL_FC,rs7959043
12,-0.0227444,met-d-M_HDL_FC,rs11057692
14,-0.02089,met-d-M_HDL_FC,rs941507
14,-0.0197507,met-d-M_HDL_FC,rs2494748
15,0.0366718,met-d-M_HDL_FC,rs34663616
15,0.121926,met-d-M_HDL_FC,rs2070895
15,-0.11197,met-d-M_HDL_FC,rs2043085
16,-0.0325079,met-d-M_HDL_FC,rs904770
16,-0.0752174,met-d-M_HDL_FC,rs4986970
16,0.0307529,met-d-M_HDL_FC,rs2925979
16,0.182245,met-d-M_HDL_FC,rs3764261
16,-0.0249567,met-d-M_HDL_FC,rs8058512
16,-0.144847,met-d-M_HDL_FC,rs75911530
16,-0.020765,met-d-M_HDL_FC,rs34955778
17,-0.0268452,met-d-M_HDL_FC,rs967645
17,0.0210906,met-d-M_HDL_FC,rs4969141
17,-0.13571,met-d-M_HDL_FC,rs72836561
17,-0.0526432,met-d-M_HDL_FC,rs112001035
18,0.305424,met-d-M_HDL_FC,rs77960347
18,0.0884072,met-d-M_HDL_FC,rs12608026
18,0.0907755,met-d-M_HDL_FC,rs7241918
18,-0.0900264,met-d-M_HDL_FC,rs62101704
19,-0.0489283,met-d-M_HDL_FC,rs12721046
19,0.0235645,met-d-M_HDL_FC,rs2781752
19,-0.0264362,met-d-M_HDL_FC,rs6509173
19,0.167066,met-d-M_HDL_FC,rs116843064
19,-0.0233362,met-d-M_HDL_FC,rs2978615
19,0.0480265,met-d-M_HDL_FC,rs5167
19,-0.068951,met-d-M_HDL_FC,rs737337
20,-0.028771,met-d-M_HDL_FC,rs2236252
20,0.0364446,met-d-M_HDL_FC,rs4239651
20,-0.118993,met-d-M_HDL_FC,rs1800961
20,-0.0257874,met-d-M_HDL_FC,rs3859588
22,-0.040189,met-d-M_HDL_FC,rs2298428
