chr,beta,id,snp
1,-0.0285916,met-d-XL_HDL_C,rs59484402
1,-0.0288292,met-d-XL_HDL_C,rs6694102
1,-0.0221322,met-d-XL_HDL_C,rs7534572
1,0.0198808,met-d-XL_HDL_C,rs72660961
1,-0.0480365,met-d-XL_HDL_C,rs12740374
1,-0.0400908,met-d-XL_HDL_C,rs5082
1,-0.133135,met-d-XL_HDL_C,rs11591147
1,0.0278405,met-d-XL_HDL_C,rs2642438
1,-0.0207395,met-d-XL_HDL_C,rs6681348
2,-0.0575611,met-d-XL_HDL_C,rs34722314
2,0.0233366,met-d-XL_HDL_C,rs59104589
2,0.0372078,met-d-XL_HDL_C,rs13389219
2,-0.0440539,met-d-XL_HDL_C,rs72948328
2,-0.0592736,met-d-XL_HDL_C,rs113414093
2,0.059303,met-d-XL_HDL_C,rs1260326
2,-0.0392721,met-d-XL_HDL_C,rs2943654
2,-0.0488777,met-d-XL_HDL_C,rs114938914
3,-0.0420914,met-d-XL_HDL_C,rs9844972
3,-0.0296004,met-d-XL_HDL_C,rs57912727
3,-0.108939,met-d-XL_HDL_C,rs11922042
3,-0.0227557,met-d-XL_HDL_C,rs10935473
4,-0.0246769,met-d-XL_HDL_C,rs10937924
4,-0.0545111,met-d-XL_HDL_C,rs13107325
4,-0.0230991,met-d-XL_HDL_C,rs13118477
4,0.0257658,met-d-XL_HDL_C,rs4699716
5,0.0464496,met-d-XL_HDL_C,rs11429307
5,0.0341136,met-d-XL_HDL_C,rs6864091
5,0.0234048,met-d-XL_HDL_C,rs7707394
6,-0.0337447,met-d-XL_HDL_C,rs998584
6,0.024414,met-d-XL_HDL_C,rs72934503
6,0.0230497,met-d-XL_HDL_C,rs17585887
6,-0.0605474,met-d-XL_HDL_C,rs191555775
6,-0.0583336,met-d-XL_HDL_C,rs72959041
6,-0.0313407,met-d-XL_HDL_C,rs28383307
6,0.0246563,met-d-XL_HDL_C,rs2077750
6,-0.0259058,met-d-XL_HDL_C,rs7452529
7,0.0876644,met-d-XL_HDL_C,rs34062580
7,-0.0265157,met-d-XL_HDL_C,rs705379
7,0.0249282,met-d-XL_HDL_C,rs849336
7,-0.0214377,met-d-XL_HDL_C,rs236651
7,-0.0241022,met-d-XL_HDL_C,rs577195
7,-0.0340523,met-d-XL_HDL_C,rs9769088
7,0.0192098,met-d-XL_HDL_C,rs56001710
7,-0.0430161,met-d-XL_HDL_C,rs111432585
8,0.0347393,met-d-XL_HDL_C,rs2954029
8,0.0306817,met-d-XL_HDL_C,rs4841605
8,0.114614,met-d-XL_HDL_C,rs145391587
8,0.0441405,met-d-XL_HDL_C,rs1561748
9,0.0458916,met-d-XL_HDL_C,rs1215112
9,-0.0312399,met-d-XL_HDL_C,rs2740488
9,0.0206024,met-d-XL_HDL_C,rs7037849
10,0.0239656,met-d-XL_HDL_C,rs2242332
10,0.02553,met-d-XL_HDL_C,rs7924036
10,-0.0327087,met-d-XL_HDL_C,rs2803619
10,0.0267512,met-d-XL_HDL_C,rs2068888
11,-0.0569825,met-d-XL_HDL_C,rs12294913
11,-0.0229578,met-d-XL_HDL_C,rs1177562
11,-0.036586,met-d-XL_HDL_C,rs113012334
11,0.0244357,met-d-XL_HDL_C,rs112396965
11,0.21705,met-d-XL_HDL_C,rs1047964
11,0.0999584,met-d-XL_HDL_C,rs35473591
11,0.110132,met-d-XL_HDL_C,rs964184
11,-0.121452,met-d-XL_HDL_C,rs141469619
11,-0.022913,met-d-XL_HDL_C,rs10750766
12,0.0257239,met-d-XL_HDL_C,rs11048457
12,0.0230562,met-d-XL_HDL_C,rs653178
12,0.0349387,met-d-XL_HDL_C,rs36226283
12,0.0325894,met-d-XL_HDL_C,rs3922628
12,0.0259904,met-d-XL_HDL_C,rs4760259
12,-0.0372716,met-d-XL_HDL_C,rs921919
12,0.0249492,met-d-XL_HDL_C,rs10846606
15,0.0729026,met-d-XL_HDL_C,rs6078
15,-0.084262,met-d-XL_HDL_C,rs190543502
15,-0.0321519,met-d-XL_HDL_C,rs77732800
15,-0.0517189,met-d-XL_HDL_C,rs77516617
15,0.163735,met-d-XL_HDL_C,rs2070895
15,-0.135201,met-d-XL_HDL_C,rs2043085
16,0.0790079,met-d-XL_HDL_C,rs8044652
16,0.179535,met-d-XL_HDL_C,rs3764261
16,0.0330185,met-d-XL_HDL_C,rs11075253
16,-0.1047,met-d-XL_HDL_C,rs75911530
16,0.0341263,met-d-XL_HDL_C,rs2925979
16,-0.0746604,met-d-XL_HDL_C,rs75714888
16,-0.0269558,met-d-XL_HDL_C,rs79134392
17,0.0293825,met-d-XL_HDL_C,rs2909211
17,0.0281558,met-d-XL_HDL_C,rs55714927
17,0.0205943,met-d-XL_HDL_C,rs4795386
17,-0.106779,met-d-XL_HDL_C,rs72836561
18,0.104,met-d-XL_HDL_C,rs77960347
19,-0.244419,met-d-XL_HDL_C,rs1065853
19,0.0615479,met-d-XL_HDL_C,rs150966173
19,0.17561,met-d-XL_HDL_C,rs116843064
19,0.0243352,met-d-XL_HDL_C,rs2927468
19,-0.0537508,met-d-XL_HDL_C,rs28807203
19,-0.0442411,met-d-XL_HDL_C,rs117423069
20,0.0267941,met-d-XL_HDL_C,rs3092498
20,-0.209112,met-d-XL_HDL_C,rs1057208
20,-0.0902145,met-d-XL_HDL_C,rs190148453
20,-0.0234374,met-d-XL_HDL_C,rs2618566
20,0.0582842,met-d-XL_HDL_C,rs187459727
20,0.0430527,met-d-XL_HDL_C,rs73312715
20,-0.0701585,met-d-XL_HDL_C,rs76070947
