chr,beta,id,snp
1,-0.0297718,met-d-XXL_VLDL_TG_pct,rs602633
2,-0.0463903,met-d-XXL_VLDL_TG_pct,rs952275
6,-0.145895,met-d-XXL_VLDL_TG_pct,rs73596816
6,0.0863723,met-d-XXL_VLDL_TG_pct,rs117857195
6,-0.136826,met-d-XXL_VLDL_TG_pct,rs146534110
6,0.0786293,met-d-XXL_VLDL_TG_pct,rs1247304
6,0.0284943,met-d-XXL_VLDL_TG_pct,rs9271556
6,-0.0936333,met-d-XXL_VLDL_TG_pct,rs3127580
6,-0.324041,met-d-XXL_VLDL_TG_pct,rs117733303
6,0.045833,met-d-XXL_VLDL_TG_pct,rs12179053
6,-0.265404,met-d-XXL_VLDL_TG_pct,rs10455872
9,-0.0586177,met-d-XXL_VLDL_TG_pct,rs115478735
14,-0.0252828,met-d-XXL_VLDL_TG_pct,rs3832943
15,-0.129039,met-d-XXL_VLDL_TG_pct,rs2070895
15,0.0272204,met-d-XXL_VLDL_TG_pct,rs77732800
15,0.114421,met-d-XXL_VLDL_TG_pct,rs1532085
16,0.029686,met-d-XXL_VLDL_TG_pct,rs7187512
16,0.10775,met-d-XXL_VLDL_TG_pct,rs821840
17,-0.152893,met-d-XXL_VLDL_TG_pct,rs1801689
19,0.0274412,met-d-XXL_VLDL_TG_pct,rs273507
19,0.03434,met-d-XXL_VLDL_TG_pct,rs5112
20,-0.0903805,met-d-XXL_VLDL_TG_pct,rs139953093
22,-0.050013,met-d-XXL_VLDL_TG_pct,rs738408
