chr,beta,id,snp
1,0.100515,met-d-XL_VLDL_C,rs114165349
1,0.0761585,met-d-XL_VLDL_C,rs79439217
1,-0.0430179,met-d-XL_VLDL_C,rs10864726
1,-0.0207204,met-d-XL_VLDL_C,rs12039675
1,0.0479462,met-d-XL_VLDL_C,rs599839
2,-0.0261466,met-d-XL_VLDL_C,rs4299376
2,0.0262703,met-d-XL_VLDL_C,rs6723127
2,-0.0471639,met-d-XL_VLDL_C,rs13389219
2,-0.0325343,met-d-XL_VLDL_C,rs13423088
2,-0.0335994,met-d-XL_VLDL_C,rs60960031
2,-0.0817352,met-d-XL_VLDL_C,rs1260326
2,-0.113156,met-d-XL_VLDL_C,rs676210
3,-0.0361225,met-d-XL_VLDL_C,rs9968117
3,0.0371243,met-d-XL_VLDL_C,rs684773
4,-0.0337387,met-d-XL_VLDL_C,rs13108218
4,0.0330148,met-d-XL_VLDL_C,rs1471251
4,-0.0263636,met-d-XL_VLDL_C,rs4491981
5,0.0334945,met-d-XL_VLDL_C,rs12916
5,0.0432668,met-d-XL_VLDL_C,rs4704834
5,-0.0521685,met-d-XL_VLDL_C,rs11429307
5,-0.0276979,met-d-XL_VLDL_C,rs13188623
6,0.0293113,met-d-XL_VLDL_C,rs998584
6,0.059914,met-d-XL_VLDL_C,rs146203232
6,-0.152682,met-d-XL_VLDL_C,rs10455872
6,-0.03368,met-d-XL_VLDL_C,rs632057
6,0.0459128,met-d-XL_VLDL_C,rs28752534
6,-0.273387,met-d-XL_VLDL_C,rs117733303
6,0.0325514,met-d-XL_VLDL_C,rs2186037
6,0.0610305,met-d-XL_VLDL_C,rs144957189
6,0.0566513,met-d-XL_VLDL_C,rs12055389
7,0.0313198,met-d-XL_VLDL_C,rs11976955
7,-0.0831535,met-d-XL_VLDL_C,rs55747707
7,0.0893167,met-d-XL_VLDL_C,rs42125
8,0.0287789,met-d-XL_VLDL_C,rs13265201
8,-0.0588763,met-d-XL_VLDL_C,rs1561748
8,-0.0277729,met-d-XL_VLDL_C,rs2081687
8,0.0308991,met-d-XL_VLDL_C,rs3860847
8,-0.180326,met-d-XL_VLDL_C,rs328
8,-0.0860305,met-d-XL_VLDL_C,rs28601761
10,0.0221739,met-d-XL_VLDL_C,rs201289443
10,-0.0227023,met-d-XL_VLDL_C,rs2484294
10,-0.0277456,met-d-XL_VLDL_C,rs10761716
10,-0.0284987,met-d-XL_VLDL_C,rs2478236
11,-0.202068,met-d-XL_VLDL_C,rs964184
11,0.0376835,met-d-XL_VLDL_C,rs174576
11,-0.239342,met-d-XL_VLDL_C,rs1047964
11,0.263378,met-d-XL_VLDL_C,rs141469619
12,-0.0328205,met-d-XL_VLDL_C,rs7133378
12,0.0228056,met-d-XL_VLDL_C,rs9888360
12,-0.0326904,met-d-XL_VLDL_C,rs2122982
13,0.029186,met-d-XL_VLDL_C,rs6602909
15,0.116966,met-d-XL_VLDL_C,rs150844304
16,0.0674628,met-d-XL_VLDL_C,rs75911530
16,-0.096306,met-d-XL_VLDL_C,rs247616
16,0.0385514,met-d-XL_VLDL_C,rs2000999
17,0.0571004,met-d-XL_VLDL_C,rs8078513
17,0.0469011,met-d-XL_VLDL_C,rs112001035
17,0.109568,met-d-XL_VLDL_C,rs72836561
17,0.0293903,met-d-XL_VLDL_C,rs12603589
19,-0.124387,met-d-XL_VLDL_C,rs58542926
19,0.0683172,met-d-XL_VLDL_C,rs157592
19,0.0836906,met-d-XL_VLDL_C,rs5112
19,-0.0528038,met-d-XL_VLDL_C,rs57192995
19,-0.0627741,met-d-XL_VLDL_C,rs73015033
19,-0.213319,met-d-XL_VLDL_C,rs116843064
20,-0.0367455,met-d-XL_VLDL_C,rs4810479
20,0.10035,met-d-XL_VLDL_C,rs1883711
22,0.0227962,met-d-XL_VLDL_C,rs9616847
