chr,beta,id,snp
1,-0.0381157,met-d-XS_VLDL_TG_pct,rs2642438
1,-0.0444415,met-d-XS_VLDL_TG_pct,rs11122450
1,0.0481177,met-d-XS_VLDL_TG_pct,rs12740374
1,0.0277519,met-d-XS_VLDL_TG_pct,rs59784135
1,-0.0367143,met-d-XS_VLDL_TG_pct,rs72896994
1,0.0263447,met-d-XS_VLDL_TG_pct,rs67408364
1,0.0370728,met-d-XS_VLDL_TG_pct,rs7534572
1,0.254171,met-d-XS_VLDL_TG_pct,rs11591147
1,0.0833984,met-d-XS_VLDL_TG_pct,rs182050989
1,-0.028394,met-d-XS_VLDL_TG_pct,rs472495
2,-0.092527,met-d-XS_VLDL_TG_pct,rs1260326
2,0.0369957,met-d-XS_VLDL_TG_pct,rs11394662
2,0.0785354,met-d-XS_VLDL_TG_pct,rs78058190
2,-0.0307855,met-d-XS_VLDL_TG_pct,rs9677933
2,0.0236539,met-d-XS_VLDL_TG_pct,rs386397
2,0.0464322,met-d-XS_VLDL_TG_pct,rs2972143
2,0.0371534,met-d-XS_VLDL_TG_pct,rs4299376
2,0.0645387,met-d-XS_VLDL_TG_pct,rs2678379
3,0.0325086,met-d-XS_VLDL_TG_pct,rs6764884
4,-0.0287474,met-d-XS_VLDL_TG_pct,rs13108218
4,0.0471779,met-d-XS_VLDL_TG_pct,rs13107325
5,-0.0486359,met-d-XS_VLDL_TG_pct,rs11429307
5,-0.0448176,met-d-XS_VLDL_TG_pct,rs7733436
5,0.0263189,met-d-XS_VLDL_TG_pct,rs71615507
5,-0.0351523,met-d-XS_VLDL_TG_pct,rs7707394
6,0.0589129,met-d-XS_VLDL_TG_pct,rs12212146
6,-0.0258805,met-d-XS_VLDL_TG_pct,rs632057
6,0.0280774,met-d-XS_VLDL_TG_pct,rs34733406
6,-0.146307,met-d-XS_VLDL_TG_pct,rs117733303
6,-0.0315195,met-d-XS_VLDL_TG_pct,rs2523764
6,0.0515573,met-d-XS_VLDL_TG_pct,rs72959041
6,-0.105378,met-d-XS_VLDL_TG_pct,rs10455872
6,0.0387634,met-d-XS_VLDL_TG_pct,rs28752510
6,0.0316235,met-d-XS_VLDL_TG_pct,rs6905288
7,0.021389,met-d-XS_VLDL_TG_pct,rs35363532
7,-0.144807,met-d-XS_VLDL_TG_pct,rs3812316
7,0.0689577,met-d-XS_VLDL_TG_pct,rs72555385
7,-0.0252478,met-d-XS_VLDL_TG_pct,rs35163364
7,-0.0452424,met-d-XS_VLDL_TG_pct,rs4722551
8,-0.0517177,met-d-XS_VLDL_TG_pct,rs2954038
8,-0.0681719,met-d-XS_VLDL_TG_pct,rs1561748
8,-0.0348398,met-d-XS_VLDL_TG_pct,rs3789849
8,0.0276661,met-d-XS_VLDL_TG_pct,rs13282367
8,-0.167423,met-d-XS_VLDL_TG_pct,rs328
8,0.0624906,met-d-XS_VLDL_TG_pct,rs72647336
8,0.046597,met-d-XS_VLDL_TG_pct,rs71205961
9,-0.0427561,met-d-XS_VLDL_TG_pct,rs2519093
10,-0.0355558,met-d-XS_VLDL_TG_pct,rs10786114
10,0.0383725,met-d-XS_VLDL_TG_pct,rs2803619
10,-0.0504311,met-d-XS_VLDL_TG_pct,rs1935
11,0.22991,met-d-XS_VLDL_TG_pct,rs144018203
11,-0.158695,met-d-XS_VLDL_TG_pct,rs1047964
11,-0.184154,met-d-XS_VLDL_TG_pct,rs964184
11,0.0980146,met-d-XS_VLDL_TG_pct,rs174537
11,0.034162,met-d-XS_VLDL_TG_pct,rs10750766
11,0.0624218,met-d-XS_VLDL_TG_pct,rs11231721
12,-0.025326,met-d-XS_VLDL_TG_pct,rs653178
12,-0.0271395,met-d-XS_VLDL_TG_pct,rs28639492
15,0.0584937,met-d-XS_VLDL_TG_pct,rs1077835
15,0.177512,met-d-XS_VLDL_TG_pct,rs190543502
15,-0.045578,met-d-XS_VLDL_TG_pct,rs2043085
16,-0.036902,met-d-XS_VLDL_TG_pct,rs2925979
16,-0.0337614,met-d-XS_VLDL_TG_pct,rs11644601
16,0.0300393,met-d-XS_VLDL_TG_pct,rs183130
16,0.0219708,met-d-XS_VLDL_TG_pct,rs7359336
17,-0.129995,met-d-XS_VLDL_TG_pct,rs77542162
17,0.12639,met-d-XS_VLDL_TG_pct,rs72836561
17,-0.0772541,met-d-XS_VLDL_TG_pct,rs1801689
19,0.447638,met-d-XS_VLDL_TG_pct,rs1065853
19,-0.0654934,met-d-XS_VLDL_TG_pct,rs114536010
19,0.108642,met-d-XS_VLDL_TG_pct,rs73015021
19,0.0718304,met-d-XS_VLDL_TG_pct,rs17875609
19,0.109991,met-d-XS_VLDL_TG_pct,rs28807203
19,-0.0424383,met-d-XS_VLDL_TG_pct,rs2927468
19,-0.0528432,met-d-XS_VLDL_TG_pct,rs8103315
19,-0.0549294,met-d-XS_VLDL_TG_pct,rs60318332
20,-0.0294477,met-d-XS_VLDL_TG_pct,rs4814176
20,0.108132,met-d-XS_VLDL_TG_pct,rs7679
20,0.026084,met-d-XS_VLDL_TG_pct,rs2618566
