chr,beta,id,snp
1,0.0517788,met-d-S_HDL_PL_pct,rs10864726
1,0.114893,met-d-S_HDL_PL_pct,rs12740374
1,-0.0665362,met-d-S_HDL_PL_pct,rs10789114
1,0.0244004,met-d-S_HDL_PL_pct,rs2476559
1,0.109874,met-d-S_HDL_PL_pct,rs72660594
1,0.0298167,met-d-S_HDL_PL_pct,rs2479413
1,0.0349514,met-d-S_HDL_PL_pct,rs199717562
1,0.0249276,met-d-S_HDL_PL_pct,rs140584594
2,-0.0541315,met-d-S_HDL_PL_pct,rs1367117
2,-0.0288535,met-d-S_HDL_PL_pct,rs11895352
2,0.0251789,met-d-S_HDL_PL_pct,rs4245791
4,-0.0401812,met-d-S_HDL_PL_pct,rs2035816
4,0.0265994,met-d-S_HDL_PL_pct,rs11735092
4,-0.0298082,met-d-S_HDL_PL_pct,rs13121671
5,-0.0267362,met-d-S_HDL_PL_pct,rs3846662
5,0.0654082,met-d-S_HDL_PL_pct,rs115421711
6,-0.0580986,met-d-S_HDL_PL_pct,rs10455872
6,0.0316852,met-d-S_HDL_PL_pct,rs2296804
6,0.0690236,met-d-S_HDL_PL_pct,rs116009877
6,-0.0286335,met-d-S_HDL_PL_pct,rs9259970
7,-0.0384618,met-d-S_HDL_PL_pct,rs4722551
7,-0.0345414,met-d-S_HDL_PL_pct,rs10686867
8,0.0240348,met-d-S_HDL_PL_pct,rs6586891
8,0.0230172,met-d-S_HDL_PL_pct,rs11778934
8,0.044161,met-d-S_HDL_PL_pct,rs60987469
8,-0.0297995,met-d-S_HDL_PL_pct,rs35246381
9,-0.0293903,met-d-S_HDL_PL_pct,rs34297856
9,-0.0331349,met-d-S_HDL_PL_pct,rs115478735
10,-0.027937,met-d-S_HDL_PL_pct,rs2297991
10,-0.0562582,met-d-S_HDL_PL_pct,rs74606364
11,-0.0605459,met-d-S_HDL_PL_pct,rs559355
11,0.0474005,met-d-S_HDL_PL_pct,rs6589563
11,-0.0586614,met-d-S_HDL_PL_pct,rs112771035
12,-0.0253254,met-d-S_HDL_PL_pct,rs10778215
12,0.0254831,met-d-S_HDL_PL_pct,rs1169312
12,0.0277031,met-d-S_HDL_PL_pct,rs6606717
12,-0.0260646,met-d-S_HDL_PL_pct,rs838876
12,-0.0524851,met-d-S_HDL_PL_pct,rs61941677
14,0.0270969,met-d-S_HDL_PL_pct,rs194740
14,-0.0538151,met-d-S_HDL_PL_pct,rs17580
15,0.040061,met-d-S_HDL_PL_pct,rs1037117
15,0.141229,met-d-S_HDL_PL_pct,rs2070895
15,-0.122801,met-d-S_HDL_PL_pct,rs2043085
15,-0.0331875,met-d-S_HDL_PL_pct,rs77732800
15,-0.0251114,met-d-S_HDL_PL_pct,rs11633013
16,0.0439746,met-d-S_HDL_PL_pct,rs821840
16,0.0225601,met-d-S_HDL_PL_pct,rs7195958
16,-0.0239609,met-d-S_HDL_PL_pct,rs4843771
17,-0.0366454,met-d-S_HDL_PL_pct,rs704
17,-0.0349647,met-d-S_HDL_PL_pct,rs2668690
17,0.0320772,met-d-S_HDL_PL_pct,rs55714927
18,0.309259,met-d-S_HDL_PL_pct,rs77960347
18,0.143133,met-d-S_HDL_PL_pct,rs117687565
18,0.0852581,met-d-S_HDL_PL_pct,rs2156552
19,-0.118729,met-d-S_HDL_PL_pct,rs2278426
19,-0.199465,met-d-S_HDL_PL_pct,rs147711004
19,0.107279,met-d-S_HDL_PL_pct,rs111278137
19,0.123122,met-d-S_HDL_PL_pct,rs28807203
19,0.423135,met-d-S_HDL_PL_pct,rs1065853
19,-0.140294,met-d-S_HDL_PL_pct,rs1081105
19,-0.0288587,met-d-S_HDL_PL_pct,rs2569550
19,0.0891342,met-d-S_HDL_PL_pct,rs6511720
19,0.108794,met-d-S_HDL_PL_pct,rs74747585
19,-0.0392257,met-d-S_HDL_PL_pct,rs62118464
20,-0.0896717,met-d-S_HDL_PL_pct,rs1057208
20,0.0227194,met-d-S_HDL_PL_pct,rs2618567
20,-0.0287551,met-d-S_HDL_PL_pct,rs12480826
