chr,beta,id,snp
1,0.02746,met-d-XL_HDL_TG,rs602633
1,0.0217566,met-d-XL_HDL_TG,rs822928
1,-0.0341573,met-d-XL_HDL_TG,rs5082
1,0.0763072,met-d-XL_HDL_TG,rs182050989
1,0.0798335,met-d-XL_HDL_TG,rs1002687
2,-0.0736954,met-d-XL_HDL_TG,rs4564803
2,-0.0263174,met-d-XL_HDL_TG,rs60960031
2,-0.0751859,met-d-XL_HDL_TG,rs1260326
2,-0.0283814,met-d-XL_HDL_TG,rs11895352
2,-0.0230981,met-d-XL_HDL_TG,rs1128249
3,0.0416736,met-d-XL_HDL_TG,rs523118
3,0.0369919,met-d-XL_HDL_TG,rs56819515
3,-0.0262019,met-d-XL_HDL_TG,rs6792725
3,-0.021132,met-d-XL_HDL_TG,rs9848779
4,0.0330895,met-d-XL_HDL_TG,rs35662434
4,0.0258047,met-d-XL_HDL_TG,rs1471251
5,0.0407562,met-d-XL_HDL_TG,rs4704834
5,0.0249178,met-d-XL_HDL_TG,rs3846663
6,0.0305204,met-d-XL_HDL_TG,rs28383314
6,-0.0567028,met-d-XL_HDL_TG,rs41552812
6,-0.226516,met-d-XL_HDL_TG,rs117733303
6,0.0496747,met-d-XL_HDL_TG,rs146203232
6,-0.0272775,met-d-XL_HDL_TG,rs632057
6,-0.0245154,met-d-XL_HDL_TG,rs3093974
6,-0.133532,met-d-XL_HDL_TG,rs10455872
7,-0.0794705,met-d-XL_HDL_TG,rs3812316
7,-0.0345957,met-d-XL_HDL_TG,rs3808348
8,-0.0308258,met-d-XL_HDL_TG,rs2081687
8,-0.0758965,met-d-XL_HDL_TG,rs28601761
8,-0.130314,met-d-XL_HDL_TG,rs10096633
8,0.106838,met-d-XL_HDL_TG,rs144503444
8,-0.0374087,met-d-XL_HDL_TG,rs1495741
9,0.0437108,met-d-XL_HDL_TG,rs2066714
9,-0.0646285,met-d-XL_HDL_TG,rs2740488
9,0.0463546,met-d-XL_HDL_TG,rs581080
9,0.0576653,met-d-XL_HDL_TG,rs11789603
9,0.0267592,met-d-XL_HDL_TG,rs10435728
11,0.0617166,met-d-XL_HDL_TG,rs17119701
11,-0.182181,met-d-XL_HDL_TG,rs964184
11,0.0528369,met-d-XL_HDL_TG,rs200671503
11,0.220743,met-d-XL_HDL_TG,rs144018203
12,-0.033863,met-d-XL_HDL_TG,rs7979473
12,0.0271047,met-d-XL_HDL_TG,rs7313056
15,-0.0891948,met-d-XL_HDL_TG,rs146407081
15,-0.0612691,met-d-XL_HDL_TG,rs16939991
15,-0.0664588,met-d-XL_HDL_TG,rs72740878
15,0.18894,met-d-XL_HDL_TG,rs633695
15,-0.239994,met-d-XL_HDL_TG,rs261290
15,0.113205,met-d-XL_HDL_TG,rs150844304
15,0.0986858,met-d-XL_HDL_TG,rs6078
16,-0.0374864,met-d-XL_HDL_TG,rs72769438
16,0.0556726,met-d-XL_HDL_TG,rs183130
16,-0.0372906,met-d-XL_HDL_TG,rs34417180
17,0.067401,met-d-XL_HDL_TG,rs77697917
17,-0.124818,met-d-XL_HDL_TG,rs75679663
18,0.16411,met-d-XL_HDL_TG,rs77960347
18,0.0447317,met-d-XL_HDL_TG,rs2156552
19,-0.0405345,met-d-XL_HDL_TG,rs17242381
19,0.0702657,met-d-XL_HDL_TG,rs5117
19,-0.174515,met-d-XL_HDL_TG,rs116843064
19,0.0473271,met-d-XL_HDL_TG,rs5112
19,-0.0320533,met-d-XL_HDL_TG,rs2081194
19,-0.0567938,met-d-XL_HDL_TG,rs10500212
20,-0.0650905,met-d-XL_HDL_TG,rs112180569
20,-0.0227515,met-d-XL_HDL_TG,rs6102034
