chr,beta,id,snp
1,-0.0309734,met-d-S_LDL_FC_pct,rs59484402
1,-0.0862111,met-d-S_LDL_FC_pct,rs79439217
1,-0.0466685,met-d-S_LDL_FC_pct,rs12740374
1,-0.0733311,met-d-S_LDL_FC_pct,rs182050989
2,-0.0856348,met-d-S_LDL_FC_pct,rs2678379
2,-0.0744084,met-d-S_LDL_FC_pct,rs78058190
2,-0.0380458,met-d-S_LDL_FC_pct,rs2943650
2,0.0839471,met-d-S_LDL_FC_pct,rs1260326
2,0.0413456,met-d-S_LDL_FC_pct,rs1128249
2,0.0207059,met-d-S_LDL_FC_pct,rs870526
3,-0.0395204,met-d-S_LDL_FC_pct,rs684773
4,0.0249461,met-d-S_LDL_FC_pct,rs7659144
4,-0.0215061,met-d-S_LDL_FC_pct,rs10008637
4,-0.0336243,met-d-S_LDL_FC_pct,rs2035403
4,0.0406008,met-d-S_LDL_FC_pct,rs2035816
5,-0.0266656,met-d-S_LDL_FC_pct,rs4704834
5,0.0450516,met-d-S_LDL_FC_pct,rs11429307
6,-0.0224268,met-d-S_LDL_FC_pct,rs6905288
6,0.188944,met-d-S_LDL_FC_pct,rs10455872
6,-0.0694801,met-d-S_LDL_FC_pct,rs12212146
6,-0.0514228,met-d-S_LDL_FC_pct,rs62396280
6,-0.0509751,met-d-S_LDL_FC_pct,rs116009877
6,-0.0220105,met-d-S_LDL_FC_pct,rs1936800
6,0.0373447,met-d-S_LDL_FC_pct,rs3127580
6,0.283229,met-d-S_LDL_FC_pct,rs117733303
6,-0.0343233,met-d-S_LDL_FC_pct,rs9271573
6,0.0306549,met-d-S_LDL_FC_pct,rs632057
7,0.113121,met-d-S_LDL_FC_pct,rs3812316
7,0.0234511,met-d-S_LDL_FC_pct,rs116111303
7,0.0506837,met-d-S_LDL_FC_pct,rs4722551
7,-0.0580089,met-d-S_LDL_FC_pct,rs72555385
8,0.0692222,met-d-S_LDL_FC_pct,rs1561748
8,-0.0351147,met-d-S_LDL_FC_pct,rs7005453
8,0.192295,met-d-S_LDL_FC_pct,rs328
8,-0.0343385,met-d-S_LDL_FC_pct,rs4646246
8,0.0684221,met-d-S_LDL_FC_pct,rs28601761
8,0.0336067,met-d-S_LDL_FC_pct,rs393155
9,-0.0224782,met-d-S_LDL_FC_pct,rs3215882
10,-0.035145,met-d-S_LDL_FC_pct,rs10640079
10,0.0473014,met-d-S_LDL_FC_pct,rs17780834
11,-0.041803,met-d-S_LDL_FC_pct,rs2302263
11,0.216858,met-d-S_LDL_FC_pct,rs964184
11,-0.286898,met-d-S_LDL_FC_pct,rs144018203
11,0.209281,met-d-S_LDL_FC_pct,rs1047964
11,-0.0300611,met-d-S_LDL_FC_pct,rs10750766
11,0.0272923,met-d-S_LDL_FC_pct,rs112396965
11,-0.0803185,met-d-S_LDL_FC_pct,rs174580
11,-0.0252872,met-d-S_LDL_FC_pct,rs883863
12,-0.0280423,met-d-S_LDL_FC_pct,rs888190
13,-0.0280148,met-d-S_LDL_FC_pct,rs35678857
14,-0.0303272,met-d-S_LDL_FC_pct,rs7157785
15,-0.163199,met-d-S_LDL_FC_pct,rs139974673
15,0.100445,met-d-S_LDL_FC_pct,rs261290
15,0.042981,met-d-S_LDL_FC_pct,rs10162642
15,0.10275,met-d-S_LDL_FC_pct,rs473224
15,-0.0299699,met-d-S_LDL_FC_pct,rs2084152
16,0.0322585,met-d-S_LDL_FC_pct,rs12448528
16,0.0300803,met-d-S_LDL_FC_pct,rs34417180
16,0.0271393,met-d-S_LDL_FC_pct,rs2925979
16,0.0283132,met-d-S_LDL_FC_pct,rs11644601
17,-0.118249,met-d-S_LDL_FC_pct,rs72836561
17,0.0232964,met-d-S_LDL_FC_pct,rs2292643
17,0.0884104,met-d-S_LDL_FC_pct,rs1801689
18,-0.113248,met-d-S_LDL_FC_pct,rs77960347
19,-0.0927403,met-d-S_LDL_FC_pct,rs74796695
19,0.239365,met-d-S_LDL_FC_pct,rs116843064
19,-0.0887717,met-d-S_LDL_FC_pct,rs111278137
19,0.053696,met-d-S_LDL_FC_pct,rs62117489
19,-0.119152,met-d-S_LDL_FC_pct,rs28807203
19,0.0542161,met-d-S_LDL_FC_pct,rs10401969
19,-0.0821542,met-d-S_LDL_FC_pct,rs74747585
19,0.127108,met-d-S_LDL_FC_pct,rs147711004
20,-0.0229863,met-d-S_LDL_FC_pct,rs2618566
