chr,beta,id,snp
1,0.0220754,met-d-IDL_CE_pct,rs4656292
1,-0.131401,met-d-IDL_CE_pct,rs11591147
1,0.0359767,met-d-IDL_CE_pct,rs2642438
1,-0.0845086,met-d-IDL_CE_pct,rs182050989
1,-0.0458056,met-d-IDL_CE_pct,rs59484402
1,-0.0381989,met-d-IDL_CE_pct,rs67408364
1,0.0348684,met-d-IDL_CE_pct,rs267738
2,-0.0363007,met-d-IDL_CE_pct,rs2943650
2,-0.0754204,met-d-IDL_CE_pct,rs78058190
2,0.0508577,met-d-IDL_CE_pct,rs1260326
2,0.0304167,met-d-IDL_CE_pct,rs13389219
2,-0.120384,met-d-IDL_CE_pct,rs2678379
3,0.0233361,met-d-IDL_CE_pct,rs7636573
3,-0.0485178,met-d-IDL_CE_pct,rs645040
4,-0.0597776,met-d-IDL_CE_pct,rs35518360
4,0.0257868,met-d-IDL_CE_pct,rs7660883
5,-0.0266239,met-d-IDL_CE_pct,rs12652795
5,0.0252186,met-d-IDL_CE_pct,rs7703282
5,-0.0372875,met-d-IDL_CE_pct,rs9687846
6,0.0207914,met-d-IDL_CE_pct,rs9471972
6,-0.0508037,met-d-IDL_CE_pct,rs9266834
6,0.0385111,met-d-IDL_CE_pct,rs6910310
6,0.124975,met-d-IDL_CE_pct,rs117733303
6,0.060409,met-d-IDL_CE_pct,rs10455872
7,-0.0323806,met-d-IDL_CE_pct,rs10642257
7,0.0781584,met-d-IDL_CE_pct,rs17145750
8,0.164861,met-d-IDL_CE_pct,rs328
8,0.064764,met-d-IDL_CE_pct,rs1561748
8,0.072283,met-d-IDL_CE_pct,rs4841132
8,-0.0463503,met-d-IDL_CE_pct,rs71205961
8,0.042719,met-d-IDL_CE_pct,rs2980888
10,-0.0481607,met-d-IDL_CE_pct,rs10640079
10,-0.0470734,met-d-IDL_CE_pct,rs2803619
11,0.124979,met-d-IDL_CE_pct,rs964184
11,-0.0580857,met-d-IDL_CE_pct,rs559355
11,-0.0389931,met-d-IDL_CE_pct,rs102275
11,0.160631,met-d-IDL_CE_pct,rs1047964
11,-0.236077,met-d-IDL_CE_pct,rs141469619
11,0.0335422,met-d-IDL_CE_pct,rs12574081
12,0.0240029,met-d-IDL_CE_pct,rs653178
14,-0.0321567,met-d-IDL_CE_pct,rs12880341
15,0.142891,met-d-IDL_CE_pct,rs1532085
15,-0.178259,met-d-IDL_CE_pct,rs190543502
15,-0.171595,met-d-IDL_CE_pct,rs2070895
15,0.0348245,met-d-IDL_CE_pct,rs77732800
15,-0.0876369,met-d-IDL_CE_pct,rs6078
16,0.0457997,met-d-IDL_CE_pct,rs7206374
16,0.0298837,met-d-IDL_CE_pct,rs2925979
17,0.0225334,met-d-IDL_CE_pct,rs2376584
17,-0.0229386,met-d-IDL_CE_pct,rs9898216
17,0.0342927,met-d-IDL_CE_pct,rs2304969
17,-0.110475,met-d-IDL_CE_pct,rs72836561
18,0.0429415,met-d-IDL_CE_pct,rs7241918
18,0.163799,met-d-IDL_CE_pct,rs77960347
19,0.215651,met-d-IDL_CE_pct,rs116843064
19,-0.0786671,met-d-IDL_CE_pct,rs17875609
19,-0.535843,met-d-IDL_CE_pct,rs1065853
19,-0.114351,met-d-IDL_CE_pct,rs111278137
19,-0.0370013,met-d-IDL_CE_pct,rs141820146
19,-0.124032,met-d-IDL_CE_pct,rs28807203
19,0.044003,met-d-IDL_CE_pct,rs2927468
19,0.0617779,met-d-IDL_CE_pct,rs8103315
20,0.0233934,met-d-IDL_CE_pct,rs4814176
20,-0.0716258,met-d-IDL_CE_pct,rs1800961
22,-0.0335891,met-d-IDL_CE_pct,rs738408
