chr,beta,id,snp
1,0.0483508,met-d-PUFA_by_MUFA,rs11207994
1,-0.0821779,met-d-PUFA_by_MUFA,rs182050989
1,-0.0438759,met-d-PUFA_by_MUFA,rs59484402
1,-0.0311226,met-d-PUFA_by_MUFA,rs61781371
2,0.0377367,met-d-PUFA_by_MUFA,rs13389219
2,-0.0372404,met-d-PUFA_by_MUFA,rs2972140
2,-0.0247189,met-d-PUFA_by_MUFA,rs182549
2,0.0927713,met-d-PUFA_by_MUFA,rs1260326
2,0.0629448,met-d-PUFA_by_MUFA,rs673548
2,-0.0705192,met-d-PUFA_by_MUFA,rs78058190
3,-0.0297202,met-d-PUFA_by_MUFA,rs655720
4,-0.0246638,met-d-PUFA_by_MUFA,rs10937924
4,0.025445,met-d-PUFA_by_MUFA,rs2049245
4,0.0391285,met-d-PUFA_by_MUFA,rs2035816
4,-0.0275068,met-d-PUFA_by_MUFA,rs1471251
5,0.0449541,met-d-PUFA_by_MUFA,rs11429307
5,0.0300964,met-d-PUFA_by_MUFA,rs6866758
6,-0.0256394,met-d-PUFA_by_MUFA,rs998584
6,-0.028917,met-d-PUFA_by_MUFA,rs9271573
6,0.134467,met-d-PUFA_by_MUFA,rs10455872
6,0.213498,met-d-PUFA_by_MUFA,rs117733303
6,0.0292685,met-d-PUFA_by_MUFA,rs632057
6,-0.0592022,met-d-PUFA_by_MUFA,rs12212146
7,-0.0574721,met-d-PUFA_by_MUFA,rs72555385
7,-0.031394,met-d-PUFA_by_MUFA,rs2070971
7,0.0291782,met-d-PUFA_by_MUFA,rs56001710
7,0.0238034,met-d-PUFA_by_MUFA,rs35163364
7,0.100983,met-d-PUFA_by_MUFA,rs3812316
8,0.17075,met-d-PUFA_by_MUFA,rs328
8,-0.0311443,met-d-PUFA_by_MUFA,rs752446
8,-0.0262342,met-d-PUFA_by_MUFA,rs3860847
8,0.0631004,met-d-PUFA_by_MUFA,rs28601761
8,-0.0264904,met-d-PUFA_by_MUFA,rs10085931
8,0.0605983,met-d-PUFA_by_MUFA,rs1561748
10,0.0431669,met-d-PUFA_by_MUFA,rs7924036
10,-0.0278708,met-d-PUFA_by_MUFA,rs9419746
10,0.0333942,met-d-PUFA_by_MUFA,rs603424
11,-0.0318739,met-d-PUFA_by_MUFA,rs12226389
11,-0.103867,met-d-PUFA_by_MUFA,rs143355652
11,0.208197,met-d-PUFA_by_MUFA,rs1047964
11,0.0289899,met-d-PUFA_by_MUFA,rs141078087
11,-0.233818,met-d-PUFA_by_MUFA,rs141469619
11,-0.0988628,met-d-PUFA_by_MUFA,rs149402055
11,-0.090806,met-d-PUFA_by_MUFA,rs192987072
11,-0.171649,met-d-PUFA_by_MUFA,rs174564
11,0.163336,met-d-PUFA_by_MUFA,rs964184
12,-0.0272944,met-d-PUFA_by_MUFA,rs6606731
12,-0.0321693,met-d-PUFA_by_MUFA,rs67981690
15,-0.0224458,met-d-PUFA_by_MUFA,rs7402939
15,-0.118999,met-d-PUFA_by_MUFA,rs150844304
16,0.0660711,met-d-PUFA_by_MUFA,rs11644601
16,0.0343888,met-d-PUFA_by_MUFA,rs56156922
16,0.0273132,met-d-PUFA_by_MUFA,rs2925979
17,0.0699904,met-d-PUFA_by_MUFA,rs1801689
17,-0.0255914,met-d-PUFA_by_MUFA,rs9908820
17,-0.106279,met-d-PUFA_by_MUFA,rs72836561
19,0.204428,met-d-PUFA_by_MUFA,rs116843064
19,-0.049396,met-d-PUFA_by_MUFA,rs283814
19,-0.125749,met-d-PUFA_by_MUFA,rs1065853
19,0.0262604,met-d-PUFA_by_MUFA,rs2081194
19,0.0469132,met-d-PUFA_by_MUFA,rs62117489
20,-0.0571409,met-d-PUFA_by_MUFA,rs6073958
