chr,beta,id,snp
1,-0.080171,met-d-M_VLDL_PL_pct,rs12740374
1,0.030289,met-d-M_VLDL_PL_pct,rs693668
1,0.025529,met-d-M_VLDL_PL_pct,rs2642438
1,-0.316586,met-d-M_VLDL_PL_pct,rs11591147
1,0.0638434,met-d-M_VLDL_PL_pct,rs67276129
1,0.0214022,met-d-M_VLDL_PL_pct,rs72660961
2,-0.079598,met-d-M_VLDL_PL_pct,rs114938914
2,0.0497686,met-d-M_VLDL_PL_pct,rs780094
2,-0.0327618,met-d-M_VLDL_PL_pct,rs2972156
2,-0.0555317,met-d-M_VLDL_PL_pct,rs78058190
2,0.0826611,met-d-M_VLDL_PL_pct,rs581411
2,-0.0255536,met-d-M_VLDL_PL_pct,rs11394662
2,0.0270487,met-d-M_VLDL_PL_pct,rs11688682
5,0.0516998,met-d-M_VLDL_PL_pct,rs13358429
5,0.0381938,met-d-M_VLDL_PL_pct,rs7707394
5,-0.0274959,met-d-M_VLDL_PL_pct,rs40270
6,-0.0379026,met-d-M_VLDL_PL_pct,rs3129774
6,0.104609,met-d-M_VLDL_PL_pct,rs10455872
6,0.115104,met-d-M_VLDL_PL_pct,rs117733303
6,0.0276815,met-d-M_VLDL_PL_pct,rs2517671
6,-0.0262685,met-d-M_VLDL_PL_pct,rs6905288
7,0.0455911,met-d-M_VLDL_PL_pct,rs4722551
7,-0.0327884,met-d-M_VLDL_PL_pct,rs9769088
7,-0.040706,met-d-M_VLDL_PL_pct,rs111432585
7,0.104485,met-d-M_VLDL_PL_pct,rs13229619
7,-0.0534361,met-d-M_VLDL_PL_pct,rs28454618
7,0.0273949,met-d-M_VLDL_PL_pct,rs17725246
7,0.0229542,met-d-M_VLDL_PL_pct,rs849327
8,0.0430816,met-d-M_VLDL_PL_pct,rs1561748
8,-0.0345366,met-d-M_VLDL_PL_pct,rs34171564
8,0.109082,met-d-M_VLDL_PL_pct,rs325
9,0.0709012,met-d-M_VLDL_PL_pct,rs2519093
9,-0.0249943,met-d-M_VLDL_PL_pct,rs57994353
10,-0.029876,met-d-M_VLDL_PL_pct,rs6583899
10,0.0409569,met-d-M_VLDL_PL_pct,rs7075901
10,-0.0248428,met-d-M_VLDL_PL_pct,rs2803619
11,-0.143892,met-d-M_VLDL_PL_pct,rs144018203
11,0.0391976,met-d-M_VLDL_PL_pct,rs4307732
11,-0.063246,met-d-M_VLDL_PL_pct,rs174537
11,0.0480782,met-d-M_VLDL_PL_pct,rs11601507
11,0.108437,met-d-M_VLDL_PL_pct,rs964184
11,-0.0297893,met-d-M_VLDL_PL_pct,rs10750766
11,-0.0572592,met-d-M_VLDL_PL_pct,rs12294913
12,0.0250239,met-d-M_VLDL_PL_pct,rs653178
12,0.0274618,met-d-M_VLDL_PL_pct,rs2244608
15,0.123793,met-d-M_VLDL_PL_pct,rs1077834
15,-0.0999731,met-d-M_VLDL_PL_pct,rs1532085
15,-0.0951526,met-d-M_VLDL_PL_pct,rs190543502
15,0.0260957,met-d-M_VLDL_PL_pct,rs261265
16,0.0303203,met-d-M_VLDL_PL_pct,rs56015824
16,-0.0782271,met-d-M_VLDL_PL_pct,rs183130
16,0.0273801,met-d-M_VLDL_PL_pct,rs2925979
16,-0.0289182,met-d-M_VLDL_PL_pct,rs77303550
17,0.184169,met-d-M_VLDL_PL_pct,rs77542162
17,-0.12446,met-d-M_VLDL_PL_pct,rs72836561
17,-0.0309357,met-d-M_VLDL_PL_pct,rs200938405
17,-0.0310887,met-d-M_VLDL_PL_pct,rs3809868
17,0.127129,met-d-M_VLDL_PL_pct,rs1801689
19,0.0459748,met-d-M_VLDL_PL_pct,rs2927468
19,-0.396691,met-d-M_VLDL_PL_pct,rs1065853
19,0.0270461,met-d-M_VLDL_PL_pct,rs2376868
19,-0.138057,met-d-M_VLDL_PL_pct,rs12151108
19,-0.104026,met-d-M_VLDL_PL_pct,rs28807203
19,0.111927,met-d-M_VLDL_PL_pct,rs150966173
19,0.0334545,met-d-M_VLDL_PL_pct,rs2569550
20,-0.0516261,met-d-M_VLDL_PL_pct,rs6073966
20,-0.0316325,met-d-M_VLDL_PL_pct,rs2618566
20,-0.0218348,met-d-M_VLDL_PL_pct,rs310631
