chr,beta,id,snp
1,0.112636,met-d-M_HDL_TG_pct,rs79598313
1,0.0330948,met-d-M_HDL_TG_pct,rs61838776
1,0.037606,met-d-M_HDL_TG_pct,rs59484402
1,0.0319829,met-d-M_HDL_TG_pct,rs4660303
1,0.076242,met-d-M_HDL_TG_pct,rs141409973
2,0.0953166,met-d-M_HDL_TG_pct,rs4665710
2,-0.0673482,met-d-M_HDL_TG_pct,rs1260326
2,-0.0475166,met-d-M_HDL_TG_pct,rs1128249
2,0.0682661,met-d-M_HDL_TG_pct,rs78058190
2,0.0436396,met-d-M_HDL_TG_pct,rs2943650
3,0.0428342,met-d-M_HDL_TG_pct,rs684773
3,0.0465932,met-d-M_HDL_TG_pct,rs62271373
4,0.0360868,met-d-M_HDL_TG_pct,rs3775228
4,-0.0255404,met-d-M_HDL_TG_pct,rs78795332
4,-0.022202,met-d-M_HDL_TG_pct,rs7659144
4,0.0497398,met-d-M_HDL_TG_pct,rs13107325
5,0.02487,met-d-M_HDL_TG_pct,rs62397245
5,-0.054984,met-d-M_HDL_TG_pct,rs11429307
5,-0.022676,met-d-M_HDL_TG_pct,rs37538
6,0.0637383,met-d-M_HDL_TG_pct,rs74434374
6,0.0224205,met-d-M_HDL_TG_pct,rs28752924
6,0.0360298,met-d-M_HDL_TG_pct,rs998584
6,0.0312925,met-d-M_HDL_TG_pct,rs2186037
6,0.0797707,met-d-M_HDL_TG_pct,rs191555775
6,0.0533194,met-d-M_HDL_TG_pct,rs12208357
6,-0.160266,met-d-M_HDL_TG_pct,rs9295128
6,-0.0359159,met-d-M_HDL_TG_pct,rs632057
6,0.0291214,met-d-M_HDL_TG_pct,rs28383314
7,-0.0232096,met-d-M_HDL_TG_pct,rs6942635
7,-0.0975174,met-d-M_HDL_TG_pct,rs34060476
7,0.0652236,met-d-M_HDL_TG_pct,rs72555385
7,-0.0271747,met-d-M_HDL_TG_pct,rs56001710
7,0.0303352,met-d-M_HDL_TG_pct,rs11976955
8,-0.219865,met-d-M_HDL_TG_pct,rs328
8,-0.0802365,met-d-M_HDL_TG_pct,rs28601761
8,-0.0397501,met-d-M_HDL_TG_pct,rs7012637
8,0.054492,met-d-M_HDL_TG_pct,rs71205961
8,-0.0755244,met-d-M_HDL_TG_pct,rs1561748
8,0.039546,met-d-M_HDL_TG_pct,rs7005453
8,0.0355616,met-d-M_HDL_TG_pct,rs4646246
10,-0.0221238,met-d-M_HDL_TG_pct,rs10761716
10,-0.0344504,met-d-M_HDL_TG_pct,rs72823020
10,-0.0247539,met-d-M_HDL_TG_pct,rs2068888
11,0.0674008,met-d-M_HDL_TG_pct,rs174580
11,0.30459,met-d-M_HDL_TG_pct,rs141469619
11,-0.218721,met-d-M_HDL_TG_pct,rs964184
11,-0.248072,met-d-M_HDL_TG_pct,rs1047964
11,0.0403723,met-d-M_HDL_TG_pct,rs830083
11,0.0450011,met-d-M_HDL_TG_pct,rs2302263
11,-0.0223015,met-d-M_HDL_TG_pct,rs11228377
11,-0.0303066,met-d-M_HDL_TG_pct,rs76613195
11,-0.0284102,met-d-M_HDL_TG_pct,rs112396965
12,-0.0284639,met-d-M_HDL_TG_pct,rs492699
12,-0.0346515,met-d-M_HDL_TG_pct,rs7133378
12,-0.0343203,met-d-M_HDL_TG_pct,rs56205943
12,0.0254871,met-d-M_HDL_TG_pct,rs12230272
12,-0.0250178,met-d-M_HDL_TG_pct,rs7134375
15,0.149608,met-d-M_HDL_TG_pct,rs150844304
15,-0.103406,met-d-M_HDL_TG_pct,rs473224
15,-0.0507012,met-d-M_HDL_TG_pct,rs10162642
15,-0.106034,met-d-M_HDL_TG_pct,rs261290
16,0.133473,met-d-M_HDL_TG_pct,rs75911530
16,-0.0816699,met-d-M_HDL_TG_pct,rs8044652
16,0.139274,met-d-M_HDL_TG_pct,rs117738782
16,-0.040016,met-d-M_HDL_TG_pct,rs2925979
16,-0.0345147,met-d-M_HDL_TG_pct,rs113563886
16,-0.0223072,met-d-M_HDL_TG_pct,rs11644601
17,0.0561481,met-d-M_HDL_TG_pct,rs112001035
17,0.0525295,met-d-M_HDL_TG_pct,rs16961845
17,0.1543,met-d-M_HDL_TG_pct,rs72836561
17,0.0296337,met-d-M_HDL_TG_pct,rs12601919
17,-0.0252359,met-d-M_HDL_TG_pct,rs4969179
17,0.0528647,met-d-M_HDL_TG_pct,rs75634664
19,-0.300617,met-d-M_HDL_TG_pct,rs116843064
19,0.196789,met-d-M_HDL_TG_pct,rs1065853
19,0.029949,met-d-M_HDL_TG_pct,rs56290633
19,-0.0542503,met-d-M_HDL_TG_pct,rs8107974
19,-0.0576641,met-d-M_HDL_TG_pct,rs62117489
20,0.062396,met-d-M_HDL_TG_pct,rs6073958
20,0.0646194,met-d-M_HDL_TG_pct,rs150224153
20,-0.0288293,met-d-M_HDL_TG_pct,rs1883715
22,0.0246921,met-d-M_HDL_TG_pct,rs2267375
