chr,beta,id,snp
1,-0.115316,met-d-ApoB_by_ApoA1,rs12740374
1,0.0675301,met-d-ApoB_by_ApoA1,rs67276129
1,-0.0351201,met-d-ApoB_by_ApoA1,rs140584594
1,-0.0283911,met-d-ApoB_by_ApoA1,rs198325
1,-0.305311,met-d-ApoB_by_ApoA1,rs11591147
1,0.0330067,met-d-ApoB_by_ApoA1,rs472495
1,-0.0437893,met-d-ApoB_by_ApoA1,rs10489615
1,0.0980921,met-d-ApoB_by_ApoA1,rs114165349
1,-0.0274497,met-d-ApoB_by_ApoA1,rs3085908
1,0.023414,met-d-ApoB_by_ApoA1,rs613334
2,-0.0430102,met-d-ApoB_by_ApoA1,rs6544713
2,-0.0719795,met-d-ApoB_by_ApoA1,rs60403635
2,-0.026476,met-d-ApoB_by_ApoA1,rs1128249
2,-0.0250856,met-d-ApoB_by_ApoA1,rs1320143
2,0.0885899,met-d-ApoB_by_ApoA1,rs693
3,-0.0543787,met-d-ApoB_by_ApoA1,rs164641
3,0.0326816,met-d-ApoB_by_ApoA1,rs2343681
4,-0.0215227,met-d-ApoB_by_ApoA1,rs11100888
5,0.0375464,met-d-ApoB_by_ApoA1,rs4704834
5,0.0316266,met-d-ApoB_by_ApoA1,rs28650790
5,0.0516197,met-d-ApoB_by_ApoA1,rs12916
5,0.0288975,met-d-ApoB_by_ApoA1,rs7707394
6,0.0468904,met-d-ApoB_by_ApoA1,rs72848251
6,0.0660495,met-d-ApoB_by_ApoA1,rs12208357
6,-0.0950045,met-d-ApoB_by_ApoA1,rs9295128
6,-0.0261561,met-d-ApoB_by_ApoA1,rs6920309
6,0.02607,met-d-ApoB_by_ApoA1,rs2517671
6,-0.0676508,met-d-ApoB_by_ApoA1,rs142791556
6,0.024967,met-d-ApoB_by_ApoA1,rs1936806
6,-0.0277919,met-d-ApoB_by_ApoA1,rs2104616
7,0.0252372,met-d-ApoB_by_ApoA1,rs73066466
7,0.0310664,met-d-ApoB_by_ApoA1,rs10260606
8,0.124781,met-d-ApoB_by_ApoA1,rs139915535
8,0.0667113,met-d-ApoB_by_ApoA1,rs59347135
8,-0.0273316,met-d-ApoB_by_ApoA1,rs2245221
8,-0.0724579,met-d-ApoB_by_ApoA1,rs13702
8,-0.0524022,met-d-ApoB_by_ApoA1,rs112875651
9,0.0407577,met-d-ApoB_by_ApoA1,rs115478735
10,-0.0342425,met-d-ApoB_by_ApoA1,rs72823020
11,0.0627602,met-d-ApoB_by_ApoA1,rs12804228
11,-0.0576708,met-d-ApoB_by_ApoA1,rs59781045
11,0.0362817,met-d-ApoB_by_ApoA1,rs643884
11,0.0512616,met-d-ApoB_by_ApoA1,rs11601507
11,-0.0770978,met-d-ApoB_by_ApoA1,rs964184
11,0.129986,met-d-ApoB_by_ApoA1,rs141469619
12,-0.0244368,met-d-ApoB_by_ApoA1,rs10773112
12,-0.0290494,met-d-ApoB_by_ApoA1,rs2122982
12,-0.0338963,met-d-ApoB_by_ApoA1,rs11057397
13,0.0251428,met-d-ApoB_by_ApoA1,rs6602909
14,-0.0268609,met-d-ApoB_by_ApoA1,rs10145740
15,0.0275704,met-d-ApoB_by_ApoA1,rs443401
16,-0.150493,met-d-ApoB_by_ApoA1,rs821840
16,0.114139,met-d-ApoB_by_ApoA1,rs75911530
16,0.0387907,met-d-ApoB_by_ApoA1,rs34042070
16,0.149706,met-d-ApoB_by_ApoA1,rs117738782
17,0.0265656,met-d-ApoB_by_ApoA1,rs4794048
17,0.0698528,met-d-ApoB_by_ApoA1,rs72836561
17,0.136856,met-d-ApoB_by_ApoA1,rs77542162
17,-0.0245588,met-d-ApoB_by_ApoA1,rs241777
17,0.0583006,met-d-ApoB_by_ApoA1,rs112001035
17,-0.0401553,met-d-ApoB_by_ApoA1,rs72631343
18,-0.0466449,met-d-ApoB_by_ApoA1,rs7241918
18,-0.135212,met-d-ApoB_by_ApoA1,rs77960347
19,0.0490815,met-d-ApoB_by_ApoA1,rs8103315
19,0.0357842,met-d-ApoB_by_ApoA1,rs17001244
19,-0.438172,met-d-ApoB_by_ApoA1,rs1065853
19,0.0532837,met-d-ApoB_by_ApoA1,rs10410835
19,-0.149223,met-d-ApoB_by_ApoA1,rs6511720
19,0.167268,met-d-ApoB_by_ApoA1,rs114536010
19,-0.119957,met-d-ApoB_by_ApoA1,rs28807203
19,-0.0846347,met-d-ApoB_by_ApoA1,rs58542926
19,0.0437356,met-d-ApoB_by_ApoA1,rs2569550
19,-0.0883341,met-d-ApoB_by_ApoA1,rs111278137
20,0.090539,met-d-ApoB_by_ApoA1,rs1883711
20,-0.023346,met-d-ApoB_by_ApoA1,rs2618566
