chr,beta,id,snp
1,0.056892,met-d-L_LDL_TG,rs1168034
1,-0.0369701,met-d-L_LDL_TG,rs10864726
1,0.0218263,met-d-L_LDL_TG,rs641154
1,0.0670586,met-d-L_LDL_TG,rs629301
1,-0.0438662,met-d-L_LDL_TG,rs115744932
1,0.0826211,met-d-L_LDL_TG,rs182050989
2,-0.0949814,met-d-L_LDL_TG,rs34722314
2,-0.0345065,met-d-L_LDL_TG,rs1128249
2,0.0275973,met-d-L_LDL_TG,rs1515108
2,-0.0992221,met-d-L_LDL_TG,rs1260326
2,0.0234889,met-d-L_LDL_TG,rs35757519
2,-0.0252135,met-d-L_LDL_TG,rs140798831
3,0.0441028,met-d-L_LDL_TG,rs523118
3,0.0377179,met-d-L_LDL_TG,rs12487589
4,0.0288572,met-d-L_LDL_TG,rs1471251
4,-0.0255519,met-d-L_LDL_TG,rs34327193
4,0.0219332,met-d-L_LDL_TG,rs10008637
4,-0.0253568,met-d-L_LDL_TG,rs13108218
5,-0.0439047,met-d-L_LDL_TG,rs11429307
5,0.0421453,met-d-L_LDL_TG,rs4704834
6,0.0223129,met-d-L_LDL_TG,rs6905288
6,-0.165916,met-d-L_LDL_TG,rs186696265
6,0.0384982,met-d-L_LDL_TG,rs9271642
6,-0.0320514,met-d-L_LDL_TG,rs632057
6,0.0669908,met-d-L_LDL_TG,rs146203232
7,0.089397,met-d-L_LDL_TG,rs42125
7,-0.0746406,met-d-L_LDL_TG,rs55747707
7,-0.0337656,met-d-L_LDL_TG,rs12701713
8,-0.0287076,met-d-L_LDL_TG,rs4646250
8,-0.074435,met-d-L_LDL_TG,rs15285
8,-0.0960612,met-d-L_LDL_TG,rs112875651
8,-0.0248834,met-d-L_LDL_TG,rs8192870
8,0.0256862,met-d-L_LDL_TG,rs3860846
8,0.127436,met-d-L_LDL_TG,rs139915535
9,-0.0337471,met-d-L_LDL_TG,rs2740488
9,0.0347966,met-d-L_LDL_TG,rs581080
10,-0.0329357,met-d-L_LDL_TG,rs117488242
10,0.0247181,met-d-L_LDL_TG,rs12263369
10,-0.028251,met-d-L_LDL_TG,rs10881987
11,0.198987,met-d-L_LDL_TG,rs141469619
11,-0.121908,met-d-L_LDL_TG,rs1047964
11,-0.16722,met-d-L_LDL_TG,rs964184
12,-0.0274899,met-d-L_LDL_TG,rs7979473
12,-0.0943241,met-d-L_LDL_TG,rs76895963
12,-0.0233686,met-d-L_LDL_TG,rs4765127
12,0.0347284,met-d-L_LDL_TG,rs10649122
13,0.0273636,met-d-L_LDL_TG,rs6602911
13,0.027228,met-d-L_LDL_TG,rs35596121
14,-0.0266508,met-d-L_LDL_TG,rs6573778
14,0.0379579,met-d-L_LDL_TG,rs7157785
15,-0.214189,met-d-L_LDL_TG,rs261290
15,0.152964,met-d-L_LDL_TG,rs150844304
15,-0.0510658,met-d-L_LDL_TG,rs16939991
15,0.0602099,met-d-L_LDL_TG,rs261337
15,0.166639,met-d-L_LDL_TG,rs633695
15,0.0989371,met-d-L_LDL_TG,rs6078
16,-0.0375457,met-d-L_LDL_TG,rs72769435
16,0.0357423,met-d-L_LDL_TG,rs2000999
17,0.0305444,met-d-L_LDL_TG,rs12601919
17,-0.166668,met-d-L_LDL_TG,rs75679663
17,0.0240027,met-d-L_LDL_TG,rs4794057
19,0.0876849,met-d-L_LDL_TG,rs429358
19,-0.0702633,met-d-L_LDL_TG,rs12151108
19,-0.0785292,met-d-L_LDL_TG,rs8107974
19,-0.0338693,met-d-L_LDL_TG,rs550455
19,-0.0256359,met-d-L_LDL_TG,rs199956232
20,0.0231678,met-d-L_LDL_TG,rs6129762
20,-0.0284567,met-d-L_LDL_TG,rs6129624
20,0.0677622,met-d-L_LDL_TG,rs6073958
20,-0.0227578,met-d-L_LDL_TG,rs6090040
21,0.0253357,met-d-L_LDL_TG,rs4817999
