chr,beta,id,snp
1,0.0668442,met-d-XL_HDL_TG_pct,rs2131925
1,0.0969073,met-d-XL_HDL_TG_pct,rs79598313
1,0.0217063,met-d-XL_HDL_TG_pct,rs6689335
1,0.040439,met-d-XL_HDL_TG_pct,rs59484402
2,-0.0980748,met-d-XL_HDL_TG_pct,rs1260326
2,-0.0462783,met-d-XL_HDL_TG_pct,rs1128249
2,0.08212,met-d-XL_HDL_TG_pct,rs2678379
2,0.0699476,met-d-XL_HDL_TG_pct,rs113414093
2,0.0437666,met-d-XL_HDL_TG_pct,rs2943654
3,0.0457619,met-d-XL_HDL_TG_pct,rs9844972
3,0.0274814,met-d-XL_HDL_TG_pct,rs684773
4,0.0225178,met-d-XL_HDL_TG_pct,rs13118477
4,0.0427593,met-d-XL_HDL_TG_pct,rs35225200
4,-0.0366009,met-d-XL_HDL_TG_pct,rs13108218
4,-0.0248283,met-d-XL_HDL_TG_pct,rs2218315
4,0.0209296,met-d-XL_HDL_TG_pct,rs3857142
4,0.0270584,met-d-XL_HDL_TG_pct,rs1471251
5,-0.0218673,met-d-XL_HDL_TG_pct,rs37538
5,0.0213132,met-d-XL_HDL_TG_pct,rs4976033
5,-0.0586995,met-d-XL_HDL_TG_pct,rs11429307
6,0.0433096,met-d-XL_HDL_TG_pct,rs12208357
6,-0.0358304,met-d-XL_HDL_TG_pct,rs668459
6,-0.164035,met-d-XL_HDL_TG_pct,rs117733303
6,0.0651369,met-d-XL_HDL_TG_pct,rs12212146
6,0.027936,met-d-XL_HDL_TG_pct,rs28752924
6,0.0516105,met-d-XL_HDL_TG_pct,rs74434374
6,0.0378067,met-d-XL_HDL_TG_pct,rs28383314
6,0.0376699,met-d-XL_HDL_TG_pct,rs998584
6,0.0296962,met-d-XL_HDL_TG_pct,rs2745353
6,-0.0984611,met-d-XL_HDL_TG_pct,rs10455872
6,-0.0373613,met-d-XL_HDL_TG_pct,rs6938550
7,-0.124036,met-d-XL_HDL_TG_pct,rs34060476
7,0.0761906,met-d-XL_HDL_TG_pct,rs72555385
7,-0.0276814,met-d-XL_HDL_TG_pct,rs56001710
7,0.030214,met-d-XL_HDL_TG_pct,rs11976955
8,0.0327863,met-d-XL_HDL_TG_pct,rs13265201
8,0.0282348,met-d-XL_HDL_TG_pct,rs2943557
8,-0.0646287,met-d-XL_HDL_TG_pct,rs1561748
8,-0.187769,met-d-XL_HDL_TG_pct,rs328
8,-0.0784572,met-d-XL_HDL_TG_pct,rs112875651
8,0.036292,met-d-XL_HDL_TG_pct,rs3860847
10,-0.0302319,met-d-XL_HDL_TG_pct,rs4595427
10,-0.0284844,met-d-XL_HDL_TG_pct,rs2068888
10,0.0260682,met-d-XL_HDL_TG_pct,rs10882271
11,0.0254867,met-d-XL_HDL_TG_pct,rs10750766
11,0.0232962,met-d-XL_HDL_TG_pct,rs883863
11,-0.206675,met-d-XL_HDL_TG_pct,rs964184
11,-0.236013,met-d-XL_HDL_TG_pct,rs1047964
11,-0.0269721,met-d-XL_HDL_TG_pct,rs10838681
11,0.0878268,met-d-XL_HDL_TG_pct,rs174554
11,0.0489409,met-d-XL_HDL_TG_pct,rs2302263
11,0.225636,met-d-XL_HDL_TG_pct,rs144018203
12,-0.0308494,met-d-XL_HDL_TG_pct,rs11045171
12,-0.031707,met-d-XL_HDL_TG_pct,rs11609805
12,-0.0232337,met-d-XL_HDL_TG_pct,rs36226283
12,-0.0317786,met-d-XL_HDL_TG_pct,rs7133378
12,-0.0932844,met-d-XL_HDL_TG_pct,rs76895963
15,0.131025,met-d-XL_HDL_TG_pct,rs150844304
15,-0.0365187,met-d-XL_HDL_TG_pct,rs261342
16,-0.0390052,met-d-XL_HDL_TG_pct,rs2925979
16,-0.0287106,met-d-XL_HDL_TG_pct,rs11644601
16,0.071361,met-d-XL_HDL_TG_pct,rs75911530
16,-0.115267,met-d-XL_HDL_TG_pct,rs821840
17,0.129104,met-d-XL_HDL_TG_pct,rs72836561
17,0.0496344,met-d-XL_HDL_TG_pct,rs7214152
17,0.0322336,met-d-XL_HDL_TG_pct,rs12601919
19,-0.262332,met-d-XL_HDL_TG_pct,rs116843064
19,-0.0469619,met-d-XL_HDL_TG_pct,rs62117489
19,0.0512313,met-d-XL_HDL_TG_pct,rs283814
19,0.215521,met-d-XL_HDL_TG_pct,rs1065853
19,-0.0659296,met-d-XL_HDL_TG_pct,rs58542926
20,0.143123,met-d-XL_HDL_TG_pct,rs1057208
20,-0.0240987,met-d-XL_HDL_TG_pct,rs8126001
20,-0.0251074,met-d-XL_HDL_TG_pct,rs2092479
