chr,beta,id,snp
1,0.07747,met-d-S_VLDL_L,rs141409973
1,0.0964414,met-d-S_VLDL_L,rs114165349
1,-0.0381596,met-d-S_VLDL_L,rs10864726
1,-0.0329483,met-d-S_VLDL_L,rs200730299
1,0.0261249,met-d-S_VLDL_L,rs822928
1,0.0721329,met-d-S_VLDL_L,rs629301
2,-0.122289,met-d-S_VLDL_L,rs11902417
2,-0.0877071,met-d-S_VLDL_L,rs1260326
2,-0.0277234,met-d-S_VLDL_L,rs4299376
2,-0.0404837,met-d-S_VLDL_L,rs1128249
2,-0.0418703,met-d-S_VLDL_L,rs60960031
2,-0.0261414,met-d-S_VLDL_L,rs13423088
3,-0.0361495,met-d-S_VLDL_L,rs13059141
3,0.037341,met-d-S_VLDL_L,rs523118
4,0.0323359,met-d-S_VLDL_L,rs1471251
4,-0.0371928,met-d-S_VLDL_L,rs13108218
5,-0.0499913,met-d-S_VLDL_L,rs11429307
5,0.0368577,met-d-S_VLDL_L,rs12916
5,0.0494069,met-d-S_VLDL_L,rs4704834
6,0.0279383,met-d-S_VLDL_L,rs2745353
6,0.0674119,met-d-S_VLDL_L,rs146203232
6,-0.231086,met-d-S_VLDL_L,rs186696265
6,0.0224783,met-d-S_VLDL_L,rs2596502
6,0.0491538,met-d-S_VLDL_L,rs11755689
6,-0.0447029,met-d-S_VLDL_L,rs9273453
6,0.0259589,met-d-S_VLDL_L,rs998584
6,-0.0322781,met-d-S_VLDL_L,rs17585887
7,-0.0851274,met-d-S_VLDL_L,rs55747707
7,0.0218907,met-d-S_VLDL_L,rs1989985
7,0.0284889,met-d-S_VLDL_L,rs11976955
7,0.0924434,met-d-S_VLDL_L,rs42125
8,-0.0282922,met-d-S_VLDL_L,rs2081687
8,-0.029318,met-d-S_VLDL_L,rs2737245
8,-0.0924555,met-d-S_VLDL_L,rs112875651
8,0.0762114,met-d-S_VLDL_L,rs74444445
8,0.0721397,met-d-S_VLDL_L,rs59347135
8,0.158759,met-d-S_VLDL_L,rs144503444
8,-0.149961,met-d-S_VLDL_L,rs10096633
8,0.0522768,met-d-S_VLDL_L,rs8185886
8,0.0283048,met-d-S_VLDL_L,rs3860847
9,0.0368684,met-d-S_VLDL_L,rs635634
10,-0.0270026,met-d-S_VLDL_L,rs10761716
10,-0.0273194,met-d-S_VLDL_L,rs2478236
10,-0.0236068,met-d-S_VLDL_L,rs1890896
10,-0.0234285,met-d-S_VLDL_L,rs740746
11,0.235169,met-d-S_VLDL_L,rs141469619
11,-0.197522,met-d-S_VLDL_L,rs964184
11,0.0262673,met-d-S_VLDL_L,rs2915400
11,-0.208476,met-d-S_VLDL_L,rs1047964
12,0.0374267,met-d-S_VLDL_L,rs10649122
12,-0.0320845,met-d-S_VLDL_L,rs11057397
13,0.0304143,met-d-S_VLDL_L,rs6602911
14,0.0225752,met-d-S_VLDL_L,rs72694391
15,-0.0778476,met-d-S_VLDL_L,rs261290
15,0.130591,met-d-S_VLDL_L,rs150844304
15,0.0555294,met-d-S_VLDL_L,rs633695
16,0.0445891,met-d-S_VLDL_L,rs2000999
16,-0.0785717,met-d-S_VLDL_L,rs247616
17,-0.0363887,met-d-S_VLDL_L,rs740516
17,0.0879273,met-d-S_VLDL_L,rs77697917
17,0.0219237,met-d-S_VLDL_L,rs4561509
17,0.0553873,met-d-S_VLDL_L,rs8078513
19,-0.0967033,met-d-S_VLDL_L,rs12151108
19,-0.069206,met-d-S_VLDL_L,rs7247905
19,-0.115794,met-d-S_VLDL_L,rs58542926
19,-0.0538111,met-d-S_VLDL_L,rs62117162
19,-0.0321943,met-d-S_VLDL_L,rs550455
19,-0.0521567,met-d-S_VLDL_L,rs57192995
19,0.0805379,met-d-S_VLDL_L,rs157595
20,0.0259366,met-d-S_VLDL_L,rs753381
20,-0.0317317,met-d-S_VLDL_L,rs6102034
20,0.0488012,met-d-S_VLDL_L,rs6073958
21,0.0244968,met-d-S_VLDL_L,rs62222988
22,0.0254937,met-d-S_VLDL_L,rs9616847
