chr,beta,id,snp
1,-0.21604,met-d-XS_VLDL_CE_pct,rs11591147
1,-0.0957818,met-d-XS_VLDL_CE_pct,rs182050989
1,0.0240373,met-d-XS_VLDL_CE_pct,rs472495
1,-0.0326649,met-d-XS_VLDL_CE_pct,rs12740374
1,-0.0239513,met-d-XS_VLDL_CE_pct,rs59784135
1,0.0523733,met-d-XS_VLDL_CE_pct,rs11122450
1,0.042756,met-d-XS_VLDL_CE_pct,rs2642438
1,-0.0301638,met-d-XS_VLDL_CE_pct,rs7534572
1,-0.0320074,met-d-XS_VLDL_CE_pct,rs67408364
2,0.0865188,met-d-XS_VLDL_CE_pct,rs1260326
2,-0.080571,met-d-XS_VLDL_CE_pct,rs2678379
2,-0.0475033,met-d-XS_VLDL_CE_pct,rs2943650
2,-0.0289505,met-d-XS_VLDL_CE_pct,rs13402561
2,-0.0390109,met-d-XS_VLDL_CE_pct,rs11394662
2,-0.0840498,met-d-XS_VLDL_CE_pct,rs78058190
2,-0.0337085,met-d-XS_VLDL_CE_pct,rs4245791
3,-0.0392196,met-d-XS_VLDL_CE_pct,rs9844972
3,-0.0351637,met-d-XS_VLDL_CE_pct,rs6764884
3,-0.0285798,met-d-XS_VLDL_CE_pct,rs684773
4,0.0259501,met-d-XS_VLDL_CE_pct,rs13108218
4,-0.0569576,met-d-XS_VLDL_CE_pct,rs13107325
4,-0.0214432,met-d-XS_VLDL_CE_pct,rs7675217
5,0.0387742,met-d-XS_VLDL_CE_pct,rs7733436
5,-0.0266348,met-d-XS_VLDL_CE_pct,rs71615507
5,0.0505832,met-d-XS_VLDL_CE_pct,rs11429307
5,0.0310327,met-d-XS_VLDL_CE_pct,rs7707394
6,0.0974139,met-d-XS_VLDL_CE_pct,rs10455872
6,-0.0352277,met-d-XS_VLDL_CE_pct,rs28752510
6,0.0285848,met-d-XS_VLDL_CE_pct,rs2523764
6,-0.0234481,met-d-XS_VLDL_CE_pct,rs9482772
6,-0.0266041,met-d-XS_VLDL_CE_pct,rs34733406
6,0.149848,met-d-XS_VLDL_CE_pct,rs117733303
6,-0.0305395,met-d-XS_VLDL_CE_pct,rs6905288
6,0.0263008,met-d-XS_VLDL_CE_pct,rs632057
6,-0.0557337,met-d-XS_VLDL_CE_pct,rs12212146
7,0.0319536,met-d-XS_VLDL_CE_pct,rs56001710
7,-0.0707919,met-d-XS_VLDL_CE_pct,rs72555385
7,0.136516,met-d-XS_VLDL_CE_pct,rs3812316
7,-0.0224829,met-d-XS_VLDL_CE_pct,rs34518086
7,0.023753,met-d-XS_VLDL_CE_pct,rs35163364
8,0.0746488,met-d-XS_VLDL_CE_pct,rs1561748
8,-0.0627015,met-d-XS_VLDL_CE_pct,rs72647336
8,-0.0510169,met-d-XS_VLDL_CE_pct,rs71205961
8,0.0492295,met-d-XS_VLDL_CE_pct,rs4871603
8,0.183283,met-d-XS_VLDL_CE_pct,rs328
8,0.0356663,met-d-XS_VLDL_CE_pct,rs7012814
9,0.0403882,met-d-XS_VLDL_CE_pct,rs507666
10,0.0526201,met-d-XS_VLDL_CE_pct,rs10761753
10,0.03552,met-d-XS_VLDL_CE_pct,rs10786114
10,-0.0445678,met-d-XS_VLDL_CE_pct,rs2803619
11,-0.0333551,met-d-XS_VLDL_CE_pct,rs10750766
11,-0.0620877,met-d-XS_VLDL_CE_pct,rs11231721
11,-0.248848,met-d-XS_VLDL_CE_pct,rs144018203
11,0.185832,met-d-XS_VLDL_CE_pct,rs1047964
11,0.0311305,met-d-XS_VLDL_CE_pct,rs79920646
11,-0.0224193,met-d-XS_VLDL_CE_pct,rs141949189
11,0.184385,met-d-XS_VLDL_CE_pct,rs964184
11,-0.0927607,met-d-XS_VLDL_CE_pct,rs174537
11,-0.0392495,met-d-XS_VLDL_CE_pct,rs673335
12,0.0243139,met-d-XS_VLDL_CE_pct,rs7133378
12,0.0254739,met-d-XS_VLDL_CE_pct,rs35350651
14,-0.0309133,met-d-XS_VLDL_CE_pct,rs4902244
15,-0.0627817,met-d-XS_VLDL_CE_pct,rs1077835
15,0.0443329,met-d-XS_VLDL_CE_pct,rs2043085
15,-0.185364,met-d-XS_VLDL_CE_pct,rs190543502
16,-0.022442,met-d-XS_VLDL_CE_pct,rs7359336
16,0.0337435,met-d-XS_VLDL_CE_pct,rs11644601
16,0.0391211,met-d-XS_VLDL_CE_pct,rs2925979
17,-0.139472,met-d-XS_VLDL_CE_pct,rs72836561
17,0.109195,met-d-XS_VLDL_CE_pct,rs77542162
17,0.0222676,met-d-XS_VLDL_CE_pct,rs17561950
17,0.0649268,met-d-XS_VLDL_CE_pct,rs1801689
18,-0.0232839,met-d-XS_VLDL_CE_pct,rs185575165
18,0.109797,met-d-XS_VLDL_CE_pct,rs77960347
18,0.0289642,met-d-XS_VLDL_CE_pct,rs7241918
19,0.0412829,met-d-XS_VLDL_CE_pct,rs2927468
19,-0.0768444,met-d-XS_VLDL_CE_pct,rs111278137
19,0.053086,met-d-XS_VLDL_CE_pct,rs8103315
19,-0.0714569,met-d-XS_VLDL_CE_pct,rs141820146
19,0.0506712,met-d-XS_VLDL_CE_pct,rs62117489
19,-0.444435,met-d-XS_VLDL_CE_pct,rs1065853
19,0.243084,met-d-XS_VLDL_CE_pct,rs116843064
19,-0.108982,met-d-XS_VLDL_CE_pct,rs28807203
20,0.0289031,met-d-XS_VLDL_CE_pct,rs4814176
20,-0.0999315,met-d-XS_VLDL_CE_pct,rs7679
