chr,beta,id,snp
1,0.0350241,met-d-L_VLDL_PL,rs599839
1,-0.0454784,met-d-L_VLDL_PL,rs10864726
1,0.107805,met-d-L_VLDL_PL,rs79598313
1,0.0751168,met-d-L_VLDL_PL,rs79439217
2,-0.0289528,met-d-L_VLDL_PL,rs1510606
2,-0.0495572,met-d-L_VLDL_PL,rs1128249
2,0.0383221,met-d-L_VLDL_PL,rs2943640
2,-0.109939,met-d-L_VLDL_PL,rs676210
2,0.0613049,met-d-L_VLDL_PL,rs78058190
2,-0.0896598,met-d-L_VLDL_PL,rs1260326
3,0.0360192,met-d-L_VLDL_PL,rs684773
3,0.0413335,met-d-L_VLDL_PL,rs9844972
3,-0.0364335,met-d-L_VLDL_PL,rs9968117
4,-0.0268242,met-d-L_VLDL_PL,rs4491981
4,-0.0360511,met-d-L_VLDL_PL,rs13108218
4,0.0324712,met-d-L_VLDL_PL,rs1471251
4,0.0230019,met-d-L_VLDL_PL,rs4698315
5,0.0391433,met-d-L_VLDL_PL,rs4704834
5,-0.0567754,met-d-L_VLDL_PL,rs11429307
5,-0.0278692,met-d-L_VLDL_PL,rs13186403
6,0.0438046,met-d-L_VLDL_PL,rs13191810
6,-0.2699,met-d-L_VLDL_PL,rs117733303
6,0.0591591,met-d-L_VLDL_PL,rs12212146
6,0.035166,met-d-L_VLDL_PL,rs73732214
6,0.0334637,met-d-L_VLDL_PL,rs998584
6,0.0550105,met-d-L_VLDL_PL,rs12208357
6,0.0342616,met-d-L_VLDL_PL,rs2186037
6,-0.153353,met-d-L_VLDL_PL,rs10455872
6,-0.0355736,met-d-L_VLDL_PL,rs632057
7,-0.025652,met-d-L_VLDL_PL,rs56001710
7,-0.0957834,met-d-L_VLDL_PL,rs55747707
7,0.0338024,met-d-L_VLDL_PL,rs11976955
7,0.0923975,met-d-L_VLDL_PL,rs42125
8,-0.0654465,met-d-L_VLDL_PL,rs1561748
8,-0.084322,met-d-L_VLDL_PL,rs28601761
8,-0.0254913,met-d-L_VLDL_PL,rs2081687
8,0.0318071,met-d-L_VLDL_PL,rs13265201
8,-0.194114,met-d-L_VLDL_PL,rs328
8,-0.0235045,met-d-L_VLDL_PL,rs2241260
8,0.0331854,met-d-L_VLDL_PL,rs3860847
10,-0.0346945,met-d-L_VLDL_PL,rs10761716
10,0.0226439,met-d-L_VLDL_PL,rs201289443
10,-0.022693,met-d-L_VLDL_PL,rs2484294
10,-0.0277006,met-d-L_VLDL_PL,rs2478236
11,-0.245284,met-d-L_VLDL_PL,rs1047964
11,0.0488782,met-d-L_VLDL_PL,rs174580
11,-0.214938,met-d-L_VLDL_PL,rs964184
11,0.0503486,met-d-L_VLDL_PL,rs11231694
11,0.0243318,met-d-L_VLDL_PL,rs883863
11,0.280632,met-d-L_VLDL_PL,rs141469619
12,-0.0339972,met-d-L_VLDL_PL,rs7133378
12,-0.0327671,met-d-L_VLDL_PL,rs4760254
12,-0.0849806,met-d-L_VLDL_PL,rs76895963
13,0.0275612,met-d-L_VLDL_PL,rs7140110
15,0.136236,met-d-L_VLDL_PL,rs150844304
16,-0.0801022,met-d-L_VLDL_PL,rs247616
16,0.0457935,met-d-L_VLDL_PL,rs34682685
16,-0.0344473,met-d-L_VLDL_PL,rs2925979
17,0.0572534,met-d-L_VLDL_PL,rs8078513
17,0.124138,met-d-L_VLDL_PL,rs72836561
17,-0.0785607,met-d-L_VLDL_PL,rs1801689
19,-0.0419692,met-d-L_VLDL_PL,rs73015034
19,-0.116092,met-d-L_VLDL_PL,rs58542926
19,0.079906,met-d-L_VLDL_PL,rs5112
19,-0.0551942,met-d-L_VLDL_PL,rs57192995
19,0.0474039,met-d-L_VLDL_PL,rs157592
19,-0.234012,met-d-L_VLDL_PL,rs116843064
20,-0.0260623,met-d-L_VLDL_PL,rs2092479
20,0.0598737,met-d-L_VLDL_PL,rs7679
