chr,beta,id,snp
1,-0.0843755,met-d-XS_VLDL_P,rs12740374
1,0.0258534,met-d-XS_VLDL_P,rs822928
1,0.0217127,met-d-XS_VLDL_P,rs1293261
1,0.0602535,met-d-XS_VLDL_P,rs7534572
1,-0.0253511,met-d-XS_VLDL_P,rs2495477
1,-0.284725,met-d-XS_VLDL_P,rs11591147
1,0.0781306,met-d-XS_VLDL_P,rs11206517
2,0.086478,met-d-XS_VLDL_P,rs693
2,-0.0396807,met-d-XS_VLDL_P,rs4665972
2,0.0236702,met-d-XS_VLDL_P,rs6739804
2,0.0571583,met-d-XS_VLDL_P,rs71435595
2,-0.0737671,met-d-XS_VLDL_P,rs115445558
3,0.0340853,met-d-XS_VLDL_P,rs11925442
3,-0.0421913,met-d-XS_VLDL_P,rs34330586
4,0.0293124,met-d-XS_VLDL_P,rs1471251
4,0.0312135,met-d-XS_VLDL_P,rs35662434
5,0.0511607,met-d-XS_VLDL_P,rs12916
5,0.0458065,met-d-XS_VLDL_P,rs4704834
5,0.032681,met-d-XS_VLDL_P,rs7707394
6,0.0379543,met-d-XS_VLDL_P,rs11753995
6,0.0268828,met-d-XS_VLDL_P,rs2523675
6,0.0487899,met-d-XS_VLDL_P,rs72848251
6,0.0731616,met-d-XS_VLDL_P,rs12208357
7,-0.0382644,met-d-XS_VLDL_P,rs10243973
7,0.026231,met-d-XS_VLDL_P,rs55649657
7,0.0312895,met-d-XS_VLDL_P,rs10260606
8,-0.027477,met-d-XS_VLDL_P,rs4738679
8,-0.0796803,met-d-XS_VLDL_P,rs112875651
8,-0.0636405,met-d-XS_VLDL_P,rs10096633
8,-0.0345102,met-d-XS_VLDL_P,rs2737245
9,0.0544417,met-d-XS_VLDL_P,rs115478735
10,-0.0232551,met-d-XS_VLDL_P,rs10881987
10,-0.0231479,met-d-XS_VLDL_P,rs2486681
11,0.0475497,met-d-XS_VLDL_P,rs11601507
11,-0.0449159,met-d-XS_VLDL_P,rs102274
11,0.110158,met-d-XS_VLDL_P,rs141469619
11,-0.0925338,met-d-XS_VLDL_P,rs964184
11,0.0453508,met-d-XS_VLDL_P,rs12804228
12,-0.0237534,met-d-XS_VLDL_P,rs3782257
12,-0.0405416,met-d-XS_VLDL_P,rs2393776
12,0.0303372,met-d-XS_VLDL_P,rs10649122
13,-0.025773,met-d-XS_VLDL_P,rs61946991
13,0.0258736,met-d-XS_VLDL_P,rs6602911
15,-0.0704672,met-d-XS_VLDL_P,rs146407081
15,-0.0866627,met-d-XS_VLDL_P,rs117911817
15,0.0719777,met-d-XS_VLDL_P,rs139974673
15,0.144756,met-d-XS_VLDL_P,rs633695
15,0.0411349,met-d-XS_VLDL_P,rs261274
15,-0.195036,met-d-XS_VLDL_P,rs261290
16,0.0685668,met-d-XS_VLDL_P,rs75911530
16,-0.0427144,met-d-XS_VLDL_P,rs9302635
16,-0.0886916,met-d-XS_VLDL_P,rs247616
17,0.163695,met-d-XS_VLDL_P,rs77542162
17,-0.04395,met-d-XS_VLDL_P,rs72631343
17,0.0288445,met-d-XS_VLDL_P,rs56325564
17,0.070216,met-d-XS_VLDL_P,rs75003668
18,0.111842,met-d-XS_VLDL_P,rs77960347
19,-0.143494,met-d-XS_VLDL_P,rs73015024
19,0.0325494,met-d-XS_VLDL_P,rs439523
19,-0.0924967,met-d-XS_VLDL_P,rs8107974
19,0.118546,met-d-XS_VLDL_P,rs140480140
19,-0.0703811,met-d-XS_VLDL_P,rs28807203
19,0.0949868,met-d-XS_VLDL_P,rs79429216
19,-0.257485,met-d-XS_VLDL_P,rs1065853
19,-0.0825345,met-d-XS_VLDL_P,rs74747585
19,0.0313956,met-d-XS_VLDL_P,rs2738447
20,0.107169,met-d-XS_VLDL_P,rs1883711
20,0.0266198,met-d-XS_VLDL_P,rs4812975
22,0.0265086,met-d-XS_VLDL_P,rs9616847
