chr,beta,id,snp
1,0.107371,met-d-L_VLDL_FC,rs114165349
1,0.073842,met-d-L_VLDL_FC,rs79439217
1,0.0419838,met-d-L_VLDL_FC,rs599839
1,-0.0452133,met-d-L_VLDL_FC,rs10864726
2,-0.0302717,met-d-L_VLDL_FC,rs1510606
2,-0.0886722,met-d-L_VLDL_FC,rs1260326
2,0.0584569,met-d-L_VLDL_FC,rs78058190
2,0.0360061,met-d-L_VLDL_FC,rs2943640
2,-0.0487416,met-d-L_VLDL_FC,rs13389219
2,-0.111208,met-d-L_VLDL_FC,rs676210
3,-0.0367906,met-d-L_VLDL_FC,rs9968117
3,0.0345395,met-d-L_VLDL_FC,rs684773
4,0.0229905,met-d-L_VLDL_FC,rs1823949
4,0.0317343,met-d-L_VLDL_FC,rs1471251
4,-0.0367992,met-d-L_VLDL_FC,rs13108218
4,-0.0266644,met-d-L_VLDL_FC,rs4491981
5,-0.0554161,met-d-L_VLDL_FC,rs11429307
5,0.0265667,met-d-L_VLDL_FC,rs12916
5,-0.0220224,met-d-L_VLDL_FC,rs37538
5,0.0400923,met-d-L_VLDL_FC,rs4704834
6,0.0561505,met-d-L_VLDL_FC,rs146203232
6,0.0446937,met-d-L_VLDL_FC,rs13191810
6,0.0332312,met-d-L_VLDL_FC,rs998584
6,0.0338579,met-d-L_VLDL_FC,rs2186037
6,-0.0355113,met-d-L_VLDL_FC,rs632057
6,0.0523984,met-d-L_VLDL_FC,rs12055389
6,0.0341477,met-d-L_VLDL_FC,rs73732214
6,-0.264294,met-d-L_VLDL_FC,rs117733303
6,-0.146308,met-d-L_VLDL_FC,rs10455872
7,-0.0234859,met-d-L_VLDL_FC,rs56001710
7,0.0338313,met-d-L_VLDL_FC,rs11976955
7,0.092791,met-d-L_VLDL_FC,rs42125
7,-0.0931327,met-d-L_VLDL_FC,rs55747707
8,-0.0261893,met-d-L_VLDL_FC,rs2081687
8,0.0318753,met-d-L_VLDL_FC,rs3860847
8,0.0313169,met-d-L_VLDL_FC,rs13265201
8,-0.0625495,met-d-L_VLDL_FC,rs1561748
8,-0.187819,met-d-L_VLDL_FC,rs328
8,-0.0848919,met-d-L_VLDL_FC,rs28601761
8,-0.0233312,met-d-L_VLDL_FC,rs2241260
10,-0.0278709,met-d-L_VLDL_FC,rs2478236
10,0.0226044,met-d-L_VLDL_FC,rs201289443
10,-0.0325892,met-d-L_VLDL_FC,rs10761716
10,-0.0227357,met-d-L_VLDL_FC,rs2484294
11,-0.239474,met-d-L_VLDL_FC,rs1047964
11,-0.210344,met-d-L_VLDL_FC,rs964184
11,0.0403274,met-d-L_VLDL_FC,rs174576
11,0.270978,met-d-L_VLDL_FC,rs141469619
12,-0.0342007,met-d-L_VLDL_FC,rs7133378
12,-0.0325442,met-d-L_VLDL_FC,rs4760254
12,-0.0839179,met-d-L_VLDL_FC,rs76895963
12,0.0225176,met-d-L_VLDL_FC,rs9888360
13,0.0286242,met-d-L_VLDL_FC,rs7140110
15,0.127313,met-d-L_VLDL_FC,rs150844304
16,0.0392541,met-d-L_VLDL_FC,rs2000999
16,-0.0234431,met-d-L_VLDL_FC,rs2927320
16,-0.0830949,met-d-L_VLDL_FC,rs247616
17,0.121856,met-d-L_VLDL_FC,rs72836561
17,-0.0733393,met-d-L_VLDL_FC,rs1801689
17,0.0574012,met-d-L_VLDL_FC,rs8078513
19,-0.0495584,met-d-L_VLDL_FC,rs73015033
19,0.0577297,met-d-L_VLDL_FC,rs157592
19,-0.225512,met-d-L_VLDL_FC,rs116843064
19,-0.053953,met-d-L_VLDL_FC,rs57192995
19,-0.121236,met-d-L_VLDL_FC,rs58542926
19,0.0786218,met-d-L_VLDL_FC,rs5112
20,0.0594591,met-d-L_VLDL_FC,rs7679
20,-0.0272419,met-d-L_VLDL_FC,rs2092479
21,0.0214491,met-d-L_VLDL_FC,rs62222988
