chr,beta,id,snp
1,0.0556758,met-d-S_LDL_TG_pct,rs12740374
1,0.0344694,met-d-S_LDL_TG_pct,rs59484402
1,0.119721,met-d-S_LDL_TG_pct,rs12750160
1,-0.0650931,met-d-S_LDL_TG_pct,rs2934744
1,0.0833544,met-d-S_LDL_TG_pct,rs182050989
1,-0.0246401,met-d-S_LDL_TG_pct,rs2642438
1,0.0276324,met-d-S_LDL_TG_pct,rs67408364
2,-0.039556,met-d-S_LDL_TG_pct,rs1128249
2,0.0431902,met-d-S_LDL_TG_pct,rs2943650
2,-0.0851488,met-d-S_LDL_TG_pct,rs1260326
2,0.0693649,met-d-S_LDL_TG_pct,rs2678379
2,0.0761601,met-d-S_LDL_TG_pct,rs78058190
2,0.0449511,met-d-S_LDL_TG_pct,rs56132765
2,0.0278593,met-d-S_LDL_TG_pct,rs13402475
3,0.0367706,met-d-S_LDL_TG_pct,rs684773
4,0.027559,met-d-S_LDL_TG_pct,rs2035403
4,-0.0236798,met-d-S_LDL_TG_pct,rs73191188
4,0.0214034,met-d-S_LDL_TG_pct,rs10008637
5,-0.0282085,met-d-S_LDL_TG_pct,rs10056811
5,-0.0233786,met-d-S_LDL_TG_pct,rs7707394
5,-0.0476857,met-d-S_LDL_TG_pct,rs11429307
5,0.0298801,met-d-S_LDL_TG_pct,rs62384157
6,-0.03007,met-d-S_LDL_TG_pct,rs2523764
6,-0.254801,met-d-S_LDL_TG_pct,rs117733303
6,0.0666541,met-d-S_LDL_TG_pct,rs12212146
6,-0.0285449,met-d-S_LDL_TG_pct,rs632057
6,0.0244905,met-d-S_LDL_TG_pct,rs6905288
6,-0.177401,met-d-S_LDL_TG_pct,rs10455872
6,0.033879,met-d-S_LDL_TG_pct,rs5021727
6,-0.0357125,met-d-S_LDL_TG_pct,rs3127580
6,-0.0922083,met-d-S_LDL_TG_pct,rs146534110
6,0.0345951,met-d-S_LDL_TG_pct,rs7765813
7,0.0589539,met-d-S_LDL_TG_pct,rs72555385
7,0.0199471,met-d-S_LDL_TG_pct,rs35363532
7,-0.0528752,met-d-S_LDL_TG_pct,rs4722551
7,-0.0254783,met-d-S_LDL_TG_pct,rs10225866
7,-0.122162,met-d-S_LDL_TG_pct,rs3812316
8,0.0320234,met-d-S_LDL_TG_pct,rs4646246
8,-0.183268,met-d-S_LDL_TG_pct,rs328
8,-0.0682898,met-d-S_LDL_TG_pct,rs1561748
8,0.0648188,met-d-S_LDL_TG_pct,rs72647336
8,-0.0663686,met-d-S_LDL_TG_pct,rs2980888
8,-0.0322903,met-d-S_LDL_TG_pct,rs3789849
8,0.0438281,met-d-S_LDL_TG_pct,rs71205961
8,0.0270622,met-d-S_LDL_TG_pct,rs12549603
9,0.0221659,met-d-S_LDL_TG_pct,rs10747046
9,-0.043798,met-d-S_LDL_TG_pct,rs2519093
10,0.0422221,met-d-S_LDL_TG_pct,rs10640079
10,-0.0346152,met-d-S_LDL_TG_pct,rs10786114
11,-0.196405,met-d-S_LDL_TG_pct,rs964184
11,0.0864734,met-d-S_LDL_TG_pct,rs174580
11,-0.187239,met-d-S_LDL_TG_pct,rs1047964
11,0.0308442,met-d-S_LDL_TG_pct,rs10750766
11,0.0465156,met-d-S_LDL_TG_pct,rs2302263
11,0.0499345,met-d-S_LDL_TG_pct,rs508049
11,0.266548,met-d-S_LDL_TG_pct,rs144018203
12,0.0222206,met-d-S_LDL_TG_pct,rs7299594
12,-0.0225906,met-d-S_LDL_TG_pct,rs10774625
14,0.0301358,met-d-S_LDL_TG_pct,rs12880341
15,-0.110463,met-d-S_LDL_TG_pct,rs2043085
15,0.167484,met-d-S_LDL_TG_pct,rs150844304
15,0.13157,met-d-S_LDL_TG_pct,rs1077835
15,-0.0311025,met-d-S_LDL_TG_pct,rs16939991
16,0.0320196,met-d-S_LDL_TG_pct,rs8059755
16,-0.0333728,met-d-S_LDL_TG_pct,rs2925979
17,0.117958,met-d-S_LDL_TG_pct,rs72836561
17,-0.0257982,met-d-S_LDL_TG_pct,rs4969144
17,-0.0854812,met-d-S_LDL_TG_pct,rs1801689
19,-0.0507288,met-d-S_LDL_TG_pct,rs62117489
19,0.487984,met-d-S_LDL_TG_pct,rs1065853
19,-0.241323,met-d-S_LDL_TG_pct,rs116843064
19,-0.0604665,met-d-S_LDL_TG_pct,rs8103315
19,0.0839546,met-d-S_LDL_TG_pct,rs111278137
19,-0.046886,met-d-S_LDL_TG_pct,rs2927468
19,0.121285,met-d-S_LDL_TG_pct,rs28807203
19,0.057647,met-d-S_LDL_TG_pct,rs141820146
20,0.0254722,met-d-S_LDL_TG_pct,rs2618566
