chr,beta,id,snp
1,0.0584857,met-d-M_VLDL_FC,rs7534572
1,-0.282081,met-d-M_VLDL_FC,rs11591147
1,0.0297204,met-d-M_VLDL_FC,rs553427
1,-0.0988438,met-d-M_VLDL_FC,rs12740374
1,0.0246018,met-d-M_VLDL_FC,rs1293261
1,0.0841435,met-d-M_VLDL_FC,rs11206517
1,-0.0291817,met-d-M_VLDL_FC,rs2495477
2,0.0951128,met-d-M_VLDL_FC,rs693
2,-0.0447382,met-d-M_VLDL_FC,rs4299376
2,0.0242589,met-d-M_VLDL_FC,rs4533439
2,-0.0479942,met-d-M_VLDL_FC,rs4665972
2,-0.0246528,met-d-M_VLDL_FC,rs6717858
2,-0.0290276,met-d-M_VLDL_FC,rs1320143
3,-0.0320769,met-d-M_VLDL_FC,rs71630059
4,-0.0276736,met-d-M_VLDL_FC,rs13108218
4,0.0235587,met-d-M_VLDL_FC,rs1471251
5,0.0243034,met-d-M_VLDL_FC,rs7704651
5,0.056088,met-d-M_VLDL_FC,rs12916
5,0.0493772,met-d-M_VLDL_FC,rs4704834
5,0.0335508,met-d-M_VLDL_FC,rs7707394
6,0.0561782,met-d-M_VLDL_FC,rs80254170
6,-0.0237539,met-d-M_VLDL_FC,rs6920309
6,-0.0427227,met-d-M_VLDL_FC,rs6938647
6,-0.174417,met-d-M_VLDL_FC,rs9295128
6,0.0474607,met-d-M_VLDL_FC,rs11755689
6,0.0496867,met-d-M_VLDL_FC,rs28377109
6,0.0382642,met-d-M_VLDL_FC,rs62440901
7,0.0230697,met-d-M_VLDL_FC,rs1989985
7,-0.0384716,met-d-M_VLDL_FC,rs55747707
7,0.0343673,met-d-M_VLDL_FC,rs10260606
8,-0.0296008,met-d-M_VLDL_FC,rs2737245
8,0.0388309,met-d-M_VLDL_FC,rs6601299
8,-0.0716737,met-d-M_VLDL_FC,rs112875651
8,-0.0812268,met-d-M_VLDL_FC,rs10096633
8,-0.0284325,met-d-M_VLDL_FC,rs2326077
8,0.095852,met-d-M_VLDL_FC,rs144503444
9,0.0524075,met-d-M_VLDL_FC,rs115478735
10,-0.0225828,met-d-M_VLDL_FC,rs2478236
11,0.054256,met-d-M_VLDL_FC,rs12804228
11,-0.114392,met-d-M_VLDL_FC,rs964184
11,-0.0305809,met-d-M_VLDL_FC,rs102275
11,0.127848,met-d-M_VLDL_FC,rs141469619
12,0.0246763,met-d-M_VLDL_FC,rs10842724
12,-0.0242144,met-d-M_VLDL_FC,rs11057601
13,0.0291727,met-d-M_VLDL_FC,rs6602909
14,0.0225182,met-d-M_VLDL_FC,rs72694391
15,0.0288397,met-d-M_VLDL_FC,rs633695
15,-0.0419238,met-d-M_VLDL_FC,rs261290
16,0.0472189,met-d-M_VLDL_FC,rs34042070
16,-0.0666894,met-d-M_VLDL_FC,rs247616
16,-0.0276981,met-d-M_VLDL_FC,rs7202323
17,-0.0431974,met-d-M_VLDL_FC,rs72631343
17,0.128042,met-d-M_VLDL_FC,rs77542162
17,0.0292678,met-d-M_VLDL_FC,rs56325564
19,-0.143967,met-d-M_VLDL_FC,rs12151108
19,0.033683,met-d-M_VLDL_FC,rs2738447
19,-0.0851967,met-d-M_VLDL_FC,rs111278137
19,-0.1276,met-d-M_VLDL_FC,rs58542926
19,0.117993,met-d-M_VLDL_FC,rs118170342
19,-0.0424466,met-d-M_VLDL_FC,rs9973286
19,-0.102498,met-d-M_VLDL_FC,rs74747585
19,-0.3156,met-d-M_VLDL_FC,rs1065853
20,0.110851,met-d-M_VLDL_FC,rs1883711
22,0.0260747,met-d-M_VLDL_FC,rs9616847
