chr,beta,id,snp
1,0.10249,met-d-S_VLDL_P,rs114165349
1,0.071664,met-d-S_VLDL_P,rs629301
1,-0.0317968,met-d-S_VLDL_P,rs200730299
1,-0.0407158,met-d-S_VLDL_P,rs10864726
1,0.0766946,met-d-S_VLDL_P,rs2131925
1,0.0260599,met-d-S_VLDL_P,rs613334
2,-0.0878343,met-d-S_VLDL_P,rs1260326
2,-0.0278163,met-d-S_VLDL_P,rs13423088
2,-0.0415751,met-d-S_VLDL_P,rs1128249
2,-0.0414471,met-d-S_VLDL_P,rs60960031
2,0.129434,met-d-S_VLDL_P,rs4665710
2,-0.0269852,met-d-S_VLDL_P,rs4299376
3,-0.0357235,met-d-S_VLDL_P,rs13059141
3,0.0386236,met-d-S_VLDL_P,rs523118
4,0.0223631,met-d-S_VLDL_P,rs1823949
4,0.0327127,met-d-S_VLDL_P,rs1471251
4,-0.0377357,met-d-S_VLDL_P,rs13108218
5,0.0356377,met-d-S_VLDL_P,rs12916
5,0.0492195,met-d-S_VLDL_P,rs4704834
5,-0.0510155,met-d-S_VLDL_P,rs11429307
6,0.0222984,met-d-S_VLDL_P,rs2596502
6,0.0288471,met-d-S_VLDL_P,rs2186037
6,0.0486146,met-d-S_VLDL_P,rs11755689
6,-0.0451624,met-d-S_VLDL_P,rs9273453
6,-0.0331732,met-d-S_VLDL_P,rs17585887
6,0.0675412,met-d-S_VLDL_P,rs146203232
6,-0.235371,met-d-S_VLDL_P,rs186696265
6,0.0271723,met-d-S_VLDL_P,rs998584
7,0.0216408,met-d-S_VLDL_P,rs1989985
7,0.0950021,met-d-S_VLDL_P,rs42125
7,-0.0876067,met-d-S_VLDL_P,rs55747707
7,0.0291465,met-d-S_VLDL_P,rs11976955
8,0.0810736,met-d-S_VLDL_P,rs74444445
8,0.0756119,met-d-S_VLDL_P,rs59347135
8,-0.158053,met-d-S_VLDL_P,rs10096633
8,0.0291026,met-d-S_VLDL_P,rs3860847
8,0.166164,met-d-S_VLDL_P,rs144503444
8,-0.0919647,met-d-S_VLDL_P,rs112875651
8,-0.028073,met-d-S_VLDL_P,rs2081687
8,-0.0288513,met-d-S_VLDL_P,rs2721961
9,0.0347449,met-d-S_VLDL_P,rs635634
10,-0.0272816,met-d-S_VLDL_P,rs2478236
10,-0.0284777,met-d-S_VLDL_P,rs10761716
10,-0.0233308,met-d-S_VLDL_P,rs10881987
10,-0.0233769,met-d-S_VLDL_P,rs2484294
11,-0.211,met-d-S_VLDL_P,rs1047964
11,0.0261533,met-d-S_VLDL_P,rs2970332
11,-0.20436,met-d-S_VLDL_P,rs964184
11,0.247295,met-d-S_VLDL_P,rs141469619
12,0.0379448,met-d-S_VLDL_P,rs10649122
12,-0.0327825,met-d-S_VLDL_P,rs11057397
12,0.032481,met-d-S_VLDL_P,rs10846744
13,0.030319,met-d-S_VLDL_P,rs6602911
15,0.057343,met-d-S_VLDL_P,rs633695
15,-0.0791158,met-d-S_VLDL_P,rs261290
15,0.135085,met-d-S_VLDL_P,rs150844304
16,-0.0801903,met-d-S_VLDL_P,rs247616
16,0.0435664,met-d-S_VLDL_P,rs2000999
17,0.0562251,met-d-S_VLDL_P,rs8078513
17,0.0935579,met-d-S_VLDL_P,rs72836561
17,-0.0356274,met-d-S_VLDL_P,rs740516
17,0.021835,met-d-S_VLDL_P,rs4561509
19,0.0795356,met-d-S_VLDL_P,rs157595
19,-0.0938131,met-d-S_VLDL_P,rs17248727
19,-0.0687148,met-d-S_VLDL_P,rs137992968
19,-0.0492564,met-d-S_VLDL_P,rs62117162
19,-0.0321402,met-d-S_VLDL_P,rs550455
19,-0.0537984,met-d-S_VLDL_P,rs62117487
19,-0.111884,met-d-S_VLDL_P,rs8107974
20,0.0500815,met-d-S_VLDL_P,rs6073958
20,0.0253857,met-d-S_VLDL_P,rs753381
20,-0.0316128,met-d-S_VLDL_P,rs6102034
21,0.0242604,met-d-S_VLDL_P,rs62222988
22,0.024932,met-d-S_VLDL_P,rs9616847
