chr,beta,id,snp
1,-0.086099,met-d-L_HDL_PL,rs75460349
1,-0.0241133,met-d-L_HDL_PL,rs58388121
1,0.0475969,met-d-L_HDL_PL,rs4846921
1,-0.0335662,met-d-L_HDL_PL,rs6694102
1,0.0334017,met-d-L_HDL_PL,rs2642438
1,-0.0303451,met-d-L_HDL_PL,rs61781392
1,-0.0289114,met-d-L_HDL_PL,rs333947
2,0.0658344,met-d-L_HDL_PL,rs676210
2,0.0343187,met-d-L_HDL_PL,rs13389219
2,0.0239184,met-d-L_HDL_PL,rs59104589
2,-0.0370477,met-d-L_HDL_PL,rs1024137
2,-0.0242242,met-d-L_HDL_PL,rs907866
3,-0.036862,met-d-L_HDL_PL,rs9844972
3,-0.0303145,met-d-L_HDL_PL,rs57912727
4,-0.0696951,met-d-L_HDL_PL,rs13107325
4,-0.0237188,met-d-L_HDL_PL,rs1139490
4,0.0206874,met-d-L_HDL_PL,rs12510382
4,-0.0281648,met-d-L_HDL_PL,rs368166328
5,0.042453,met-d-L_HDL_PL,rs11429307
5,0.0215422,met-d-L_HDL_PL,rs2307111
6,-0.0613741,met-d-L_HDL_PL,rs147627829
6,-0.0491326,met-d-L_HDL_PL,rs11751347
6,-0.0329874,met-d-L_HDL_PL,rs998584
6,-0.0291117,met-d-L_HDL_PL,rs9491697
6,-0.0287094,met-d-L_HDL_PL,rs9265113
6,0.0243127,met-d-L_HDL_PL,rs72934503
7,0.0462304,met-d-L_HDL_PL,rs35493868
7,-0.0331355,met-d-L_HDL_PL,rs3735687
7,-0.0302286,met-d-L_HDL_PL,rs7810507
7,-0.0246537,met-d-L_HDL_PL,rs705379
8,0.0507872,met-d-L_HDL_PL,rs1561748
8,0.0575932,met-d-L_HDL_PL,rs2169387
8,0.0271507,met-d-L_HDL_PL,rs112875651
8,0.134443,met-d-L_HDL_PL,rs145391587
8,0.0348392,met-d-L_HDL_PL,rs79744701
8,-0.0205841,met-d-L_HDL_PL,rs17729883
8,0.029388,met-d-L_HDL_PL,rs2737205
9,-0.0358926,met-d-L_HDL_PL,rs2740488
9,0.0420296,met-d-L_HDL_PL,rs11789603
9,0.0221282,met-d-L_HDL_PL,rs1319424
9,0.0475314,met-d-L_HDL_PL,rs686030
9,0.0292247,met-d-L_HDL_PL,rs2066714
10,-0.0321442,met-d-L_HDL_PL,rs148063610
10,-0.0396245,met-d-L_HDL_PL,rs2803619
10,-0.0358453,met-d-L_HDL_PL,rs60847460
10,0.0235685,met-d-L_HDL_PL,rs4418728
10,0.0192298,met-d-L_HDL_PL,rs7924036
11,-0.132162,met-d-L_HDL_PL,rs144018203
11,-0.0762936,met-d-L_HDL_PL,rs174576
11,0.211804,met-d-L_HDL_PL,rs1047964
11,0.0363099,met-d-L_HDL_PL,rs10769254
11,-0.0470936,met-d-L_HDL_PL,rs12294913
11,0.0856706,met-d-L_HDL_PL,rs964184
11,-0.0401463,met-d-L_HDL_PL,rs200644264
11,-0.042853,met-d-L_HDL_PL,rs559355
11,-0.023883,met-d-L_HDL_PL,rs141949189
12,-0.0618396,met-d-L_HDL_PL,rs61941676
12,0.0231565,met-d-L_HDL_PL,rs11057469
12,0.0215988,met-d-L_HDL_PL,rs1077195
12,0.027503,met-d-L_HDL_PL,rs7308864
12,0.0271948,met-d-L_HDL_PL,rs11045171
12,0.0217875,met-d-L_HDL_PL,rs837500
12,0.0273415,met-d-L_HDL_PL,rs2229357
12,-0.041877,met-d-L_HDL_PL,rs838876
15,-0.155005,met-d-L_HDL_PL,rs488490
15,0.161875,met-d-L_HDL_PL,rs10468017
15,-0.0486845,met-d-L_HDL_PL,rs77516617
15,0.0206359,met-d-L_HDL_PL,rs5030789
15,-0.0662298,met-d-L_HDL_PL,rs1560390
16,0.0351229,met-d-L_HDL_PL,rs2925979
16,-0.142609,met-d-L_HDL_PL,rs75911530
16,-0.0793447,met-d-L_HDL_PL,rs4986970
16,-0.0297695,met-d-L_HDL_PL,rs6498540
16,-0.0192271,met-d-L_HDL_PL,rs4330777
16,0.208568,met-d-L_HDL_PL,rs3764261
16,-0.079189,met-d-L_HDL_PL,rs75714888
16,-0.0249841,met-d-L_HDL_PL,rs8058512
16,0.0748829,met-d-L_HDL_PL,rs55779455
17,-0.138336,met-d-L_HDL_PL,rs72836561
17,-0.0270189,met-d-L_HDL_PL,rs2696455
17,-0.046819,met-d-L_HDL_PL,rs112001035
17,-0.0380075,met-d-L_HDL_PL,rs34695955
17,0.0244341,met-d-L_HDL_PL,rs55714927
17,0.0299512,met-d-L_HDL_PL,rs1006656
18,0.0760232,met-d-L_HDL_PL,rs9955201
18,-0.0232112,met-d-L_HDL_PL,rs1457489
18,0.0665173,met-d-L_HDL_PL,rs7241918
18,0.228941,met-d-L_HDL_PL,rs77960347
19,0.182547,met-d-L_HDL_PL,rs116843064
19,-0.0563497,met-d-L_HDL_PL,rs737337
19,-0.0366507,met-d-L_HDL_PL,rs12721046
19,0.0434035,met-d-L_HDL_PL,rs5167
20,-0.149707,met-d-L_HDL_PL,rs1057208
20,-0.0695538,met-d-L_HDL_PL,rs150224153
20,-0.0483452,met-d-L_HDL_PL,rs76070947
22,-0.0280193,met-d-L_HDL_PL,rs5754100
