chr,beta,id,snp
1,-0.116713,met-d-Clinical_LDL_C,rs12740374
1,0.0249298,met-d-Clinical_LDL_C,rs2784259
1,0.0364714,met-d-Clinical_LDL_C,rs472495
1,0.0224045,met-d-Clinical_LDL_C,rs1293261
1,-0.324712,met-d-Clinical_LDL_C,rs11591147
1,0.0779663,met-d-Clinical_LDL_C,rs67276129
1,0.0311444,met-d-Clinical_LDL_C,rs553427
1,0.0221378,met-d-Clinical_LDL_C,rs7534572
2,-0.0482502,met-d-Clinical_LDL_C,rs4299376
2,-0.0265031,met-d-Clinical_LDL_C,rs140798831
2,0.104611,met-d-Clinical_LDL_C,rs562338
2,-0.0255111,met-d-Clinical_LDL_C,rs11127048
5,0.0389298,met-d-Clinical_LDL_C,rs7707394
5,-0.0691129,met-d-Clinical_LDL_C,rs1499279
5,0.0250597,met-d-Clinical_LDL_C,rs1895233
5,0.0560728,met-d-Clinical_LDL_C,rs3846662
5,0.032212,met-d-Clinical_LDL_C,rs6882345
6,-0.0591183,met-d-Clinical_LDL_C,rs79220007
6,-0.036829,met-d-Clinical_LDL_C,rs3798167
6,0.0500402,met-d-Clinical_LDL_C,rs147841808
6,-0.0232941,met-d-Clinical_LDL_C,rs6920309
7,-0.0281687,met-d-Clinical_LDL_C,rs10953298
7,0.0317091,met-d-Clinical_LDL_C,rs4722551
7,0.0299703,met-d-Clinical_LDL_C,rs10260606
8,-0.0472462,met-d-Clinical_LDL_C,rs112875651
8,0.0578566,met-d-Clinical_LDL_C,rs1461729
9,-0.0265268,met-d-Clinical_LDL_C,rs2740488
9,0.0650794,met-d-Clinical_LDL_C,rs115478735
11,-0.0560627,met-d-Clinical_LDL_C,rs102275
11,0.0645693,met-d-Clinical_LDL_C,rs59379014
12,0.0281709,met-d-Clinical_LDL_C,rs1805776
12,0.02772,met-d-Clinical_LDL_C,rs4766578
13,0.0253387,met-d-Clinical_LDL_C,rs35596121
14,0.0258337,met-d-Clinical_LDL_C,rs11621792
16,0.0378049,met-d-Clinical_LDL_C,rs34042070
16,-0.0294729,met-d-Clinical_LDL_C,rs173539
17,-0.0350514,met-d-Clinical_LDL_C,rs55714927
17,0.13307,met-d-Clinical_LDL_C,rs77542162
17,0.0334769,met-d-Clinical_LDL_C,rs56325564
17,-0.0385978,met-d-Clinical_LDL_C,rs72631343
19,0.0572519,met-d-Clinical_LDL_C,rs10410835
19,-0.540252,met-d-Clinical_LDL_C,rs1065853
19,-0.13967,met-d-Clinical_LDL_C,rs28807203
19,-0.0976377,met-d-Clinical_LDL_C,rs58542926
19,0.0618746,met-d-Clinical_LDL_C,rs8103315
19,-0.13775,met-d-Clinical_LDL_C,rs111278137
19,0.0322317,met-d-Clinical_LDL_C,rs2569550
19,-0.153215,met-d-Clinical_LDL_C,rs12151108
19,0.163013,met-d-Clinical_LDL_C,rs1081105
20,0.0941682,met-d-Clinical_LDL_C,rs1883711
20,-0.0254915,met-d-Clinical_LDL_C,rs2618566
