chr,beta,id,snp
1,-0.0417776,met-d-L_VLDL_TG,rs11122450
1,0.10485,met-d-L_VLDL_TG,rs79598313
1,0.026388,met-d-L_VLDL_TG,rs599839
1,0.0721489,met-d-L_VLDL_TG,rs79439217
2,-0.0231339,met-d-L_VLDL_TG,rs60960031
2,-0.0898671,met-d-L_VLDL_TG,rs1260326
2,-0.095713,met-d-L_VLDL_TG,rs676210
2,-0.0391621,met-d-L_VLDL_TG,rs13423088
2,-0.0238315,met-d-L_VLDL_TG,rs11903847
2,-0.0474012,met-d-L_VLDL_TG,rs13389219
3,-0.0379046,met-d-L_VLDL_TG,rs9968117
3,0.0301412,met-d-L_VLDL_TG,rs9845460
3,0.0658883,met-d-L_VLDL_TG,rs79287178
4,0.0267584,met-d-L_VLDL_TG,rs1471251
4,-0.0262901,met-d-L_VLDL_TG,rs4491981
4,-0.0363741,met-d-L_VLDL_TG,rs13108218
4,0.023839,met-d-L_VLDL_TG,rs1823949
5,0.0343836,met-d-L_VLDL_TG,rs4704834
5,0.0226734,met-d-L_VLDL_TG,rs4976033
5,-0.0532938,met-d-L_VLDL_TG,rs11429307
5,-0.021343,met-d-L_VLDL_TG,rs37538
6,0.0766975,met-d-L_VLDL_TG,rs150960004
6,-0.106019,met-d-L_VLDL_TG,rs73596816
6,0.0327356,met-d-L_VLDL_TG,rs998584
6,-0.0337233,met-d-L_VLDL_TG,rs632057
6,-0.031,met-d-L_VLDL_TG,rs3127580
6,-0.186016,met-d-L_VLDL_TG,rs10455872
6,0.0620365,met-d-L_VLDL_TG,rs71536559
6,0.0384937,met-d-L_VLDL_TG,rs3129755
6,0.0724642,met-d-L_VLDL_TG,rs138345261
6,0.0338064,met-d-L_VLDL_TG,rs2186037
6,0.05202,met-d-L_VLDL_TG,rs111909590
6,-0.312031,met-d-L_VLDL_TG,rs117733303
7,-0.11761,met-d-L_VLDL_TG,rs3812316
7,0.0673439,met-d-L_VLDL_TG,rs72555385
7,-0.0277357,met-d-L_VLDL_TG,rs56001710
7,0.0337236,met-d-L_VLDL_TG,rs11976955
8,-0.059598,met-d-L_VLDL_TG,rs1561748
8,-0.182417,met-d-L_VLDL_TG,rs328
8,-0.025393,met-d-L_VLDL_TG,rs59296513
8,-0.0253008,met-d-L_VLDL_TG,rs2081687
8,-0.0740724,met-d-L_VLDL_TG,rs28601761
8,0.0345181,met-d-L_VLDL_TG,rs13265201
8,0.0311284,met-d-L_VLDL_TG,rs3860847
10,-0.0375112,met-d-L_VLDL_TG,rs10761716
10,-0.0250041,met-d-L_VLDL_TG,rs835273
11,0.0376905,met-d-L_VLDL_TG,rs174553
11,0.0513837,met-d-L_VLDL_TG,rs12294913
11,0.024423,met-d-L_VLDL_TG,rs883863
11,-0.201844,met-d-L_VLDL_TG,rs964184
11,0.257731,met-d-L_VLDL_TG,rs144018203
11,-0.220245,met-d-L_VLDL_TG,rs1047964
12,-0.0309076,met-d-L_VLDL_TG,rs7133378
12,-0.0855837,met-d-L_VLDL_TG,rs76895963
12,-0.0262178,met-d-L_VLDL_TG,rs4760254
13,0.0263994,met-d-L_VLDL_TG,rs7140110
15,0.0501628,met-d-L_VLDL_TG,rs1601935
15,0.119828,met-d-L_VLDL_TG,rs150844304
15,-0.0635899,met-d-L_VLDL_TG,rs1077834
16,-0.0216671,met-d-L_VLDL_TG,rs7205804
16,0.0387286,met-d-L_VLDL_TG,rs34682685
16,-0.0322442,met-d-L_VLDL_TG,rs2925979
17,0.127167,met-d-L_VLDL_TG,rs72836561
17,0.0585475,met-d-L_VLDL_TG,rs56017239
17,-0.116647,met-d-L_VLDL_TG,rs1801689
17,0.0500022,met-d-L_VLDL_TG,rs9910747
19,0.0775524,met-d-L_VLDL_TG,rs5112
19,-0.122848,met-d-L_VLDL_TG,rs58542926
19,0.0523469,met-d-L_VLDL_TG,rs371786442
19,-0.214116,met-d-L_VLDL_TG,rs116843064
19,0.038619,met-d-L_VLDL_TG,rs157592
19,-0.123392,met-d-L_VLDL_TG,rs187429064
20,0.0375562,met-d-L_VLDL_TG,rs6073972
