chr,beta,id,snp
1,0.0981582,met-d-XXL_VLDL_L,rs79598313
1,-0.0774828,met-d-XXL_VLDL_L,rs74910819
1,0.0753521,met-d-XXL_VLDL_L,rs79439217
1,0.0383887,met-d-XXL_VLDL_L,rs59484402
2,-0.0829434,met-d-XXL_VLDL_L,rs676210
2,-0.0833202,met-d-XXL_VLDL_L,rs1260326
2,-0.0498062,met-d-XXL_VLDL_L,rs13389219
2,0.0393247,met-d-XXL_VLDL_L,rs2943635
3,0.0403958,met-d-XXL_VLDL_L,rs9844972
3,0.0354287,met-d-XXL_VLDL_L,rs895893
4,-0.0275482,met-d-XXL_VLDL_L,rs13108218
4,0.0331332,met-d-XXL_VLDL_L,rs13115795
4,-0.0256485,met-d-XXL_VLDL_L,rs4491981
5,-0.0524073,met-d-XXL_VLDL_L,rs11429307
5,0.0355782,met-d-XXL_VLDL_L,rs4704834
6,-0.261658,met-d-XXL_VLDL_L,rs10455872
6,0.0295514,met-d-XXL_VLDL_L,rs2800710
6,0.0975218,met-d-XXL_VLDL_L,rs147858094
6,0.0267159,met-d-XXL_VLDL_L,rs12179053
6,-0.133287,met-d-XXL_VLDL_L,rs73596816
6,0.0354877,met-d-XXL_VLDL_L,rs13191810
6,0.0353293,met-d-XXL_VLDL_L,rs73732214
6,-0.0319107,met-d-XXL_VLDL_L,rs632057
6,-0.0970025,met-d-XXL_VLDL_L,rs184089815
6,-0.127948,met-d-XXL_VLDL_L,rs146534110
6,-0.058763,met-d-XXL_VLDL_L,rs3127580
6,0.0858684,met-d-XXL_VLDL_L,rs117857195
6,0.0254917,met-d-XXL_VLDL_L,rs998584
6,-0.392703,met-d-XXL_VLDL_L,rs117733303
7,0.05886,met-d-XXL_VLDL_L,rs72555385
7,0.0281632,met-d-XXL_VLDL_L,rs6971365
7,-0.0318337,met-d-XXL_VLDL_L,rs56001710
7,-0.104884,met-d-XXL_VLDL_L,rs3812316
8,-0.0745226,met-d-XXL_VLDL_L,rs28601761
8,0.027668,met-d-XXL_VLDL_L,rs4646246
8,-0.0593996,met-d-XXL_VLDL_L,rs1561748
8,0.0341731,met-d-XXL_VLDL_L,rs752446
8,-0.177168,met-d-XXL_VLDL_L,rs328
8,0.0323006,met-d-XXL_VLDL_L,rs3860847
10,-0.025189,met-d-XXL_VLDL_L,rs835273
10,-0.0370891,met-d-XXL_VLDL_L,rs10761752
10,-0.0429084,met-d-XXL_VLDL_L,rs140312320
11,0.0402288,met-d-XXL_VLDL_L,rs2302263
11,-0.19377,met-d-XXL_VLDL_L,rs964184
11,0.0243899,met-d-XXL_VLDL_L,rs883863
11,0.268641,met-d-XXL_VLDL_L,rs144018203
11,0.0474094,met-d-XXL_VLDL_L,rs2229738
11,-0.249823,met-d-XXL_VLDL_L,rs1047964
11,-0.0275487,met-d-XXL_VLDL_L,rs112396965
11,0.0670183,met-d-XXL_VLDL_L,rs174553
12,0.0234351,met-d-XXL_VLDL_L,rs4766602
12,-0.023707,met-d-XXL_VLDL_L,rs7133378
12,-0.02607,met-d-XXL_VLDL_L,rs2122982
13,0.029395,met-d-XXL_VLDL_L,rs2275647
13,0.0280325,met-d-XXL_VLDL_L,rs7140110
15,0.125979,met-d-XXL_VLDL_L,rs139974673
15,0.029878,met-d-XXL_VLDL_L,rs1601935
15,-0.0398231,met-d-XXL_VLDL_L,rs1077834
16,-0.0295552,met-d-XXL_VLDL_L,rs2925979
16,-0.0293488,met-d-XXL_VLDL_L,rs11644601
16,-0.0308842,met-d-XXL_VLDL_L,rs711752
17,0.106434,met-d-XXL_VLDL_L,rs72836561
17,-0.126264,met-d-XXL_VLDL_L,rs1801689
17,0.0461006,met-d-XXL_VLDL_L,rs16961845
19,0.166079,met-d-XXL_VLDL_L,rs1065853
19,0.0239868,met-d-XXL_VLDL_L,rs11878597
19,-0.0505376,met-d-XXL_VLDL_L,rs62117489
19,-0.0937085,met-d-XXL_VLDL_L,rs200210321
19,0.0424752,met-d-XXL_VLDL_L,rs56290633
19,-0.208241,met-d-XXL_VLDL_L,rs116843064
20,0.0640915,met-d-XXL_VLDL_L,rs1883711
