chr,beta,id,snp
1,-0.210941,met-d-XL_VLDL_C_pct,rs11591147
1,-0.0420823,met-d-XL_VLDL_C_pct,rs7534572
1,-0.0319361,met-d-XL_VLDL_C_pct,rs59484402
1,-0.0808652,met-d-XL_VLDL_C_pct,rs79598313
1,0.0518317,met-d-XL_VLDL_C_pct,rs660240
2,-0.0436273,met-d-XL_VLDL_C_pct,rs4076834
2,0.0773629,met-d-XL_VLDL_C_pct,rs1260326
2,0.0380189,met-d-XL_VLDL_C_pct,rs13389219
2,0.0509334,met-d-XL_VLDL_C_pct,rs481069
2,-0.043548,met-d-XL_VLDL_C_pct,rs1515098
2,0.0279141,met-d-XL_VLDL_C_pct,rs11688682
3,-0.0417861,met-d-XL_VLDL_C_pct,rs9844972
4,-0.0224026,met-d-XL_VLDL_C_pct,rs10020067
4,0.0247103,met-d-XL_VLDL_C_pct,rs6855981
5,-0.044833,met-d-XL_VLDL_C_pct,rs3936510
5,0.0228879,met-d-XL_VLDL_C_pct,rs7707394
5,0.0295951,met-d-XL_VLDL_C_pct,rs79225634
6,-0.0302487,met-d-XL_VLDL_C_pct,rs1885659
6,0.0235147,met-d-XL_VLDL_C_pct,rs668459
6,0.0572541,met-d-XL_VLDL_C_pct,rs3127580
6,-0.0748207,met-d-XL_VLDL_C_pct,rs150960004
6,0.039441,met-d-XL_VLDL_C_pct,rs6938550
6,-0.0247968,met-d-XL_VLDL_C_pct,rs1936805
6,0.123263,met-d-XL_VLDL_C_pct,rs146534110
6,0.112042,met-d-XL_VLDL_C_pct,rs73596816
6,0.304144,met-d-XL_VLDL_C_pct,rs117733303
6,-0.0368778,met-d-XL_VLDL_C_pct,rs3129774
6,-0.088302,met-d-XL_VLDL_C_pct,rs74515649
6,-0.0252384,met-d-XL_VLDL_C_pct,rs12179053
6,0.225069,met-d-XL_VLDL_C_pct,rs10455872
6,-0.0620666,met-d-XL_VLDL_C_pct,rs1247304
7,-0.0436205,met-d-XL_VLDL_C_pct,rs111432585
7,0.0490078,met-d-XL_VLDL_C_pct,rs4722551
7,-0.0262427,met-d-XL_VLDL_C_pct,rs9769088
7,0.0231212,met-d-XL_VLDL_C_pct,rs13241165
7,0.110467,met-d-XL_VLDL_C_pct,rs34062580
8,-0.0348443,met-d-XL_VLDL_C_pct,rs34171564
8,0.133255,met-d-XL_VLDL_C_pct,rs328
8,-0.0608668,met-d-XL_VLDL_C_pct,rs72647336
8,0.0465806,met-d-XL_VLDL_C_pct,rs4336630
8,0.0491206,met-d-XL_VLDL_C_pct,rs1561748
9,0.0627755,met-d-XL_VLDL_C_pct,rs2519093
9,-0.026561,met-d-XL_VLDL_C_pct,rs57994353
10,-0.0421938,met-d-XL_VLDL_C_pct,rs7091593
10,0.0379792,met-d-XL_VLDL_C_pct,rs7095571
11,-0.0568617,met-d-XL_VLDL_C_pct,rs2229738
11,-0.198879,met-d-XL_VLDL_C_pct,rs144018203
11,-0.0644633,met-d-XL_VLDL_C_pct,rs174554
11,-0.0512735,met-d-XL_VLDL_C_pct,rs35927325
11,0.139811,met-d-XL_VLDL_C_pct,rs964184
11,-0.0265495,met-d-XL_VLDL_C_pct,rs12419462
11,0.170521,met-d-XL_VLDL_C_pct,rs1047964
12,0.0852088,met-d-XL_VLDL_C_pct,rs76895963
12,0.0487314,met-d-XL_VLDL_C_pct,rs59036878
12,0.0222251,met-d-XL_VLDL_C_pct,rs10773049
15,-0.116534,met-d-XL_VLDL_C_pct,rs150844304
15,-0.0443424,met-d-XL_VLDL_C_pct,rs1532085
15,0.0588898,met-d-XL_VLDL_C_pct,rs1077834
16,-0.063915,met-d-XL_VLDL_C_pct,rs183130
16,0.0273906,met-d-XL_VLDL_C_pct,rs11075253
16,0.0311133,met-d-XL_VLDL_C_pct,rs2925979
17,-0.0526522,met-d-XL_VLDL_C_pct,rs111351217
17,-0.0981107,met-d-XL_VLDL_C_pct,rs72836561
17,0.142605,met-d-XL_VLDL_C_pct,rs1801689
17,0.119634,met-d-XL_VLDL_C_pct,rs77542162
19,-0.0328739,met-d-XL_VLDL_C_pct,rs8103923
19,-0.0712481,met-d-XL_VLDL_C_pct,rs28807203
19,0.0942761,met-d-XL_VLDL_C_pct,rs147711004
19,-0.269934,met-d-XL_VLDL_C_pct,rs1065853
19,0.0417978,met-d-XL_VLDL_C_pct,rs60318332
19,-0.0777531,met-d-XL_VLDL_C_pct,rs73015020
20,-0.0924059,met-d-XL_VLDL_C_pct,rs151235402
20,-0.0353273,met-d-XL_VLDL_C_pct,rs6073966
20,-0.0282997,met-d-XL_VLDL_C_pct,rs2618566
