chr,beta,id,snp
1,-0.0429996,met-d-M_HDL_PL_pct,rs10789114
1,0.0921057,met-d-M_HDL_PL_pct,rs79598313
1,0.0457887,met-d-M_HDL_PL_pct,rs3768321
1,-0.0243577,met-d-M_HDL_PL_pct,rs2281721
1,0.0256444,met-d-M_HDL_PL_pct,rs7535214
1,0.0401553,met-d-M_HDL_PL_pct,rs12740374
1,0.0299044,met-d-M_HDL_PL_pct,rs6682862
2,-0.0446528,met-d-M_HDL_PL_pct,rs13389219
2,0.0717928,met-d-M_HDL_PL_pct,rs78058190
2,-0.0577761,met-d-M_HDL_PL_pct,rs673548
2,-0.0355721,met-d-M_HDL_PL_pct,rs1260326
2,0.0267727,met-d-M_HDL_PL_pct,rs4988235
2,0.0440912,met-d-M_HDL_PL_pct,rs2943650
2,0.0279847,met-d-M_HDL_PL_pct,rs3820897
3,-0.0402606,met-d-M_HDL_PL_pct,rs9647335
3,0.0903496,met-d-M_HDL_PL_pct,rs11922042
3,0.0401596,met-d-M_HDL_PL_pct,rs9844972
4,0.0349423,met-d-M_HDL_PL_pct,rs3775228
4,0.0594358,met-d-M_HDL_PL_pct,rs13107325
5,-0.0507771,met-d-M_HDL_PL_pct,rs11429307
5,-0.0286022,met-d-M_HDL_PL_pct,rs2307111
6,0.0736491,met-d-M_HDL_PL_pct,rs114741460
6,0.0356285,met-d-M_HDL_PL_pct,rs76967117
6,-0.0284413,met-d-M_HDL_PL_pct,rs632057
6,0.0707614,met-d-M_HDL_PL_pct,rs191555775
6,0.0301005,met-d-M_HDL_PL_pct,rs1358980
6,0.0547545,met-d-M_HDL_PL_pct,rs116009877
6,0.0688716,met-d-M_HDL_PL_pct,rs183271060
6,-0.110529,met-d-M_HDL_PL_pct,rs9295128
6,0.0262957,met-d-M_HDL_PL_pct,rs2489623
7,-0.0534021,met-d-M_HDL_PL_pct,rs35493868
7,-0.0272834,met-d-M_HDL_PL_pct,rs56287412
7,0.0313709,met-d-M_HDL_PL_pct,rs7810507
7,0.0384297,met-d-M_HDL_PL_pct,rs10642257
8,-0.0525236,met-d-M_HDL_PL_pct,rs28601761
8,-0.0617199,met-d-M_HDL_PL_pct,rs4841132
8,-0.0296675,met-d-M_HDL_PL_pct,rs2247355
8,-0.162279,met-d-M_HDL_PL_pct,rs328
8,-0.0591906,met-d-M_HDL_PL_pct,rs1561748
8,0.031851,met-d-M_HDL_PL_pct,rs7005453
8,-0.0249823,met-d-M_HDL_PL_pct,rs12679106
9,-0.0932892,met-d-M_HDL_PL_pct,rs77437185
9,0.0256046,met-d-M_HDL_PL_pct,rs3215882
9,0.0602494,met-d-M_HDL_PL_pct,rs2740488
9,-0.0574958,met-d-M_HDL_PL_pct,rs1215112
9,-0.0513581,met-d-M_HDL_PL_pct,rs2066716
10,-0.0251094,met-d-M_HDL_PL_pct,rs2068888
10,0.0338814,met-d-M_HDL_PL_pct,rs7091291
10,-0.026628,met-d-M_HDL_PL_pct,rs7924036
10,0.0250408,met-d-M_HDL_PL_pct,rs3086168
11,0.0585627,met-d-M_HDL_PL_pct,rs174580
11,-0.0670859,met-d-M_HDL_PL_pct,rs116978226
11,0.0369123,met-d-M_HDL_PL_pct,rs113012334
11,0.241234,met-d-M_HDL_PL_pct,rs144018203
11,0.0411224,met-d-M_HDL_PL_pct,rs2302263
11,0.0238807,met-d-M_HDL_PL_pct,rs10750766
11,-0.245986,met-d-M_HDL_PL_pct,rs1047964
11,-0.0348992,met-d-M_HDL_PL_pct,rs112396965
11,-0.129745,met-d-M_HDL_PL_pct,rs964184
12,-0.0330566,met-d-M_HDL_PL_pct,rs2229357
12,-0.0293032,met-d-M_HDL_PL_pct,rs10773049
12,-0.02405,met-d-M_HDL_PL_pct,rs11057407
12,0.0259278,met-d-M_HDL_PL_pct,rs3741521
12,-0.0229061,met-d-M_HDL_PL_pct,rs7134375
12,-0.0204206,met-d-M_HDL_PL_pct,rs10774625
13,0.0317583,met-d-M_HDL_PL_pct,rs9556403
14,0.0274783,met-d-M_HDL_PL_pct,rs2498786
15,-0.0239159,met-d-M_HDL_PL_pct,rs7170361
15,0.152032,met-d-M_HDL_PL_pct,rs150844304
16,0.133904,met-d-M_HDL_PL_pct,rs75911530
16,-0.0358967,met-d-M_HDL_PL_pct,rs2925979
16,-0.17703,met-d-M_HDL_PL_pct,rs3764261
16,-0.0530465,met-d-M_HDL_PL_pct,rs113563886
16,-0.0708561,met-d-M_HDL_PL_pct,rs147630132
16,-0.0959287,met-d-M_HDL_PL_pct,rs8044652
17,0.0650588,met-d-M_HDL_PL_pct,rs34931250
17,0.123432,met-d-M_HDL_PL_pct,rs72836561
18,-0.023153,met-d-M_HDL_PL_pct,rs4800392
19,0.0385677,met-d-M_HDL_PL_pct,rs1038026
19,0.0250251,met-d-M_HDL_PL_pct,rs62102718
19,0.139652,met-d-M_HDL_PL_pct,rs1065853
19,-0.215255,met-d-M_HDL_PL_pct,rs116843064
19,-0.0384345,met-d-M_HDL_PL_pct,rs431001
19,-0.0614471,met-d-M_HDL_PL_pct,rs58542926
20,0.118136,met-d-M_HDL_PL_pct,rs1800961
