chr,beta,id,snp
1,-0.134484,met-d-XL_HDL_P,rs11591147
1,-0.0214875,met-d-XL_HDL_P,rs6681348
1,-0.0481065,met-d-XL_HDL_P,rs12740374
1,-0.029794,met-d-XL_HDL_P,rs6694102
1,0.0232044,met-d-XL_HDL_P,rs2281719
1,0.0193367,met-d-XL_HDL_P,rs72660960
1,-0.0457686,met-d-XL_HDL_P,rs5082
1,0.0261283,met-d-XL_HDL_P,rs2642438
2,0.0574712,met-d-XL_HDL_P,rs539845
2,-0.0338512,met-d-XL_HDL_P,rs2943654
2,-0.0509404,met-d-XL_HDL_P,rs114938914
2,0.0232978,met-d-XL_HDL_P,rs59104589
2,0.0277316,met-d-XL_HDL_P,rs8179225
2,-0.0428426,met-d-XL_HDL_P,rs72948328
2,0.031343,met-d-XL_HDL_P,rs13389219
3,-0.0209402,met-d-XL_HDL_P,rs10935473
3,-0.0375574,met-d-XL_HDL_P,rs9844972
3,-0.156759,met-d-XL_HDL_P,rs147667955
3,-0.0302873,met-d-XL_HDL_P,rs57912727
3,0.0249863,met-d-XL_HDL_P,rs138050285
4,0.0253118,met-d-XL_HDL_P,rs9884390
4,-0.0211911,met-d-XL_HDL_P,rs10937924
4,-0.0543737,met-d-XL_HDL_P,rs13107325
4,0.0233926,met-d-XL_HDL_P,rs4699716
5,0.0244277,met-d-XL_HDL_P,rs7707394
5,-0.0354784,met-d-XL_HDL_P,rs34360
5,-0.0389014,met-d-XL_HDL_P,rs3936510
6,-0.0289825,met-d-XL_HDL_P,rs998584
6,-0.0237256,met-d-XL_HDL_P,rs9265620
6,-0.0522687,met-d-XL_HDL_P,rs147627829
6,-0.0477528,met-d-XL_HDL_P,rs191555775
6,-0.0221294,met-d-XL_HDL_P,rs4318902
6,0.0248848,met-d-XL_HDL_P,rs72934503
7,0.0658612,met-d-XL_HDL_P,rs34062580
7,-0.0223683,met-d-XL_HDL_P,rs1838931
7,-0.0215216,met-d-XL_HDL_P,rs236651
7,-0.0374856,met-d-XL_HDL_P,rs9769088
7,-0.0277001,met-d-XL_HDL_P,rs705379
7,0.0243607,met-d-XL_HDL_P,rs849336
8,0.0253194,met-d-XL_HDL_P,rs4841605
8,0.0811215,met-d-XL_HDL_P,rs145391587
8,0.0207037,met-d-XL_HDL_P,rs2737205
8,0.0333597,met-d-XL_HDL_P,rs1561748
9,-0.0441165,met-d-XL_HDL_P,rs2740488
9,0.0338349,met-d-XL_HDL_P,rs2066714
9,0.0530095,met-d-XL_HDL_P,rs686030
9,0.0400543,met-d-XL_HDL_P,rs11789603
10,0.023463,met-d-XL_HDL_P,rs4418728
10,-0.0322083,met-d-XL_HDL_P,rs10787429
10,0.0260084,met-d-XL_HDL_P,rs2242334
10,0.0215226,met-d-XL_HDL_P,rs7924036
10,-0.022196,met-d-XL_HDL_P,rs2482826
11,-0.0383096,met-d-XL_HDL_P,rs200644264
11,-0.0222686,met-d-XL_HDL_P,rs1177562
11,-0.0211622,met-d-XL_HDL_P,rs1580005
11,0.197092,met-d-XL_HDL_P,rs1047964
11,-0.090195,met-d-XL_HDL_P,rs102274
11,0.0634425,met-d-XL_HDL_P,rs964184
11,0.0449964,met-d-XL_HDL_P,rs2701540
11,0.0356501,met-d-XL_HDL_P,rs10769254
12,0.0235793,met-d-XL_HDL_P,rs10846606
12,0.021876,met-d-XL_HDL_P,rs653178
12,0.0302769,met-d-XL_HDL_P,rs3922628
12,0.027522,met-d-XL_HDL_P,rs12369443
12,0.0258895,met-d-XL_HDL_P,rs3809113
12,-0.0375013,met-d-XL_HDL_P,rs921919
12,0.0355617,met-d-XL_HDL_P,rs36226283
15,0.0863579,met-d-XL_HDL_P,rs6078
15,-0.181585,met-d-XL_HDL_P,rs261290
15,0.145377,met-d-XL_HDL_P,rs633695
15,-0.0448726,met-d-XL_HDL_P,rs12899324
15,-0.0709922,met-d-XL_HDL_P,rs146407081
16,0.181972,met-d-XL_HDL_P,rs3764261
16,-0.0822479,met-d-XL_HDL_P,rs4986970
16,-0.0295787,met-d-XL_HDL_P,rs6498540
16,-0.0298144,met-d-XL_HDL_P,rs289754
16,0.0366735,met-d-XL_HDL_P,rs1561139
16,0.0292433,met-d-XL_HDL_P,rs2925979
17,0.0260182,met-d-XL_HDL_P,rs55714927
17,-0.0881277,met-d-XL_HDL_P,rs72836561
17,0.0230188,met-d-XL_HDL_P,rs4795386
17,0.0306613,met-d-XL_HDL_P,rs2909211
18,0.032986,met-d-XL_HDL_P,rs7241918
18,0.134334,met-d-XL_HDL_P,rs77960347
19,-0.0591278,met-d-XL_HDL_P,rs73015021
19,-0.196459,met-d-XL_HDL_P,rs1065853
19,0.0200376,met-d-XL_HDL_P,rs2927468
19,0.0672549,met-d-XL_HDL_P,rs150966173
19,0.0240866,met-d-XL_HDL_P,rs28364584
20,0.0246383,met-d-XL_HDL_P,rs3092498
20,0.0457036,met-d-XL_HDL_P,rs73312715
20,-0.0219043,met-d-XL_HDL_P,rs2618566
20,-0.204081,met-d-XL_HDL_P,rs1057208
20,-0.0652641,met-d-XL_HDL_P,rs76070947
20,-0.0857005,met-d-XL_HDL_P,rs190148453
20,0.0572564,met-d-XL_HDL_P,rs187459727
