chr,beta,id,snp
1,0.026789,met-d-XL_VLDL_PL,rs4970836
1,-0.0440043,met-d-XL_VLDL_PL,rs10864726
1,0.107155,met-d-XL_VLDL_PL,rs79598313
1,0.0754143,met-d-XL_VLDL_PL,rs79439217
2,-0.0266611,met-d-XL_VLDL_PL,rs60960031
2,-0.0865994,met-d-XL_VLDL_PL,rs1260326
2,0.0631258,met-d-XL_VLDL_PL,rs78058190
2,0.0378262,met-d-XL_VLDL_PL,rs2972140
2,-0.0503689,met-d-XL_VLDL_PL,rs13389219
2,-0.10327,met-d-XL_VLDL_PL,rs676210
3,0.0373341,met-d-XL_VLDL_PL,rs684773
3,0.0407402,met-d-XL_VLDL_PL,rs9844972
3,-0.0353024,met-d-XL_VLDL_PL,rs9968117
4,-0.0331094,met-d-XL_VLDL_PL,rs13108218
4,-0.0269875,met-d-XL_VLDL_PL,rs4491981
4,0.0331921,met-d-XL_VLDL_PL,rs1471251
4,0.0225026,met-d-XL_VLDL_PL,rs4698315
5,0.0393371,met-d-XL_VLDL_PL,rs4704834
5,-0.0214678,met-d-XL_VLDL_PL,rs37538
5,0.0238291,met-d-XL_VLDL_PL,rs12916
5,-0.0552152,met-d-XL_VLDL_PL,rs11429307
6,-0.185157,met-d-XL_VLDL_PL,rs10455872
6,-0.308372,met-d-XL_VLDL_PL,rs117733303
6,0.0248897,met-d-XL_VLDL_PL,rs1130580
6,-0.10239,met-d-XL_VLDL_PL,rs73596816
6,0.0350729,met-d-XL_VLDL_PL,rs73732214
6,0.0333173,met-d-XL_VLDL_PL,rs2186037
6,0.0423411,met-d-XL_VLDL_PL,rs13191810
6,0.0310812,met-d-XL_VLDL_PL,rs998584
6,-0.0357897,met-d-XL_VLDL_PL,rs632057
6,0.0609716,met-d-XL_VLDL_PL,rs111909590
7,-0.0901947,met-d-XL_VLDL_PL,rs55747707
7,0.0333545,met-d-XL_VLDL_PL,rs11976955
7,-0.0262516,met-d-XL_VLDL_PL,rs56001710
7,0.0892697,met-d-XL_VLDL_PL,rs42125
8,-0.190078,met-d-XL_VLDL_PL,rs328
8,-0.0260931,met-d-XL_VLDL_PL,rs2081687
8,0.0336055,met-d-XL_VLDL_PL,rs3860847
8,-0.0840745,met-d-XL_VLDL_PL,rs28601761
8,0.0305588,met-d-XL_VLDL_PL,rs13265201
8,-0.063783,met-d-XL_VLDL_PL,rs1561748
10,-0.0277884,met-d-XL_VLDL_PL,rs2478236
10,0.0226621,met-d-XL_VLDL_PL,rs201289443
10,-0.0333779,met-d-XL_VLDL_PL,rs10761716
11,0.0484312,met-d-XL_VLDL_PL,rs174580
11,-0.207382,met-d-XL_VLDL_PL,rs964184
11,-0.249026,met-d-XL_VLDL_PL,rs1047964
11,0.269629,met-d-XL_VLDL_PL,rs144018203
12,-0.0317775,met-d-XL_VLDL_PL,rs7133378
12,-0.0315164,met-d-XL_VLDL_PL,rs4760254
13,0.024075,met-d-XL_VLDL_PL,rs2275647
13,0.0286526,met-d-XL_VLDL_PL,rs7140110
15,0.12872,met-d-XL_VLDL_PL,rs150844304
16,0.0443732,met-d-XL_VLDL_PL,rs34682685
16,-0.0328086,met-d-XL_VLDL_PL,rs2925979
16,-0.0740412,met-d-XL_VLDL_PL,rs247616
17,-0.0891858,met-d-XL_VLDL_PL,rs1801689
17,0.0524075,met-d-XL_VLDL_PL,rs9889584
17,0.117804,met-d-XL_VLDL_PL,rs72836561
17,0.0492494,met-d-XL_VLDL_PL,rs75634664
19,0.0461075,met-d-XL_VLDL_PL,rs483082
19,0.0833664,met-d-XL_VLDL_PL,rs5112
19,-0.228429,met-d-XL_VLDL_PL,rs116843064
19,-0.0396789,met-d-XL_VLDL_PL,rs73015034
19,-0.112914,met-d-XL_VLDL_PL,rs58542926
19,-0.0538808,met-d-XL_VLDL_PL,rs57192995
20,0.0404056,met-d-XL_VLDL_PL,rs7679
20,-0.0251432,met-d-XL_VLDL_PL,rs2092479
