chr,beta,id,snp
1,-0.0338887,met-d-S_HDL_FC_pct,rs7517442
1,-0.110643,met-d-S_HDL_FC_pct,rs12740374
1,-0.239095,met-d-S_HDL_FC_pct,rs11591147
1,-0.048039,met-d-S_HDL_FC_pct,rs5082
1,0.0291617,met-d-S_HDL_FC_pct,rs693668
1,-0.0243404,met-d-S_HDL_FC_pct,rs140584594
1,-0.0212828,met-d-S_HDL_FC_pct,rs35189848
1,0.0310987,met-d-S_HDL_FC_pct,rs553427
1,0.0576173,met-d-S_HDL_FC_pct,rs67276129
1,-0.0222031,met-d-S_HDL_FC_pct,rs7534572
2,-0.067686,met-d-S_HDL_FC_pct,rs114938914
2,-0.0212739,met-d-S_HDL_FC_pct,rs3770586
2,-0.0245703,met-d-S_HDL_FC_pct,rs4988235
2,0.113222,met-d-S_HDL_FC_pct,rs563290
3,-0.155846,met-d-S_HDL_FC_pct,rs147667955
3,0.0267737,met-d-S_HDL_FC_pct,rs6800913
4,0.0262415,met-d-S_HDL_FC_pct,rs35662434
5,0.0406644,met-d-S_HDL_FC_pct,rs3843482
5,0.0260406,met-d-S_HDL_FC_pct,rs4704834
5,0.0303735,met-d-S_HDL_FC_pct,rs7707394
6,-0.0247037,met-d-S_HDL_FC_pct,rs2091074
6,-0.0619893,met-d-S_HDL_FC_pct,rs116009877
6,-0.0266051,met-d-S_HDL_FC_pct,rs9471975
6,-0.0921768,met-d-S_HDL_FC_pct,rs142292417
6,0.0631626,met-d-S_HDL_FC_pct,rs10455872
7,-0.0236396,met-d-S_HDL_FC_pct,rs12700289
7,-0.023887,met-d-S_HDL_FC_pct,rs236651
7,0.0222834,met-d-S_HDL_FC_pct,rs860262
7,-0.0389666,met-d-S_HDL_FC_pct,rs9769088
7,0.0279682,met-d-S_HDL_FC_pct,rs35797675
7,-0.0226767,met-d-S_HDL_FC_pct,rs705379
8,-0.0299939,met-d-S_HDL_FC_pct,rs34031674
9,-0.058778,met-d-S_HDL_FC_pct,rs2740488
9,0.0553694,met-d-S_HDL_FC_pct,rs11789603
9,0.0420575,met-d-S_HDL_FC_pct,rs2066714
9,0.0773394,met-d-S_HDL_FC_pct,rs686030
10,0.0447783,met-d-S_HDL_FC_pct,rs79172158
11,0.159675,met-d-S_HDL_FC_pct,rs1047964
11,0.0344335,met-d-S_HDL_FC_pct,rs10838689
11,0.0514099,met-d-S_HDL_FC_pct,rs11601507
11,0.0485707,met-d-S_HDL_FC_pct,rs45539536
11,-0.0517936,met-d-S_HDL_FC_pct,rs2229738
11,-0.022442,met-d-S_HDL_FC_pct,rs2403309
11,0.131748,met-d-S_HDL_FC_pct,rs187929675
11,0.103319,met-d-S_HDL_FC_pct,rs35473591
12,0.0225294,met-d-S_HDL_FC_pct,rs4766578
13,-0.0280745,met-d-S_HDL_FC_pct,rs9556403
13,-0.0320571,met-d-S_HDL_FC_pct,rs61946991
14,-0.0282115,met-d-S_HDL_FC_pct,rs194743
14,0.0235656,met-d-S_HDL_FC_pct,rs7141597
15,-0.0714677,met-d-S_HDL_FC_pct,rs75888243
15,0.263518,met-d-S_HDL_FC_pct,rs2070895
15,-0.0539094,met-d-S_HDL_FC_pct,rs16939991
15,0.124575,met-d-S_HDL_FC_pct,rs6078
15,-0.0655745,met-d-S_HDL_FC_pct,rs78756050
15,-0.214563,met-d-S_HDL_FC_pct,rs1532085
16,0.147293,met-d-S_HDL_FC_pct,rs183130
16,-0.101741,met-d-S_HDL_FC_pct,rs4986970
16,0.032898,met-d-S_HDL_FC_pct,rs11075253
16,-0.0279359,met-d-S_HDL_FC_pct,rs289754
16,-0.0328733,met-d-S_HDL_FC_pct,rs72769435
16,0.0290385,met-d-S_HDL_FC_pct,rs1561139
17,0.0324414,met-d-S_HDL_FC_pct,rs11077558
17,0.0936117,met-d-S_HDL_FC_pct,rs77542162
17,0.0262356,met-d-S_HDL_FC_pct,rs56325564
17,0.0897765,met-d-S_HDL_FC_pct,rs75003668
18,0.036325,met-d-S_HDL_FC_pct,rs113573417
19,0.144837,met-d-S_HDL_FC_pct,rs147711004
19,0.0349602,met-d-S_HDL_FC_pct,rs62118465
19,-0.132606,met-d-S_HDL_FC_pct,rs73013176
19,-0.0979316,met-d-S_HDL_FC_pct,rs111278137
19,-0.109277,met-d-S_HDL_FC_pct,rs28807203
19,-0.425732,met-d-S_HDL_FC_pct,rs1065853
19,-0.104385,met-d-S_HDL_FC_pct,rs73015021
19,0.135496,met-d-S_HDL_FC_pct,rs150966173
19,-0.0910636,met-d-S_HDL_FC_pct,rs74747585
20,-0.0333602,met-d-S_HDL_FC_pct,rs2618566
20,-0.145545,met-d-S_HDL_FC_pct,rs1057208
20,0.0624213,met-d-S_HDL_FC_pct,rs111953743
22,0.0284615,met-d-S_HDL_FC_pct,rs738408
