chr,beta,id,snp
1,-0.0346239,met-d-M_LDL_PL_pct,rs140584594
1,-0.0563434,met-d-M_LDL_PL_pct,rs1168034
2,0.0255202,met-d-M_LDL_PL_pct,rs13389219
2,-0.108554,met-d-M_LDL_PL_pct,rs2678379
2,0.0601805,met-d-M_LDL_PL_pct,rs1260326
3,-0.029806,met-d-M_LDL_PL_pct,rs684773
3,-0.02547,met-d-M_LDL_PL_pct,rs2518136
4,-0.0238466,met-d-M_LDL_PL_pct,rs1471251
5,-0.022915,met-d-M_LDL_PL_pct,rs4704834
6,0.103468,met-d-M_LDL_PL_pct,rs56393506
6,-0.0297397,met-d-M_LDL_PL_pct,rs28383314
6,0.184398,met-d-M_LDL_PL_pct,rs2282137
6,0.10076,met-d-M_LDL_PL_pct,rs138799654
7,0.0667658,met-d-M_LDL_PL_pct,rs34060476
7,-0.0370514,met-d-M_LDL_PL_pct,rs10642257
7,-0.0275486,met-d-M_LDL_PL_pct,rs1031275
8,-0.0227529,met-d-M_LDL_PL_pct,rs6420185
8,0.0260147,met-d-M_LDL_PL_pct,rs2921064
8,0.12466,met-d-M_LDL_PL_pct,rs79236614
8,0.0453518,met-d-M_LDL_PL_pct,rs28601761
8,0.0352661,met-d-M_LDL_PL_pct,rs1561748
9,0.0325696,met-d-M_LDL_PL_pct,rs1883025
10,-0.0311664,met-d-M_LDL_PL_pct,rs603424
11,0.046813,met-d-M_LDL_PL_pct,rs102275
11,-0.157011,met-d-M_LDL_PL_pct,rs141469619
11,0.137826,met-d-M_LDL_PL_pct,rs1047964
11,0.101971,met-d-M_LDL_PL_pct,rs964184
15,0.0623479,met-d-M_LDL_PL_pct,rs10162642
15,0.117425,met-d-M_LDL_PL_pct,rs261290
15,0.101995,met-d-M_LDL_PL_pct,rs473224
16,0.0343069,met-d-M_LDL_PL_pct,rs34417180
17,0.070249,met-d-M_LDL_PL_pct,rs1801689
18,-0.0470224,met-d-M_LDL_PL_pct,rs1540037
18,-0.16941,met-d-M_LDL_PL_pct,rs149615216
19,-0.321766,met-d-M_LDL_PL_pct,rs7412
19,-0.0734328,met-d-M_LDL_PL_pct,rs28807203
19,0.129203,met-d-M_LDL_PL_pct,rs147711004
19,0.153167,met-d-M_LDL_PL_pct,rs116843064
20,0.0554578,met-d-M_LDL_PL_pct,rs6073958
