chr,beta,id,snp
1,-0.236525,met-d-L_VLDL_CE_pct,rs11591147
1,0.0375593,met-d-L_VLDL_CE_pct,rs61798840
1,0.0509135,met-d-L_VLDL_CE_pct,rs660240
1,-0.0314317,met-d-L_VLDL_CE_pct,rs59484402
2,-0.0374649,met-d-L_VLDL_CE_pct,rs1515098
2,0.0304346,met-d-L_VLDL_CE_pct,rs11688682
2,-0.0595407,met-d-L_VLDL_CE_pct,rs114938914
2,0.0537486,met-d-L_VLDL_CE_pct,rs934197
2,0.0672012,met-d-L_VLDL_CE_pct,rs1260326
2,-0.0303433,met-d-L_VLDL_CE_pct,rs11394662
3,-0.0362818,met-d-L_VLDL_CE_pct,rs35408322
5,-0.0360202,met-d-L_VLDL_CE_pct,rs40270
5,-0.0290945,met-d-L_VLDL_CE_pct,rs13179413
5,0.0357538,met-d-L_VLDL_CE_pct,rs13358429
5,0.026958,met-d-L_VLDL_CE_pct,rs7707394
6,0.285755,met-d-L_VLDL_CE_pct,rs117733303
6,-0.0378459,met-d-L_VLDL_CE_pct,rs3129774
6,-0.0234939,met-d-L_VLDL_CE_pct,rs2186037
6,0.118722,met-d-L_VLDL_CE_pct,rs73596816
6,-0.088413,met-d-L_VLDL_CE_pct,rs74515649
6,0.0634869,met-d-L_VLDL_CE_pct,rs3127580
6,0.227947,met-d-L_VLDL_CE_pct,rs10455872
6,-0.0673651,met-d-L_VLDL_CE_pct,rs1247304
6,-0.0267812,met-d-L_VLDL_CE_pct,rs6905288
6,0.135032,met-d-L_VLDL_CE_pct,rs146534110
7,0.0258994,met-d-L_VLDL_CE_pct,rs849327
7,-0.0337233,met-d-L_VLDL_CE_pct,rs9769088
7,0.044288,met-d-L_VLDL_CE_pct,rs4722551
7,0.0993993,met-d-L_VLDL_CE_pct,rs34062580
7,-0.0547089,met-d-L_VLDL_CE_pct,rs28454618
7,0.0219637,met-d-L_VLDL_CE_pct,rs1195221
8,-0.0336466,met-d-L_VLDL_CE_pct,rs12677504
8,0.0903021,met-d-L_VLDL_CE_pct,rs325
8,0.0306106,met-d-L_VLDL_CE_pct,rs2954038
9,-0.0243444,met-d-L_VLDL_CE_pct,rs57994353
9,0.0745374,met-d-L_VLDL_CE_pct,rs2519093
10,0.0357936,met-d-L_VLDL_CE_pct,rs10822163
10,-0.0365168,met-d-L_VLDL_CE_pct,rs7091593
11,-0.0307365,met-d-L_VLDL_CE_pct,rs10750766
11,-0.151428,met-d-L_VLDL_CE_pct,rs144018203
11,-0.0433544,met-d-L_VLDL_CE_pct,rs11231721
11,0.103408,met-d-L_VLDL_CE_pct,rs964184
11,-0.0597602,met-d-L_VLDL_CE_pct,rs174537
12,0.0447282,met-d-L_VLDL_CE_pct,rs12426505
14,0.0975541,met-d-L_VLDL_CE_pct,rs28929474
15,-0.0719347,met-d-L_VLDL_CE_pct,rs150844304
15,-0.112372,met-d-L_VLDL_CE_pct,rs1532085
15,-0.0534668,met-d-L_VLDL_CE_pct,rs4775090
15,0.0303144,met-d-L_VLDL_CE_pct,rs261265
15,0.139474,met-d-L_VLDL_CE_pct,rs2070895
16,-0.0786555,met-d-L_VLDL_CE_pct,rs158482
16,-0.0296563,met-d-L_VLDL_CE_pct,rs8059755
16,-0.108294,met-d-L_VLDL_CE_pct,rs183130
16,0.0247593,met-d-L_VLDL_CE_pct,rs2925979
16,-0.0250637,met-d-L_VLDL_CE_pct,rs3829502
17,-0.0925115,met-d-L_VLDL_CE_pct,rs72836561
17,0.158608,met-d-L_VLDL_CE_pct,rs1801689
17,0.153068,met-d-L_VLDL_CE_pct,rs77542162
17,-0.0242383,met-d-L_VLDL_CE_pct,rs4264433
17,-0.0241936,met-d-L_VLDL_CE_pct,rs200938405
19,-0.199241,met-d-L_VLDL_CE_pct,rs1065853
19,0.0270232,met-d-L_VLDL_CE_pct,rs3185010
19,-0.0261673,met-d-L_VLDL_CE_pct,rs12976395
19,-0.0431958,met-d-L_VLDL_CE_pct,rs34514836
19,-0.0949319,met-d-L_VLDL_CE_pct,rs73015020
20,-0.0275914,met-d-L_VLDL_CE_pct,rs2618566
20,0.0379204,met-d-L_VLDL_CE_pct,rs2868346
20,-0.0241729,met-d-L_VLDL_CE_pct,rs310631
22,0.0328216,met-d-L_VLDL_CE_pct,rs738408
