chr,beta,id,snp
1,-0.0627688,met-d-M_VLDL_C_pct,rs12740374
1,-0.0435455,met-d-M_VLDL_C_pct,rs7534572
1,0.0264033,met-d-M_VLDL_C_pct,rs693668
1,0.0260159,met-d-M_VLDL_C_pct,rs2642438
1,-0.0773137,met-d-M_VLDL_C_pct,rs79598313
1,-0.254368,met-d-M_VLDL_C_pct,rs11591147
1,0.0351446,met-d-M_VLDL_C_pct,rs11122450
1,-0.0284471,met-d-M_VLDL_C_pct,rs59784135
2,0.0769501,met-d-M_VLDL_C_pct,rs1260326
2,-0.0440808,met-d-M_VLDL_C_pct,rs2972143
2,0.0371455,met-d-M_VLDL_C_pct,rs1128249
2,0.0283151,met-d-M_VLDL_C_pct,rs11688682
2,-0.026448,met-d-M_VLDL_C_pct,rs3820897
2,-0.0644063,met-d-M_VLDL_C_pct,rs34722314
2,-0.0625866,met-d-M_VLDL_C_pct,rs114938914
2,-0.0754455,met-d-M_VLDL_C_pct,rs78058190
3,0.0324945,met-d-M_VLDL_C_pct,rs1899951
4,-0.025231,met-d-M_VLDL_C_pct,rs2239725
5,0.041342,met-d-M_VLDL_C_pct,rs13358429
5,0.0452541,met-d-M_VLDL_C_pct,rs11429307
5,0.0319563,met-d-M_VLDL_C_pct,rs7707394
6,0.146631,met-d-M_VLDL_C_pct,rs10455872
6,-0.0603737,met-d-M_VLDL_C_pct,rs12212146
6,-0.0239591,met-d-M_VLDL_C_pct,rs2800709
6,0.0245201,met-d-M_VLDL_C_pct,rs679582
6,0.201025,met-d-M_VLDL_C_pct,rs117733303
6,0.0300874,met-d-M_VLDL_C_pct,rs3127580
6,-0.0371855,met-d-M_VLDL_C_pct,rs3129774
6,-0.0324872,met-d-M_VLDL_C_pct,rs6905288
6,0.0250985,met-d-M_VLDL_C_pct,rs2523764
7,0.0229238,met-d-M_VLDL_C_pct,rs35163364
7,0.12809,met-d-M_VLDL_C_pct,rs3812316
7,0.0232913,met-d-M_VLDL_C_pct,rs849327
7,-0.0216619,met-d-M_VLDL_C_pct,rs35363532
7,0.0240405,met-d-M_VLDL_C_pct,rs6953523
7,0.0512623,met-d-M_VLDL_C_pct,rs4722551
7,-0.0270391,met-d-M_VLDL_C_pct,rs9769088
7,-0.0554115,met-d-M_VLDL_C_pct,rs72555385
8,0.1625,met-d-M_VLDL_C_pct,rs328
8,0.0376511,met-d-M_VLDL_C_pct,rs3789849
8,0.0414642,met-d-M_VLDL_C_pct,rs4336630
8,-0.0231938,met-d-M_VLDL_C_pct,rs4871624
8,0.0618496,met-d-M_VLDL_C_pct,rs1561748
8,-0.060876,met-d-M_VLDL_C_pct,rs72647336
8,-0.0268886,met-d-M_VLDL_C_pct,rs13282367
9,0.0597629,met-d-M_VLDL_C_pct,rs2519093
9,-0.0240116,met-d-M_VLDL_C_pct,rs10747046
10,-0.042474,met-d-M_VLDL_C_pct,rs7091593
10,0.0418973,met-d-M_VLDL_C_pct,rs10822168
10,-0.0241219,met-d-M_VLDL_C_pct,rs2803619
11,-0.0812891,met-d-M_VLDL_C_pct,rs174537
11,0.167221,met-d-M_VLDL_C_pct,rs1047964
11,0.171068,met-d-M_VLDL_C_pct,rs964184
11,-0.0617077,met-d-M_VLDL_C_pct,rs11231721
11,-0.22187,met-d-M_VLDL_C_pct,rs144018203
11,-0.0344185,met-d-M_VLDL_C_pct,rs10750766
12,0.0245341,met-d-M_VLDL_C_pct,rs10773049
12,0.0247048,met-d-M_VLDL_C_pct,rs201458438
12,0.0245541,met-d-M_VLDL_C_pct,rs653178
13,0.0225279,met-d-M_VLDL_C_pct,rs9584870
15,-0.0458194,met-d-M_VLDL_C_pct,rs1601935
15,-0.135886,met-d-M_VLDL_C_pct,rs190543502
15,-0.0292727,met-d-M_VLDL_C_pct,rs10162642
15,0.0558545,met-d-M_VLDL_C_pct,rs1077834
16,0.0345958,met-d-M_VLDL_C_pct,rs2925979
16,-0.0269027,met-d-M_VLDL_C_pct,rs183130
16,0.0302954,met-d-M_VLDL_C_pct,rs11075253
17,0.125396,met-d-M_VLDL_C_pct,rs1801689
17,-0.0241794,met-d-M_VLDL_C_pct,rs3809868
17,0.022394,met-d-M_VLDL_C_pct,rs17561950
17,-0.145157,met-d-M_VLDL_C_pct,rs72836561
17,0.145217,met-d-M_VLDL_C_pct,rs77542162
19,-0.096892,met-d-M_VLDL_C_pct,rs28807203
19,0.0545185,met-d-M_VLDL_C_pct,rs60318332
19,-0.104649,met-d-M_VLDL_C_pct,rs12151108
19,0.0752884,met-d-M_VLDL_C_pct,rs150966173
19,-0.0682817,met-d-M_VLDL_C_pct,rs74747585
19,-0.386142,met-d-M_VLDL_C_pct,rs1065853
19,0.112324,met-d-M_VLDL_C_pct,rs147711004
20,-0.0755354,met-d-M_VLDL_C_pct,rs6073972
20,-0.0307889,met-d-M_VLDL_C_pct,rs2618566
20,-0.0865025,met-d-M_VLDL_C_pct,rs144033177
