chr,beta,id,snp
1,0.022429,met-d-XL_VLDL_TG,rs6689335
1,0.0715053,met-d-XL_VLDL_TG,rs79439217
1,-0.0799969,met-d-XL_VLDL_TG,rs74910819
1,0.107644,met-d-XL_VLDL_TG,rs79598313
1,0.0447931,met-d-XL_VLDL_TG,rs59484402
2,-0.0241106,met-d-XL_VLDL_TG,rs11903847
2,0.0414449,met-d-XL_VLDL_TG,rs2972140
2,0.0290795,met-d-XL_VLDL_TG,rs6542680
2,-0.088126,met-d-XL_VLDL_TG,rs676210
2,-0.093817,met-d-XL_VLDL_TG,rs1260326
2,-0.0505945,met-d-XL_VLDL_TG,rs13389219
2,0.0668486,met-d-XL_VLDL_TG,rs78058190
3,-0.0348606,met-d-XL_VLDL_TG,rs9968117
3,0.0330535,met-d-XL_VLDL_TG,rs684773
3,0.0432785,met-d-XL_VLDL_TG,rs9844972
3,0.0628208,met-d-XL_VLDL_TG,rs79287178
4,-0.0333578,met-d-XL_VLDL_TG,rs13108218
4,0.0304628,met-d-XL_VLDL_TG,rs1471251
4,-0.0268717,met-d-XL_VLDL_TG,rs4491981
5,-0.0210417,met-d-XL_VLDL_TG,rs37538
5,0.0208245,met-d-XL_VLDL_TG,rs4976033
5,0.0328405,met-d-XL_VLDL_TG,rs4704834
5,-0.0576484,met-d-XL_VLDL_TG,rs11429307
6,-0.0398456,met-d-XL_VLDL_TG,rs6938550
6,0.032577,met-d-XL_VLDL_TG,rs998584
6,-0.112288,met-d-XL_VLDL_TG,rs73596816
6,0.0384324,met-d-XL_VLDL_TG,rs3129755
6,-0.0347503,met-d-XL_VLDL_TG,rs632057
6,-0.0364137,met-d-XL_VLDL_TG,rs3127580
6,-0.204278,met-d-XL_VLDL_TG,rs10455872
6,0.0236863,met-d-XL_VLDL_TG,rs28752924
6,0.0333235,met-d-XL_VLDL_TG,rs2186037
6,-0.0991489,met-d-XL_VLDL_TG,rs146534110
6,-0.326696,met-d-XL_VLDL_TG,rs117733303
6,0.0650012,met-d-XL_VLDL_TG,rs71536559
6,0.0536442,met-d-XL_VLDL_TG,rs111909590
7,-0.0305057,met-d-XL_VLDL_TG,rs56001710
7,0.0684067,met-d-XL_VLDL_TG,rs72555385
7,0.0334887,met-d-XL_VLDL_TG,rs11976955
7,-0.120097,met-d-XL_VLDL_TG,rs3812316
8,-0.022822,met-d-XL_VLDL_TG,rs2081687
8,0.0339713,met-d-XL_VLDL_TG,rs3860847
8,-0.024656,met-d-XL_VLDL_TG,rs59296513
8,-0.0635485,met-d-XL_VLDL_TG,rs1561748
8,-0.186723,met-d-XL_VLDL_TG,rs328
8,-0.0787125,met-d-XL_VLDL_TG,rs28601761
8,0.0334599,met-d-XL_VLDL_TG,rs13265201
10,-0.0376012,met-d-XL_VLDL_TG,rs10761716
10,-0.0257896,met-d-XL_VLDL_TG,rs2478236
11,0.0554133,met-d-XL_VLDL_TG,rs12294913
11,-0.249581,met-d-XL_VLDL_TG,rs1047964
11,0.0243491,met-d-XL_VLDL_TG,rs883863
11,0.268969,met-d-XL_VLDL_TG,rs144018203
11,0.0573,met-d-XL_VLDL_TG,rs174553
11,-0.205455,met-d-XL_VLDL_TG,rs964184
11,0.0239909,met-d-XL_VLDL_TG,rs10750766
12,-0.0282942,met-d-XL_VLDL_TG,rs4760254
12,-0.0305929,met-d-XL_VLDL_TG,rs7133378
12,-0.0869071,met-d-XL_VLDL_TG,rs76895963
13,0.0260715,met-d-XL_VLDL_TG,rs7140110
13,0.0232029,met-d-XL_VLDL_TG,rs2275647
15,0.134262,met-d-XL_VLDL_TG,rs150844304
15,0.0273538,met-d-XL_VLDL_TG,rs1601935
15,-0.0360869,met-d-XL_VLDL_TG,rs1077834
16,-0.025405,met-d-XL_VLDL_TG,rs11644601
16,0.0379776,met-d-XL_VLDL_TG,rs34682685
16,-0.0411073,met-d-XL_VLDL_TG,rs247616
16,-0.0347124,met-d-XL_VLDL_TG,rs2925979
17,0.0500926,met-d-XL_VLDL_TG,rs9910747
17,0.048361,met-d-XL_VLDL_TG,rs75634664
17,-0.115928,met-d-XL_VLDL_TG,rs1801689
17,0.122584,met-d-XL_VLDL_TG,rs72836561
17,-0.0229801,met-d-XL_VLDL_TG,rs4969144
17,0.0592157,met-d-XL_VLDL_TG,rs56017239
19,0.0518739,met-d-XL_VLDL_TG,rs371786442
19,-0.225453,met-d-XL_VLDL_TG,rs116843064
19,-0.100499,met-d-XL_VLDL_TG,rs187429064
19,0.0469796,met-d-XL_VLDL_TG,rs483082
19,0.0774593,met-d-XL_VLDL_TG,rs5112
19,-0.103868,met-d-XL_VLDL_TG,rs58542926
20,0.0477961,met-d-XL_VLDL_TG,rs7679
