chr,beta,id,snp
1,-0.0389517,met-d-IDL_C_pct,rs67408364
1,-0.0891976,met-d-IDL_C_pct,rs182050989
1,-0.03102,met-d-IDL_C_pct,rs12740374
1,-0.0251587,met-d-IDL_C_pct,rs2055975
1,-0.171934,met-d-IDL_C_pct,rs11591147
1,-0.0456663,met-d-IDL_C_pct,rs59484402
1,0.039731,met-d-IDL_C_pct,rs2642438
1,-0.0275596,met-d-IDL_C_pct,rs7534572
2,0.0334899,met-d-IDL_C_pct,rs10195252
2,-0.079443,met-d-IDL_C_pct,rs78058190
2,-0.0242314,met-d-IDL_C_pct,rs4299376
2,0.0615993,met-d-IDL_C_pct,rs1260326
2,-0.0268661,met-d-IDL_C_pct,rs1047891
2,-0.0507281,met-d-IDL_C_pct,rs11689541
2,-0.107893,met-d-IDL_C_pct,rs2678379
2,-0.0433641,met-d-IDL_C_pct,rs2943650
2,-0.027477,met-d-IDL_C_pct,rs13402475
3,-0.0480316,met-d-IDL_C_pct,rs684773
3,-0.0327522,met-d-IDL_C_pct,rs6764884
4,-0.0249328,met-d-IDL_C_pct,rs10008637
4,-0.0271465,met-d-IDL_C_pct,rs3775228
4,-0.0575165,met-d-IDL_C_pct,rs13107325
5,-0.0248573,met-d-IDL_C_pct,rs12652795
5,-0.0436381,met-d-IDL_C_pct,rs9687846
5,0.0324856,met-d-IDL_C_pct,rs984976
5,0.0253234,met-d-IDL_C_pct,rs7707394
5,-0.0338109,met-d-IDL_C_pct,rs272838
6,0.129039,met-d-IDL_C_pct,rs117733303
6,0.023895,met-d-IDL_C_pct,rs632057
6,-0.0662618,met-d-IDL_C_pct,rs41563615
6,-0.0490985,met-d-IDL_C_pct,rs12212146
6,0.0391328,met-d-IDL_C_pct,rs6910310
6,-0.0236069,met-d-IDL_C_pct,rs6905288
6,-0.0791167,met-d-IDL_C_pct,rs114741460
6,0.0738503,met-d-IDL_C_pct,rs10455872
7,0.0275811,met-d-IDL_C_pct,rs56287412
7,0.106971,met-d-IDL_C_pct,rs13234131
7,-0.0386083,met-d-IDL_C_pct,rs10642257
7,-0.0643918,met-d-IDL_C_pct,rs72555385
7,0.0242598,met-d-IDL_C_pct,rs10225866
8,0.187513,met-d-IDL_C_pct,rs328
8,0.0728589,met-d-IDL_C_pct,rs1561748
8,-0.05149,met-d-IDL_C_pct,rs71205961
8,0.050498,met-d-IDL_C_pct,rs2954038
8,-0.0260709,met-d-IDL_C_pct,rs6601302
8,0.069417,met-d-IDL_C_pct,rs4841132
9,0.0375749,met-d-IDL_C_pct,rs2519093
10,-0.0456111,met-d-IDL_C_pct,rs2803619
10,-0.0497547,met-d-IDL_C_pct,rs10640079
11,0.167981,met-d-IDL_C_pct,rs964184
11,-0.0268625,met-d-IDL_C_pct,rs10750766
11,-0.0483062,met-d-IDL_C_pct,rs695110
11,0.176782,met-d-IDL_C_pct,rs1047964
11,-0.0604529,met-d-IDL_C_pct,rs56271783
11,0.0335959,met-d-IDL_C_pct,rs2306028
11,-0.0754225,met-d-IDL_C_pct,rs102275
11,-0.264632,met-d-IDL_C_pct,rs144018203
12,0.0275569,met-d-IDL_C_pct,rs35350651
12,0.0260619,met-d-IDL_C_pct,rs11172147
14,-0.0341748,met-d-IDL_C_pct,rs12880341
15,0.0353617,met-d-IDL_C_pct,rs77732800
15,-0.0788978,met-d-IDL_C_pct,rs6078
15,0.143261,met-d-IDL_C_pct,rs2043085
15,-0.175572,met-d-IDL_C_pct,rs1077835
15,-0.207525,met-d-IDL_C_pct,rs190543502
16,0.025156,met-d-IDL_C_pct,rs11644601
16,0.0335463,met-d-IDL_C_pct,rs2925979
16,0.0427091,met-d-IDL_C_pct,rs7206374
17,0.0245128,met-d-IDL_C_pct,rs2376584
17,-0.11886,met-d-IDL_C_pct,rs72836561
17,0.0345497,met-d-IDL_C_pct,rs2304969
18,0.0279122,met-d-IDL_C_pct,rs7241918
18,0.111976,met-d-IDL_C_pct,rs77960347
19,0.0442578,met-d-IDL_C_pct,rs2927468
19,-0.0488726,met-d-IDL_C_pct,rs141820146
19,-0.126818,met-d-IDL_C_pct,rs28807203
19,-0.103735,met-d-IDL_C_pct,rs111278137
19,0.241819,met-d-IDL_C_pct,rs116843064
19,0.0638246,met-d-IDL_C_pct,rs8103315
19,-0.0815938,met-d-IDL_C_pct,rs17875609
19,0.048626,met-d-IDL_C_pct,rs62117489
19,-0.514774,met-d-IDL_C_pct,rs1065853
20,0.0280592,met-d-IDL_C_pct,rs4814176
20,-0.0763834,met-d-IDL_C_pct,rs1800961
22,-0.0382348,met-d-IDL_C_pct,rs738409
