chr,beta,id,snp
1,0.0357978,met-d-L_VLDL_L,rs599839
1,-0.043102,met-d-L_VLDL_L,rs1546954
1,0.105902,met-d-L_VLDL_L,rs79598313
1,0.0750853,met-d-L_VLDL_L,rs79439217
2,-0.0482977,met-d-L_VLDL_L,rs13389219
2,-0.107693,met-d-L_VLDL_L,rs676210
2,-0.037638,met-d-L_VLDL_L,rs13423088
2,-0.0282323,met-d-L_VLDL_L,rs1510606
2,-0.0891188,met-d-L_VLDL_L,rs1260326
3,-0.0375467,met-d-L_VLDL_L,rs9968117
3,0.0326752,met-d-L_VLDL_L,rs684773
4,-0.0266114,met-d-L_VLDL_L,rs4491981
4,0.0235997,met-d-L_VLDL_L,rs1823949
4,-0.0367942,met-d-L_VLDL_L,rs13108218
4,0.0300876,met-d-L_VLDL_L,rs1471251
5,0.0384537,met-d-L_VLDL_L,rs4704834
5,-0.0545582,met-d-L_VLDL_L,rs11429307
5,0.0241025,met-d-L_VLDL_L,rs12916
5,-0.0219765,met-d-L_VLDL_L,rs37538
6,0.0348272,met-d-L_VLDL_L,rs73732214
6,-0.285567,met-d-L_VLDL_L,rs117733303
6,-0.162368,met-d-L_VLDL_L,rs10455872
6,-0.0348834,met-d-L_VLDL_L,rs632057
6,0.0329598,met-d-L_VLDL_L,rs998584
6,0.0436226,met-d-L_VLDL_L,rs13191810
6,0.0339927,met-d-L_VLDL_L,rs2186037
6,0.0590068,met-d-L_VLDL_L,rs111909590
6,-0.0932156,met-d-L_VLDL_L,rs73596816
7,0.0886734,met-d-L_VLDL_L,rs42125
7,0.0338565,met-d-L_VLDL_L,rs11976955
7,-0.0953551,met-d-L_VLDL_L,rs55747707
7,-0.025542,met-d-L_VLDL_L,rs56001710
8,-0.188543,met-d-L_VLDL_L,rs328
8,-0.0807741,met-d-L_VLDL_L,rs28601761
8,-0.0619088,met-d-L_VLDL_L,rs1561748
8,0.0330441,met-d-L_VLDL_L,rs13265201
8,-0.0243917,met-d-L_VLDL_L,rs59296513
8,-0.026279,met-d-L_VLDL_L,rs2081687
8,0.0318129,met-d-L_VLDL_L,rs3860847
10,-0.0267573,met-d-L_VLDL_L,rs835273
10,0.0224109,met-d-L_VLDL_L,rs201289443
10,-0.035022,met-d-L_VLDL_L,rs10761716
11,0.038334,met-d-L_VLDL_L,rs174580
11,-0.208773,met-d-L_VLDL_L,rs964184
11,0.273713,met-d-L_VLDL_L,rs141469619
11,-0.234399,met-d-L_VLDL_L,rs1047964
12,0.0224547,met-d-L_VLDL_L,rs9888360
12,-0.0302209,met-d-L_VLDL_L,rs4760254
12,-0.0841361,met-d-L_VLDL_L,rs76895963
12,-0.0329592,met-d-L_VLDL_L,rs7133378
13,0.0277849,met-d-L_VLDL_L,rs7140110
15,-0.0327457,met-d-L_VLDL_L,rs1077834
15,0.126199,met-d-L_VLDL_L,rs150844304
15,0.0263926,met-d-L_VLDL_L,rs1601935
16,0.0437027,met-d-L_VLDL_L,rs34682685
16,-0.0328339,met-d-L_VLDL_L,rs2925979
16,-0.0567337,met-d-L_VLDL_L,rs247616
17,0.1244,met-d-L_VLDL_L,rs72836561
17,0.0556906,met-d-L_VLDL_L,rs8078513
17,-0.0927127,met-d-L_VLDL_L,rs1801689
19,-0.124319,met-d-L_VLDL_L,rs58542926
19,0.080458,met-d-L_VLDL_L,rs5112
19,-0.0413178,met-d-L_VLDL_L,rs73015034
19,0.0483874,met-d-L_VLDL_L,rs157592
19,0.0546309,met-d-L_VLDL_L,rs371786442
19,-0.224049,met-d-L_VLDL_L,rs116843064
20,-0.0251011,met-d-L_VLDL_L,rs2092479
20,0.0462577,met-d-L_VLDL_L,rs7679
21,0.0209056,met-d-L_VLDL_L,rs62222988
