chr,beta,id,snp
1,0.125432,met-d-TG_by_PG,rs79598313
1,0.03173,met-d-TG_by_PG,rs61838776
1,0.0537727,met-d-TG_by_PG,rs79439217
1,-0.0854349,met-d-TG_by_PG,rs74910819
1,0.0330769,met-d-TG_by_PG,rs61781371
1,-0.0264044,met-d-TG_by_PG,rs2642438
1,-0.0544778,met-d-TG_by_PG,rs11122450
2,0.0475047,met-d-TG_by_PG,rs2943650
2,0.0326146,met-d-TG_by_PG,rs6542680
2,-0.0501441,met-d-TG_by_PG,rs1128249
2,-0.0764905,met-d-TG_by_PG,rs1260326
2,0.0767659,met-d-TG_by_PG,rs78058190
2,-0.104,met-d-TG_by_PG,rs676210
3,0.0447749,met-d-TG_by_PG,rs9844972
3,0.0365559,met-d-TG_by_PG,rs684773
3,0.0613638,met-d-TG_by_PG,rs79287178
3,-0.0307077,met-d-TG_by_PG,rs6796333
4,-0.0293205,met-d-TG_by_PG,rs13108218
4,0.0240567,met-d-TG_by_PG,rs3857142
4,0.0292943,met-d-TG_by_PG,rs1471251
4,0.0532817,met-d-TG_by_PG,rs13107325
4,-0.0268203,met-d-TG_by_PG,rs78795332
4,0.0283099,met-d-TG_by_PG,rs1022186
5,0.0294077,met-d-TG_by_PG,rs4704834
5,-0.058785,met-d-TG_by_PG,rs11429307
5,-0.023011,met-d-TG_by_PG,rs37538
5,0.0202431,met-d-TG_by_PG,rs4976033
6,-0.034925,met-d-TG_by_PG,rs632057
6,0.0666448,met-d-TG_by_PG,rs12212146
6,-0.172121,met-d-TG_by_PG,rs10455872
6,0.0347811,met-d-TG_by_PG,rs13191810
6,0.0337903,met-d-TG_by_PG,rs73732214
6,0.0402868,met-d-TG_by_PG,rs12208357
6,0.0358505,met-d-TG_by_PG,rs998584
6,0.0339268,met-d-TG_by_PG,rs2186037
6,-0.272984,met-d-TG_by_PG,rs117733303
7,-0.116583,met-d-TG_by_PG,rs34062580
7,0.0537116,met-d-TG_by_PG,rs111432585
7,0.0348888,met-d-TG_by_PG,rs11976955
7,0.0204788,met-d-TG_by_PG,rs12702449
7,-0.0217736,met-d-TG_by_PG,rs6942635
7,-0.0281956,met-d-TG_by_PG,rs56001710
8,0.0525825,met-d-TG_by_PG,rs71205961
8,-0.0214365,met-d-TG_by_PG,rs72642181
8,0.0350569,met-d-TG_by_PG,rs7005453
8,-0.0299743,met-d-TG_by_PG,rs7012814
8,-0.0679857,met-d-TG_by_PG,rs28601761
8,-0.0764294,met-d-TG_by_PG,rs1561748
8,-0.215968,met-d-TG_by_PG,rs328
10,-0.0252014,met-d-TG_by_PG,rs2068888
10,-0.0403875,met-d-TG_by_PG,rs7924036
10,0.0280454,met-d-TG_by_PG,rs2803619
10,0.0264083,met-d-TG_by_PG,rs10882271
11,0.0691158,met-d-TG_by_PG,rs174580
11,0.0627917,met-d-TG_by_PG,rs12294913
11,-0.0266912,met-d-TG_by_PG,rs112396965
11,0.0222655,met-d-TG_by_PG,rs326222
11,-0.203532,met-d-TG_by_PG,rs964184
11,0.289195,met-d-TG_by_PG,rs144018203
11,-0.251168,met-d-TG_by_PG,rs1047964
11,0.0256424,met-d-TG_by_PG,rs10750766
11,0.0288213,met-d-TG_by_PG,rs1219550
11,0.0251424,met-d-TG_by_PG,rs883863
12,-0.0245737,met-d-TG_by_PG,rs7134375
12,0.0254175,met-d-TG_by_PG,rs61955196
12,-0.0311831,met-d-TG_by_PG,rs11609805
12,-0.0359861,met-d-TG_by_PG,rs7133378
13,0.0218662,met-d-TG_by_PG,rs35678857
13,0.0237372,met-d-TG_by_PG,rs7140110
15,0.0298972,met-d-TG_by_PG,rs1601935
15,-0.0267797,met-d-TG_by_PG,rs1077834
15,0.140231,met-d-TG_by_PG,rs150844304
16,-0.0773536,met-d-TG_by_PG,rs3764261
16,-0.0290533,met-d-TG_by_PG,rs11644601
16,0.0629396,met-d-TG_by_PG,rs75911530
16,-0.0411754,met-d-TG_by_PG,rs2925979
16,0.0351952,met-d-TG_by_PG,rs34682685
17,-0.0278506,met-d-TG_by_PG,rs7212201
17,-0.0983218,met-d-TG_by_PG,rs1801689
17,0.0490998,met-d-TG_by_PG,rs11651280
17,0.164793,met-d-TG_by_PG,rs72836561
19,-0.272127,met-d-TG_by_PG,rs116843064
19,-0.076436,met-d-TG_by_PG,rs200210321
19,0.0548456,met-d-TG_by_PG,rs283814
19,0.119326,met-d-TG_by_PG,rs1065853
19,0.0589002,met-d-TG_by_PG,rs371786442
20,0.0509032,met-d-TG_by_PG,rs7679
20,0.0833268,met-d-TG_by_PG,rs144033177
22,0.022428,met-d-TG_by_PG,rs2267375
