chr,beta,id,snp
1,0.0278514,met-d-M_HDL_PL,rs4656292
1,-0.094473,met-d-M_HDL_PL,rs114165349
1,-0.0591319,met-d-M_HDL_PL,rs583104
1,0.0405085,met-d-M_HDL_PL,rs140584594
1,-0.0250699,met-d-M_HDL_PL,rs61805076
1,0.0341118,met-d-M_HDL_PL,rs2642438
1,0.0225097,met-d-M_HDL_PL,rs3795269
1,0.0390327,met-d-M_HDL_PL,rs267738
1,-0.033945,met-d-M_HDL_PL,rs3768321
1,0.0583372,met-d-M_HDL_PL,rs1002687
1,0.0502979,met-d-M_HDL_PL,rs1321257
2,-0.0209138,met-d-M_HDL_PL,rs2176040
2,0.0240716,met-d-M_HDL_PL,rs2287431
2,0.0567717,met-d-M_HDL_PL,rs676210
2,-0.0285036,met-d-M_HDL_PL,rs35135293
2,-0.0530497,met-d-M_HDL_PL,rs1260326
4,0.0249862,met-d-M_HDL_PL,rs34707604
4,-0.0609624,met-d-M_HDL_PL,rs13107325
6,0.033875,met-d-M_HDL_PL,rs112839628
6,-0.0287758,met-d-M_HDL_PL,rs113324380
6,-0.0459607,met-d-M_HDL_PL,rs9265965
8,0.0331286,met-d-M_HDL_PL,rs2737214
8,0.0981992,met-d-M_HDL_PL,rs4240624
8,-0.0616169,met-d-M_HDL_PL,rs59347135
8,0.0736757,met-d-M_HDL_PL,rs15285
8,-0.114442,met-d-M_HDL_PL,rs139915535
8,0.0314627,met-d-M_HDL_PL,rs7388248
9,-0.0324548,met-d-M_HDL_PL,rs2740488
9,0.0463854,met-d-M_HDL_PL,rs11789603
9,0.0268675,met-d-M_HDL_PL,rs581080
10,0.0289522,met-d-M_HDL_PL,rs3750569
10,-0.0368746,met-d-M_HDL_PL,rs60847460
10,-0.0381628,met-d-M_HDL_PL,rs2792735
10,-0.0313997,met-d-M_HDL_PL,rs148063610
11,-0.0414425,met-d-M_HDL_PL,rs11601507
11,-0.033875,met-d-M_HDL_PL,rs11039238
11,0.0693488,met-d-M_HDL_PL,rs625145
11,-0.0379565,met-d-M_HDL_PL,rs2072113
11,-0.072634,met-d-M_HDL_PL,rs559355
12,-0.0256014,met-d-M_HDL_PL,rs7956099
12,-0.0354167,met-d-M_HDL_PL,rs838876
12,-0.054505,met-d-M_HDL_PL,rs61941676
12,0.0320935,met-d-M_HDL_PL,rs6606717
14,-0.0215387,met-d-M_HDL_PL,rs941507
15,0.104127,met-d-M_HDL_PL,rs1077835
15,0.0313313,met-d-M_HDL_PL,rs12904367
15,-0.101547,met-d-M_HDL_PL,rs2043085
16,-0.124949,met-d-M_HDL_PL,rs75911530
16,0.146324,met-d-M_HDL_PL,rs3764261
16,0.0243983,met-d-M_HDL_PL,rs2925979
17,-0.115631,met-d-M_HDL_PL,rs72836561
17,-0.0332392,met-d-M_HDL_PL,rs704
18,0.339194,met-d-M_HDL_PL,rs77960347
18,0.145357,met-d-M_HDL_PL,rs117687565
18,0.0993117,met-d-M_HDL_PL,rs9304381
19,-0.129821,met-d-M_HDL_PL,rs737338
19,0.0669322,met-d-M_HDL_PL,rs144439590
19,-0.102313,met-d-M_HDL_PL,rs117310449
19,0.0229733,met-d-M_HDL_PL,rs12976739
19,0.0540951,met-d-M_HDL_PL,rs6511720
19,-0.0278698,met-d-M_HDL_PL,rs2569550
19,-0.0297847,met-d-M_HDL_PL,rs8105094
19,0.189834,met-d-M_HDL_PL,rs1065853
19,0.0574604,met-d-M_HDL_PL,rs12977604
20,-0.103936,met-d-M_HDL_PL,rs1800961
20,0.0358257,met-d-M_HDL_PL,rs4239651
20,-0.0265158,met-d-M_HDL_PL,rs3859588
20,-0.0328425,met-d-M_HDL_PL,rs2236252
22,-0.0214705,met-d-M_HDL_PL,rs5760108
22,-0.0428526,met-d-M_HDL_PL,rs2298428
