chr,beta,id,snp
1,0.0303749,met-d-L_HDL_TG_pct,rs61838776
1,0.0253745,met-d-L_HDL_TG_pct,rs61781392
1,0.0666661,met-d-L_HDL_TG_pct,rs1168015
1,0.0347614,met-d-L_HDL_TG_pct,rs59484402
1,0.107484,met-d-L_HDL_TG_pct,rs79598313
1,0.0243844,met-d-L_HDL_TG_pct,rs6694102
2,-0.0445651,met-d-L_HDL_TG_pct,rs1128249
2,0.0433509,met-d-L_HDL_TG_pct,rs2943650
2,0.0659084,met-d-L_HDL_TG_pct,rs113414093
2,-0.0718339,met-d-L_HDL_TG_pct,rs1260326
2,0.0815061,met-d-L_HDL_TG_pct,rs4665710
3,0.0466323,met-d-L_HDL_TG_pct,rs62271373
3,-0.0335884,met-d-L_HDL_TG_pct,rs9647335
4,0.0310819,met-d-L_HDL_TG_pct,rs3775228
4,0.0250448,met-d-L_HDL_TG_pct,rs13118477
4,-0.0267794,met-d-L_HDL_TG_pct,rs78795332
4,0.0208125,met-d-L_HDL_TG_pct,rs3857142
4,-0.0278769,met-d-L_HDL_TG_pct,rs13108218
4,0.0466483,met-d-L_HDL_TG_pct,rs13107325
5,0.0247153,met-d-L_HDL_TG_pct,rs62397245
5,0.0198442,met-d-L_HDL_TG_pct,rs4976033
5,-0.0537441,met-d-L_HDL_TG_pct,rs11429307
5,-0.0218046,met-d-L_HDL_TG_pct,rs37538
6,0.0392188,met-d-L_HDL_TG_pct,rs998584
6,0.0803914,met-d-L_HDL_TG_pct,rs191555775
6,-0.0338933,met-d-L_HDL_TG_pct,rs668459
6,0.030392,met-d-L_HDL_TG_pct,rs2186037
6,-0.119061,met-d-L_HDL_TG_pct,rs9295128
6,0.0490365,met-d-L_HDL_TG_pct,rs12208357
6,0.02491,met-d-L_HDL_TG_pct,rs115168686
6,0.0280045,met-d-L_HDL_TG_pct,rs28383314
7,-0.102392,met-d-L_HDL_TG_pct,rs34060476
7,0.0693444,met-d-L_HDL_TG_pct,rs72555385
7,0.0304083,met-d-L_HDL_TG_pct,rs11976955
7,-0.0255079,met-d-L_HDL_TG_pct,rs56001710
8,-0.0395648,met-d-L_HDL_TG_pct,rs7012814
8,0.0535202,met-d-L_HDL_TG_pct,rs71205961
8,0.0355905,met-d-L_HDL_TG_pct,rs4646246
8,-0.208806,met-d-L_HDL_TG_pct,rs328
8,-0.0746433,met-d-L_HDL_TG_pct,rs28601761
8,-0.0706301,met-d-L_HDL_TG_pct,rs1561748
8,0.0386162,met-d-L_HDL_TG_pct,rs7005453
9,0.0257617,met-d-L_HDL_TG_pct,rs635634
10,-0.0343071,met-d-L_HDL_TG_pct,rs72823020
10,0.0207953,met-d-L_HDL_TG_pct,rs2439823
10,-0.0254871,met-d-L_HDL_TG_pct,rs10882140
11,-0.0297919,met-d-L_HDL_TG_pct,rs76613195
11,-0.207482,met-d-L_HDL_TG_pct,rs964184
11,-0.0413944,met-d-L_HDL_TG_pct,rs4647737
11,0.048,met-d-L_HDL_TG_pct,rs2302263
11,0.0794623,met-d-L_HDL_TG_pct,rs174580
11,0.248649,met-d-L_HDL_TG_pct,rs144018203
11,-0.227879,met-d-L_HDL_TG_pct,rs1047964
12,-0.0331514,met-d-L_HDL_TG_pct,rs7133378
12,-0.0309137,met-d-L_HDL_TG_pct,rs12313762
12,-0.0254065,met-d-L_HDL_TG_pct,rs7134375
12,-0.0261151,met-d-L_HDL_TG_pct,rs12827729
12,-0.0212364,met-d-L_HDL_TG_pct,rs10774625
12,-0.0288108,met-d-L_HDL_TG_pct,rs492699
15,0.126827,met-d-L_HDL_TG_pct,rs150844304
15,-0.0703753,met-d-L_HDL_TG_pct,rs261290
15,-0.033456,met-d-L_HDL_TG_pct,rs10162642
15,-0.0690813,met-d-L_HDL_TG_pct,rs473224
16,-0.180705,met-d-L_HDL_TG_pct,rs821840
16,-0.0906363,met-d-L_HDL_TG_pct,rs8044652
16,0.138159,met-d-L_HDL_TG_pct,rs117738782
16,0.135829,met-d-L_HDL_TG_pct,rs75911530
16,-0.0250317,met-d-L_HDL_TG_pct,rs11644601
16,-0.0401477,met-d-L_HDL_TG_pct,rs2925979
17,0.0530448,met-d-L_HDL_TG_pct,rs76381434
17,0.0301442,met-d-L_HDL_TG_pct,rs12601919
17,0.163887,met-d-L_HDL_TG_pct,rs72836561
17,-0.0234376,met-d-L_HDL_TG_pct,rs4969144
19,0.236205,met-d-L_HDL_TG_pct,rs1065853
19,-0.299251,met-d-L_HDL_TG_pct,rs116843064
19,0.0434259,met-d-L_HDL_TG_pct,rs283814
19,0.0361204,met-d-L_HDL_TG_pct,rs57614495
19,-0.0459648,met-d-L_HDL_TG_pct,rs58542926
19,-0.0647787,met-d-L_HDL_TG_pct,rs116483979
20,0.1175,met-d-L_HDL_TG_pct,rs6073958
20,-0.0289307,met-d-L_HDL_TG_pct,rs1883715
20,-0.022015,met-d-L_HDL_TG_pct,rs8126001
22,0.0227745,met-d-L_HDL_TG_pct,rs2267375
