chr,beta,id,snp
1,0.0512693,met-d-M_LDL_TG_pct,rs12740374
1,-0.0378021,met-d-M_LDL_TG_pct,rs4846917
1,0.0287176,met-d-M_LDL_TG_pct,rs7534572
1,0.078406,met-d-M_LDL_TG_pct,rs182050989
1,-0.0270628,met-d-M_LDL_TG_pct,rs472495
1,0.0308249,met-d-M_LDL_TG_pct,rs67408364
1,-0.0270202,met-d-M_LDL_TG_pct,rs2642438
1,0.204804,met-d-M_LDL_TG_pct,rs11591147
2,-0.0301864,met-d-M_LDL_TG_pct,rs1367117
2,0.0261949,met-d-M_LDL_TG_pct,rs13402475
2,-0.0640205,met-d-M_LDL_TG_pct,rs1260326
2,0.0383983,met-d-M_LDL_TG_pct,rs2943650
2,0.0328547,met-d-M_LDL_TG_pct,rs4245791
2,0.0705375,met-d-M_LDL_TG_pct,rs78058190
2,-0.0266185,met-d-M_LDL_TG_pct,rs1128249
3,0.0354409,met-d-M_LDL_TG_pct,rs684773
4,0.0223788,met-d-M_LDL_TG_pct,rs7675258
5,-0.0282171,met-d-M_LDL_TG_pct,rs7707394
5,0.0339574,met-d-M_LDL_TG_pct,rs62384157
5,-0.0221345,met-d-M_LDL_TG_pct,rs6891233
5,-0.0372188,met-d-M_LDL_TG_pct,rs3846662
5,0.0327617,met-d-M_LDL_TG_pct,rs9687846
6,-0.0320316,met-d-M_LDL_TG_pct,rs2523764
6,0.0300507,met-d-M_LDL_TG_pct,rs9271500
6,0.0503127,met-d-M_LDL_TG_pct,rs12212146
6,-0.0985272,met-d-M_LDL_TG_pct,rs10455872
6,-0.130461,met-d-M_LDL_TG_pct,rs117733303
7,-0.0423749,met-d-M_LDL_TG_pct,rs4722551
7,0.0214888,met-d-M_LDL_TG_pct,rs217396
7,0.0227064,met-d-M_LDL_TG_pct,rs2389858
7,-0.0912945,met-d-M_LDL_TG_pct,rs13234131
7,-0.0266992,met-d-M_LDL_TG_pct,rs2013044
8,-0.0536117,met-d-M_LDL_TG_pct,rs2980888
8,-0.0548828,met-d-M_LDL_TG_pct,rs1561748
8,-0.0313088,met-d-M_LDL_TG_pct,rs7012814
8,-0.131045,met-d-M_LDL_TG_pct,rs328
9,-0.053435,met-d-M_LDL_TG_pct,rs2519093
9,0.0350419,met-d-M_LDL_TG_pct,rs581080
10,0.0353517,met-d-M_LDL_TG_pct,rs10640079
11,0.212638,met-d-M_LDL_TG_pct,rs144018203
11,-0.140385,met-d-M_LDL_TG_pct,rs964184
11,0.0762086,met-d-M_LDL_TG_pct,rs174580
11,0.0281496,met-d-M_LDL_TG_pct,rs10750766
12,-0.0257029,met-d-M_LDL_TG_pct,rs10774625
14,0.0324279,met-d-M_LDL_TG_pct,rs12878001
15,-0.179092,met-d-M_LDL_TG_pct,rs2043085
15,-0.0483197,met-d-M_LDL_TG_pct,rs16939991
15,-0.0540895,met-d-M_LDL_TG_pct,rs1829135
15,-0.0483022,met-d-M_LDL_TG_pct,rs75888243
15,0.215604,met-d-M_LDL_TG_pct,rs1077835
15,0.173294,met-d-M_LDL_TG_pct,rs190543502
15,0.0850254,met-d-M_LDL_TG_pct,rs6078
16,0.0269481,met-d-M_LDL_TG_pct,rs8059755
16,-0.0274162,met-d-M_LDL_TG_pct,rs2925979
16,0.0509926,met-d-M_LDL_TG_pct,rs183130
17,0.0874599,met-d-M_LDL_TG_pct,rs72836561
17,-0.125678,met-d-M_LDL_TG_pct,rs75679663
17,-0.0226595,met-d-M_LDL_TG_pct,rs17561950
17,-0.0819336,met-d-M_LDL_TG_pct,rs77542162
19,-0.0710177,met-d-M_LDL_TG_pct,rs1081105
19,0.0881372,met-d-M_LDL_TG_pct,rs10412048
19,0.126308,met-d-M_LDL_TG_pct,rs28807203
19,-0.0476818,met-d-M_LDL_TG_pct,rs2927468
19,-0.0229953,met-d-M_LDL_TG_pct,rs111427795
19,0.497086,met-d-M_LDL_TG_pct,rs1065853
19,-0.0594739,met-d-M_LDL_TG_pct,rs8103315
19,0.0946991,met-d-M_LDL_TG_pct,rs111278137
19,0.0749455,met-d-M_LDL_TG_pct,rs17875609
20,-0.0324741,met-d-M_LDL_TG_pct,rs4814176
