chr,beta,id,snp
1,0.0690626,met-d-Sphingomyelins,rs11206517
1,-0.024029,met-d-Sphingomyelins,rs2495477
1,-0.0777907,met-d-Sphingomyelins,rs12740374
1,-0.228354,met-d-Sphingomyelins,rs11591147
1,0.0221602,met-d-Sphingomyelins,rs11122455
1,0.0386647,met-d-Sphingomyelins,rs2642438
1,0.021532,met-d-Sphingomyelins,rs7534572
1,0.0273853,met-d-Sphingomyelins,rs558971
1,-0.0299685,met-d-Sphingomyelins,rs3768321
2,-0.0230063,met-d-Sphingomyelins,rs35135293
2,-0.0598295,met-d-Sphingomyelins,rs115445558
2,0.0848577,met-d-Sphingomyelins,rs562338
2,-0.0314336,met-d-Sphingomyelins,rs2943650
2,-0.0294673,met-d-Sphingomyelins,rs780094
4,-0.0596559,met-d-Sphingomyelins,rs13107325
4,0.0229817,met-d-Sphingomyelins,rs35088884
5,0.0319032,met-d-Sphingomyelins,rs7707394
5,0.0228919,met-d-Sphingomyelins,rs6882345
5,0.0425863,met-d-Sphingomyelins,rs984976
5,0.0213223,met-d-Sphingomyelins,rs1895233
6,0.0460167,met-d-Sphingomyelins,rs151060048
6,-0.0516462,met-d-Sphingomyelins,rs116009877
6,0.0311061,met-d-Sphingomyelins,rs35775572
6,-0.0423756,met-d-Sphingomyelins,rs11751347
6,0.0216902,met-d-Sphingomyelins,rs2268702
7,-0.0262958,met-d-Sphingomyelins,rs10282584
8,0.0875022,met-d-Sphingomyelins,rs12679834
8,-0.0349152,met-d-Sphingomyelins,rs112875651
8,0.0371162,met-d-Sphingomyelins,rs1561748
8,0.0877706,met-d-Sphingomyelins,rs4841132
9,-0.0467756,met-d-Sphingomyelins,rs2740488
9,0.0351472,met-d-Sphingomyelins,rs2066714
9,0.0477346,met-d-Sphingomyelins,rs507666
9,0.0485618,met-d-Sphingomyelins,rs11789603
9,0.0302078,met-d-Sphingomyelins,rs10810374
10,0.0223201,met-d-Sphingomyelins,rs10822145
10,-0.0372739,met-d-Sphingomyelins,rs2792735
11,-0.115583,met-d-Sphingomyelins,rs102275
11,0.0422499,met-d-Sphingomyelins,rs12721030
11,-0.0291467,met-d-Sphingomyelins,rs56030824
11,-0.0372191,met-d-Sphingomyelins,rs673335
11,0.0229096,met-d-Sphingomyelins,rs949300
12,-0.0222907,met-d-Sphingomyelins,rs865716
12,0.0303967,met-d-Sphingomyelins,rs653178
12,0.0243718,met-d-Sphingomyelins,rs148608463
15,-0.106008,met-d-Sphingomyelins,rs261290
15,0.0815544,met-d-Sphingomyelins,rs633695
16,0.0227955,met-d-Sphingomyelins,rs2925979
16,0.0879936,met-d-Sphingomyelins,rs3764261
16,-0.0680983,met-d-Sphingomyelins,rs75911530
16,0.0292851,met-d-Sphingomyelins,rs11075253
17,0.0869389,met-d-Sphingomyelins,rs77542162
17,-0.102738,met-d-Sphingomyelins,rs72836561
17,0.0269487,met-d-Sphingomyelins,rs56325564
18,0.192753,met-d-Sphingomyelins,rs77960347
18,0.0495535,met-d-Sphingomyelins,rs9304381
19,-0.103404,met-d-Sphingomyelins,rs12151108
19,-0.105943,met-d-Sphingomyelins,rs73013176
19,-0.362543,met-d-Sphingomyelins,rs1065853
19,-0.102387,met-d-Sphingomyelins,rs111278137
19,0.0346445,met-d-Sphingomyelins,rs2927468
19,-0.0639468,met-d-Sphingomyelins,rs58542926
19,0.0971505,met-d-Sphingomyelins,rs1081105
19,-0.0635482,met-d-Sphingomyelins,rs17699030
19,-0.0880436,met-d-Sphingomyelins,rs28807203
19,0.0414862,met-d-Sphingomyelins,rs8103315
20,-0.0462846,met-d-Sphingomyelins,rs1057208
20,-0.0704735,met-d-Sphingomyelins,rs116847251
