chr,beta,id,snp
1,-0.039876,met-d-L_LDL_CE_pct,rs12239737
1,0.0558394,met-d-L_LDL_CE_pct,rs599839
1,0.0285982,met-d-L_LDL_CE_pct,rs3059574
1,0.0250488,met-d-L_LDL_CE_pct,rs484084
2,-0.0238556,met-d-L_LDL_CE_pct,rs4299376
2,0.104991,met-d-L_LDL_CE_pct,rs2678379
2,-0.0262286,met-d-L_LDL_CE_pct,rs1510606
2,-0.0525725,met-d-L_LDL_CE_pct,rs1260326
4,-0.0318241,met-d-L_LDL_CE_pct,rs13108218
4,-0.0749895,met-d-L_LDL_CE_pct,rs1229984
5,0.0232982,met-d-L_LDL_CE_pct,rs369330343
5,0.0350394,met-d-L_LDL_CE_pct,rs4704834
6,-0.0437727,met-d-L_LDL_CE_pct,rs6938647
6,0.0314787,met-d-L_LDL_CE_pct,rs9269219
6,-0.0469317,met-d-L_LDL_CE_pct,rs75398113
6,-0.159915,met-d-L_LDL_CE_pct,rs9295128
7,-0.0832975,met-d-L_LDL_CE_pct,rs3812316
8,-0.0569772,met-d-L_LDL_CE_pct,rs10096633
8,0.0648998,met-d-L_LDL_CE_pct,rs1461729
9,0.043748,met-d-L_LDL_CE_pct,rs675849
9,0.105371,met-d-L_LDL_CE_pct,rs3824477
9,-0.0444911,met-d-L_LDL_CE_pct,rs13284054
10,-0.0359385,met-d-L_LDL_CE_pct,rs10761716
11,0.0272122,met-d-L_LDL_CE_pct,rs4752979
11,-0.0979745,met-d-L_LDL_CE_pct,rs964184
11,0.0287989,met-d-L_LDL_CE_pct,rs593753
12,0.0323146,met-d-L_LDL_CE_pct,rs2199680
12,0.027232,met-d-L_LDL_CE_pct,rs11183212
15,0.0692308,met-d-L_LDL_CE_pct,rs1532085
15,-0.0620765,met-d-L_LDL_CE_pct,rs1800588
16,-0.116172,met-d-L_LDL_CE_pct,rs4986970
16,0.112839,met-d-L_LDL_CE_pct,rs3764261
16,-0.109328,met-d-L_LDL_CE_pct,rs75911530
17,-0.0645265,met-d-L_LDL_CE_pct,rs8178824
19,-0.0359366,met-d-L_LDL_CE_pct,rs143020224
19,-0.0877595,met-d-L_LDL_CE_pct,rs58542926
19,0.0439728,met-d-L_LDL_CE_pct,rs59774409
19,0.0508117,met-d-L_LDL_CE_pct,rs73045691
19,0.0497405,met-d-L_LDL_CE_pct,rs113106418
19,-0.220584,met-d-L_LDL_CE_pct,rs1065853
20,-0.0863457,met-d-L_LDL_CE_pct,rs1800961
22,-0.0334819,met-d-L_LDL_CE_pct,rs2298428
