chr,beta,id,snp
1,0.0797233,met-d-VLDL_TG,rs79439217
1,0.107092,met-d-VLDL_TG,rs79598313
1,0.0429891,met-d-VLDL_TG,rs59484402
2,-0.0957776,met-d-VLDL_TG,rs1260326
2,-0.0403869,met-d-VLDL_TG,rs13423088
2,-0.100842,met-d-VLDL_TG,rs676210
2,-0.0233656,met-d-VLDL_TG,rs60960031
2,-0.0239306,met-d-VLDL_TG,rs11903847
2,-0.0495707,met-d-VLDL_TG,rs13389219
3,0.0408533,met-d-VLDL_TG,rs9844972
3,0.0339616,met-d-VLDL_TG,rs684773
3,-0.0354418,met-d-VLDL_TG,rs9968117
3,0.0637789,met-d-VLDL_TG,rs79287178
4,0.0306681,met-d-VLDL_TG,rs1471251
4,-0.0370454,met-d-VLDL_TG,rs13108218
4,-0.0265019,met-d-VLDL_TG,rs4491981
4,0.0240737,met-d-VLDL_TG,rs3857142
4,-0.0394657,met-d-VLDL_TG,rs2035816
5,-0.0221486,met-d-VLDL_TG,rs37538
5,-0.0566753,met-d-VLDL_TG,rs11429307
5,0.03787,met-d-VLDL_TG,rs4704834
6,0.0251865,met-d-VLDL_TG,rs28752924
6,0.0544683,met-d-VLDL_TG,rs111909590
6,0.0633528,met-d-VLDL_TG,rs74434374
6,0.0405153,met-d-VLDL_TG,rs28383314
6,0.0324268,met-d-VLDL_TG,rs2186037
6,-0.194613,met-d-VLDL_TG,rs10455872
6,-0.104194,met-d-VLDL_TG,rs73596816
6,-0.0358025,met-d-VLDL_TG,rs632057
6,0.0318672,met-d-VLDL_TG,rs998584
6,-0.0326566,met-d-VLDL_TG,rs3127580
6,-0.324182,met-d-VLDL_TG,rs117733303
7,0.0322551,met-d-VLDL_TG,rs11976955
7,0.0706717,met-d-VLDL_TG,rs72555385
7,-0.0300696,met-d-VLDL_TG,rs56001710
7,-0.123347,met-d-VLDL_TG,rs3812316
8,-0.191754,met-d-VLDL_TG,rs328
8,-0.0245069,met-d-VLDL_TG,rs59296513
8,-0.081742,met-d-VLDL_TG,rs28601761
8,0.0340019,met-d-VLDL_TG,rs3860847
8,0.0343431,met-d-VLDL_TG,rs13265201
8,-0.0639779,met-d-VLDL_TG,rs1561748
8,-0.0252869,met-d-VLDL_TG,rs2081687
10,-0.0382881,met-d-VLDL_TG,rs10761716
10,-0.0260021,met-d-VLDL_TG,rs835273
11,0.0478814,met-d-VLDL_TG,rs174580
11,0.0542684,met-d-VLDL_TG,rs12294913
11,0.0255202,met-d-VLDL_TG,rs883863
11,-0.214736,met-d-VLDL_TG,rs964184
11,-0.240013,met-d-VLDL_TG,rs1047964
11,0.271736,met-d-VLDL_TG,rs144018203
11,0.0255034,met-d-VLDL_TG,rs2970332
12,-0.0285173,met-d-VLDL_TG,rs4760254
12,-0.0873351,met-d-VLDL_TG,rs76895963
12,-0.0304588,met-d-VLDL_TG,rs7133378
13,0.0278418,met-d-VLDL_TG,rs7140110
15,0.023207,met-d-VLDL_TG,rs11636087
15,0.138023,met-d-VLDL_TG,rs150844304
16,0.040278,met-d-VLDL_TG,rs34682685
16,-0.0331601,met-d-VLDL_TG,rs2925979
16,-0.0220691,met-d-VLDL_TG,rs11644601
16,-0.0290457,met-d-VLDL_TG,rs7205804
17,0.122688,met-d-VLDL_TG,rs72836561
17,-0.104187,met-d-VLDL_TG,rs1801689
17,0.0513095,met-d-VLDL_TG,rs9889584
17,0.0485679,met-d-VLDL_TG,rs75634664
17,0.0578851,met-d-VLDL_TG,rs56017239
19,0.0559387,met-d-VLDL_TG,rs371786442
19,0.0471371,met-d-VLDL_TG,rs483082
19,-0.112449,met-d-VLDL_TG,rs58542926
19,-0.110844,met-d-VLDL_TG,rs187429064
19,0.0823341,met-d-VLDL_TG,rs5112
19,-0.232188,met-d-VLDL_TG,rs116843064
20,-0.0224482,met-d-VLDL_TG,rs2092479
20,0.0405418,met-d-VLDL_TG,rs7679
