chr,beta,id,snp
1,0.0363501,met-d-XS_VLDL_TG,rs59484402
1,0.081597,met-d-XS_VLDL_TG,rs141409973
1,-0.0222378,met-d-XS_VLDL_TG,rs213479
1,0.0982487,met-d-XS_VLDL_TG,rs79598313
1,0.0311551,met-d-XS_VLDL_TG,rs629301
2,0.107829,met-d-XS_VLDL_TG,rs4665710
2,-0.100843,met-d-XS_VLDL_TG,rs1260326
2,0.0572332,met-d-XS_VLDL_TG,rs113414093
2,-0.0420118,met-d-XS_VLDL_TG,rs1128249
2,0.0343238,met-d-XS_VLDL_TG,rs1515108
2,-0.0306057,met-d-XS_VLDL_TG,rs1510606
3,0.0485434,met-d-XS_VLDL_TG,rs684773
3,0.0404301,met-d-XS_VLDL_TG,rs7646100
4,0.026387,met-d-XS_VLDL_TG,rs10008637
4,-0.0410173,met-d-XS_VLDL_TG,rs2035816
4,-0.029134,met-d-XS_VLDL_TG,rs13108218
4,0.0363824,met-d-XS_VLDL_TG,rs1471251
5,0.044234,met-d-XS_VLDL_TG,rs4704834
5,-0.0539775,met-d-XS_VLDL_TG,rs11429307
5,0.0232488,met-d-XS_VLDL_TG,rs151889
6,0.0249961,met-d-XS_VLDL_TG,rs2800708
6,0.0633275,met-d-XS_VLDL_TG,rs146203232
6,0.0371654,met-d-XS_VLDL_TG,rs74729707
6,-0.208568,met-d-XS_VLDL_TG,rs186696265
6,0.0313216,met-d-XS_VLDL_TG,rs28752924
6,0.0244437,met-d-XS_VLDL_TG,rs6905288
6,0.043407,met-d-XS_VLDL_TG,rs9271642
6,-0.0354521,met-d-XS_VLDL_TG,rs632057
6,0.0285076,met-d-XS_VLDL_TG,rs9456453
7,0.0702957,met-d-XS_VLDL_TG,rs72555385
7,0.0337627,met-d-XS_VLDL_TG,rs2070971
7,-0.114159,met-d-XS_VLDL_TG,rs34060476
7,-0.025941,met-d-XS_VLDL_TG,rs56001710
7,0.0265381,met-d-XS_VLDL_TG,rs6971365
8,-0.0620351,met-d-XS_VLDL_TG,rs1561748
8,-0.0943628,met-d-XS_VLDL_TG,rs28601761
8,-0.175919,met-d-XS_VLDL_TG,rs328
8,0.034481,met-d-XS_VLDL_TG,rs3860847
8,-0.0287659,met-d-XS_VLDL_TG,rs2721961
8,0.0495658,met-d-XS_VLDL_TG,rs71205961
8,0.0303436,met-d-XS_VLDL_TG,rs1293301
8,0.0311657,met-d-XS_VLDL_TG,rs10085931
9,-0.0351808,met-d-XS_VLDL_TG,rs2244278
10,-0.0227666,met-d-XS_VLDL_TG,rs2484294
10,-0.0321623,met-d-XS_VLDL_TG,rs10761716
10,-0.0265929,met-d-XS_VLDL_TG,rs2068888
11,-0.213244,met-d-XS_VLDL_TG,rs964184
11,0.0324283,met-d-XS_VLDL_TG,rs174580
11,0.26982,met-d-XS_VLDL_TG,rs141469619
11,-0.210914,met-d-XS_VLDL_TG,rs1047964
11,-0.0355959,met-d-XS_VLDL_TG,rs11023165
12,0.0398919,met-d-XS_VLDL_TG,rs10649122
12,-0.0275127,met-d-XS_VLDL_TG,rs7979473
12,-0.028568,met-d-XS_VLDL_TG,rs11274389
12,-0.0883825,met-d-XS_VLDL_TG,rs76895963
13,0.0282406,met-d-XS_VLDL_TG,rs6602911
13,-0.0303094,met-d-XS_VLDL_TG,rs9604570
14,0.0344686,met-d-XS_VLDL_TG,rs7157785
15,-0.1968,met-d-XS_VLDL_TG,rs473224
15,0.182045,met-d-XS_VLDL_TG,rs150844304
15,-0.0960225,met-d-XS_VLDL_TG,rs10162642
15,-0.100996,met-d-XS_VLDL_TG,rs117911817
15,-0.198728,met-d-XS_VLDL_TG,rs261290
16,-0.0463342,met-d-XS_VLDL_TG,rs821840
16,-0.0365781,met-d-XS_VLDL_TG,rs72769438
16,-0.0376516,met-d-XS_VLDL_TG,rs34417180
16,-0.0306119,met-d-XS_VLDL_TG,rs2925979
17,0.0325155,met-d-XS_VLDL_TG,rs12601919
17,0.0790516,met-d-XS_VLDL_TG,rs72836561
17,0.0400937,met-d-XS_VLDL_TG,rs113366589
17,-0.143642,met-d-XS_VLDL_TG,rs75679663
19,-0.0769676,met-d-XS_VLDL_TG,rs8107974
19,0.131338,met-d-XS_VLDL_TG,rs1065853
19,-0.0338604,met-d-XS_VLDL_TG,rs17242381
19,-0.232578,met-d-XS_VLDL_TG,rs116843064
19,0.0374998,met-d-XS_VLDL_TG,rs56290633
19,-0.028269,met-d-XS_VLDL_TG,rs10410524
19,-0.0752882,met-d-XS_VLDL_TG,rs149480839
20,-0.027008,met-d-XS_VLDL_TG,rs6129629
20,0.0399833,met-d-XS_VLDL_TG,rs6073958
20,-0.0229402,met-d-XS_VLDL_TG,rs8126001
21,0.0234225,met-d-XS_VLDL_TG,rs4817999
22,0.0225906,met-d-XS_VLDL_TG,rs2267373
