chr,beta,id,snp
1,0.0310257,met-d-L_LDL_PL_pct,rs10864726
1,0.0333034,met-d-L_LDL_PL_pct,rs624698
1,-0.0489296,met-d-L_LDL_PL_pct,rs1277930
1,0.0270517,met-d-L_LDL_PL_pct,rs5082
1,-0.0227944,met-d-L_LDL_PL_pct,rs514230
2,0.0599942,met-d-L_LDL_PL_pct,rs1260326
2,-0.0444803,met-d-L_LDL_PL_pct,rs11689541
2,0.0572649,met-d-L_LDL_PL_pct,rs6728178
2,0.0250573,met-d-L_LDL_PL_pct,rs3770586
4,-0.116145,met-d-L_LDL_PL_pct,rs72969958
4,0.0902771,met-d-L_LDL_PL_pct,rs1229984
4,-0.0279409,met-d-L_LDL_PL_pct,rs35662434
5,-0.0345124,met-d-L_LDL_PL_pct,rs4704834
6,0.0457609,met-d-L_LDL_PL_pct,rs9265942
6,0.152411,met-d-L_LDL_PL_pct,rs186696265
6,0.0385242,met-d-L_LDL_PL_pct,rs3129962
7,0.0322929,met-d-L_LDL_PL_pct,rs35957028
7,0.0749436,met-d-L_LDL_PL_pct,rs17145750
7,0.10885,met-d-L_LDL_PL_pct,rs6460043
8,0.0707948,met-d-L_LDL_PL_pct,rs10096633
8,0.0331997,met-d-L_LDL_PL_pct,rs112875651
9,-0.033135,met-d-L_LDL_PL_pct,rs2066714
9,0.0559174,met-d-L_LDL_PL_pct,rs2740488
9,-0.0859772,met-d-L_LDL_PL_pct,rs686030
9,-0.0604537,met-d-L_LDL_PL_pct,rs11789603
10,0.0214559,met-d-L_LDL_PL_pct,rs10885531
10,0.0316548,met-d-L_LDL_PL_pct,rs10761716
11,0.132665,met-d-L_LDL_PL_pct,rs964184
11,0.030254,met-d-L_LDL_PL_pct,rs11604683
11,-0.158437,met-d-L_LDL_PL_pct,rs141469619
11,0.0365758,met-d-L_LDL_PL_pct,rs34416738
12,-0.0346548,met-d-L_LDL_PL_pct,rs73063122
15,0.14779,met-d-L_LDL_PL_pct,rs2043085
15,-0.098838,met-d-L_LDL_PL_pct,rs150844304
15,-0.0834082,met-d-L_LDL_PL_pct,rs6078
15,-0.20767,met-d-L_LDL_PL_pct,rs1077835
15,0.03639,met-d-L_LDL_PL_pct,rs16939991
16,0.115473,met-d-L_LDL_PL_pct,rs4986970
16,-0.0293561,met-d-L_LDL_PL_pct,rs12927729
16,0.0368682,met-d-L_LDL_PL_pct,rs72769435
16,-0.163683,met-d-L_LDL_PL_pct,rs183130
16,0.110896,met-d-L_LDL_PL_pct,rs75911530
19,-0.0871673,met-d-L_LDL_PL_pct,rs429358
19,-0.0257208,met-d-L_LDL_PL_pct,rs7251655
19,0.0397514,met-d-L_LDL_PL_pct,rs2304128
20,0.0586171,met-d-L_LDL_PL_pct,rs6065908
22,-0.0276621,met-d-L_LDL_PL_pct,rs3747207
