chr,beta,id,snp
1,0.0437203,met-d-S_VLDL_TG,rs59484402
1,0.108444,met-d-S_VLDL_TG,rs79598313
1,0.0855092,met-d-S_VLDL_TG,rs141409973
1,-0.0327602,met-d-S_VLDL_TG,rs561096
2,0.122542,met-d-S_VLDL_TG,rs4665710
2,0.0394509,met-d-S_VLDL_TG,rs1515098
2,-0.026405,met-d-S_VLDL_TG,rs1510606
2,-0.0210096,met-d-S_VLDL_TG,rs870526
2,-0.105331,met-d-S_VLDL_TG,rs1260326
2,-0.0460053,met-d-S_VLDL_TG,rs1128249
3,0.0690952,met-d-S_VLDL_TG,rs79287178
3,0.0361318,met-d-S_VLDL_TG,rs684773
4,-0.0404246,met-d-S_VLDL_TG,rs2035816
4,0.0222659,met-d-S_VLDL_TG,rs10008637
4,-0.0408902,met-d-S_VLDL_TG,rs13108218
4,0.0318607,met-d-S_VLDL_TG,rs1471251
4,0.0252321,met-d-S_VLDL_TG,rs3857142
4,-0.0250075,met-d-S_VLDL_TG,rs4491981
5,0.0402263,met-d-S_VLDL_TG,rs4704834
5,-0.0243993,met-d-S_VLDL_TG,rs37538
5,-0.0231866,met-d-S_VLDL_TG,rs1316753
5,-0.0585679,met-d-S_VLDL_TG,rs11429307
6,0.049695,met-d-S_VLDL_TG,rs12208357
6,0.0450506,met-d-S_VLDL_TG,rs28383314
6,0.0298932,met-d-S_VLDL_TG,rs28752924
6,-0.130828,met-d-S_VLDL_TG,rs10455872
6,0.0326393,met-d-S_VLDL_TG,rs998584
6,0.0569856,met-d-S_VLDL_TG,rs12212146
6,0.0306197,met-d-S_VLDL_TG,rs2800709
6,0.0624581,met-d-S_VLDL_TG,rs74434374
6,-0.0225605,met-d-S_VLDL_TG,rs9374046
6,-0.242623,met-d-S_VLDL_TG,rs117733303
6,-0.0373548,met-d-S_VLDL_TG,rs632057
7,-0.139948,met-d-S_VLDL_TG,rs34060476
7,0.0306328,met-d-S_VLDL_TG,rs11976955
7,0.0796141,met-d-S_VLDL_TG,rs72555385
7,-0.0300645,met-d-S_VLDL_TG,rs56001710
8,-0.0713088,met-d-S_VLDL_TG,rs1561748
8,-0.0249099,met-d-S_VLDL_TG,rs2081687
8,-0.0365738,met-d-S_VLDL_TG,rs1736070
8,0.0347461,met-d-S_VLDL_TG,rs3860847
8,0.0319576,met-d-S_VLDL_TG,rs13266992
8,-0.209569,met-d-S_VLDL_TG,rs328
8,-0.0865789,met-d-S_VLDL_TG,rs28601761
9,-0.0264082,met-d-S_VLDL_TG,rs2740488
10,-0.0420773,met-d-S_VLDL_TG,rs10761716
10,-0.0257044,met-d-S_VLDL_TG,rs2068888
11,-0.229719,met-d-S_VLDL_TG,rs1047964
11,0.0256304,met-d-S_VLDL_TG,rs883863
11,-0.239727,met-d-S_VLDL_TG,rs964184
11,0.0394388,met-d-S_VLDL_TG,rs174580
11,0.0549515,met-d-S_VLDL_TG,rs11231694
11,0.295838,met-d-S_VLDL_TG,rs141469619
11,-0.0365663,met-d-S_VLDL_TG,rs2303975
12,-0.0321172,met-d-S_VLDL_TG,rs7133378
12,-0.0238475,met-d-S_VLDL_TG,rs5800723
12,0.0352359,met-d-S_VLDL_TG,rs10649122
12,-0.093924,met-d-S_VLDL_TG,rs76895963
13,0.0262987,met-d-S_VLDL_TG,rs6602911
15,-0.0709468,met-d-S_VLDL_TG,rs261290
15,0.170756,met-d-S_VLDL_TG,rs150844304
15,-0.0339387,met-d-S_VLDL_TG,rs10162642
15,-0.0669148,met-d-S_VLDL_TG,rs473224
16,0.0390964,met-d-S_VLDL_TG,rs34682685
16,-0.0375013,met-d-S_VLDL_TG,rs2925979
16,-0.0297588,met-d-S_VLDL_TG,rs247616
17,0.0519898,met-d-S_VLDL_TG,rs75634664
17,-0.0231209,met-d-S_VLDL_TG,rs12451791
17,0.13322,met-d-S_VLDL_TG,rs72836561
17,0.0324886,met-d-S_VLDL_TG,rs12601919
17,0.0577619,met-d-S_VLDL_TG,rs56017239
17,0.0532751,met-d-S_VLDL_TG,rs9889584
19,-0.0971872,met-d-S_VLDL_TG,rs58542926
19,0.0744573,met-d-S_VLDL_TG,rs5112
19,-0.263198,met-d-S_VLDL_TG,rs116843064
19,0.0594989,met-d-S_VLDL_TG,rs5117
19,-0.0614732,met-d-S_VLDL_TG,rs35137994
20,0.0583107,met-d-S_VLDL_TG,rs7679
20,-0.022626,met-d-S_VLDL_TG,rs8126001
20,-0.0241052,met-d-S_VLDL_TG,rs6129629
21,0.0227749,met-d-S_VLDL_TG,rs62222988
