chr,beta,id,snp
1,-0.0440007,met-d-S_HDL_CE_pct,rs12740374
1,-0.0848286,met-d-S_HDL_CE_pct,rs79439217
2,-0.0259863,met-d-S_HDL_CE_pct,rs2943658
2,0.0504649,met-d-S_HDL_CE_pct,rs1260326
2,0.0260378,met-d-S_HDL_CE_pct,rs870526
2,-0.04964,met-d-S_HDL_CE_pct,rs4665710
2,0.0267699,met-d-S_HDL_CE_pct,rs1128249
3,-0.0415769,met-d-S_HDL_CE_pct,rs534944
3,0.0246977,met-d-S_HDL_CE_pct,rs6792725
3,-0.0387398,met-d-S_HDL_CE_pct,rs5402
4,-0.0339503,met-d-S_HDL_CE_pct,rs2035403
4,0.044455,met-d-S_HDL_CE_pct,rs2035816
4,-0.0312459,met-d-S_HDL_CE_pct,rs34707604
5,-0.0305854,met-d-S_HDL_CE_pct,rs62384157
5,-0.0236055,met-d-S_HDL_CE_pct,rs458356
6,-0.0256533,met-d-S_HDL_CE_pct,rs9271500
6,-0.0471135,met-d-S_HDL_CE_pct,rs12212146
6,0.140583,met-d-S_HDL_CE_pct,rs117733303
6,0.0252207,met-d-S_HDL_CE_pct,rs632057
6,-0.043246,met-d-S_HDL_CE_pct,rs80215559
6,0.099821,met-d-S_HDL_CE_pct,rs10455872
7,0.0637683,met-d-S_HDL_CE_pct,rs35814008
7,0.0399756,met-d-S_HDL_CE_pct,rs4722551
7,-0.032925,met-d-S_HDL_CE_pct,rs11764937
7,0.0237997,met-d-S_HDL_CE_pct,rs854572
8,0.0227298,met-d-S_HDL_CE_pct,rs7012637
8,-0.0220316,met-d-S_HDL_CE_pct,rs727993
8,0.0468111,met-d-S_HDL_CE_pct,rs1561748
8,-0.0264298,met-d-S_HDL_CE_pct,rs6420185
8,0.145402,met-d-S_HDL_CE_pct,rs79236614
8,0.0672318,met-d-S_HDL_CE_pct,rs2980888
8,-0.03392,met-d-S_HDL_CE_pct,rs4646246
8,-0.0262565,met-d-S_HDL_CE_pct,rs4360309
9,-0.0262808,met-d-S_HDL_CE_pct,rs1130640
10,0.0438035,met-d-S_HDL_CE_pct,rs17780834
11,-0.237048,met-d-S_HDL_CE_pct,rs144018203
11,-0.0493484,met-d-S_HDL_CE_pct,rs77728961
11,0.161697,met-d-S_HDL_CE_pct,rs964184
12,-0.0229865,met-d-S_HDL_CE_pct,rs918106
12,0.035154,met-d-S_HDL_CE_pct,rs7979473
15,0.0932179,met-d-S_HDL_CE_pct,rs117911817
15,0.0997623,met-d-S_HDL_CE_pct,rs10162642
15,-0.146364,met-d-S_HDL_CE_pct,rs139974673
15,-0.0326694,met-d-S_HDL_CE_pct,rs1037117
15,0.0969326,met-d-S_HDL_CE_pct,rs148579489
15,0.218674,met-d-S_HDL_CE_pct,rs261290
15,0.224788,met-d-S_HDL_CE_pct,rs473224
16,0.0356934,met-d-S_HDL_CE_pct,rs28465467
16,0.0274318,met-d-S_HDL_CE_pct,rs9923575
16,0.0321756,met-d-S_HDL_CE_pct,rs12448528
17,0.0250534,met-d-S_HDL_CE_pct,rs704
17,-0.0741613,met-d-S_HDL_CE_pct,rs72836561
18,-0.190257,met-d-S_HDL_CE_pct,rs77960347
18,-0.0511847,met-d-S_HDL_CE_pct,rs2156552
19,0.194229,met-d-S_HDL_CE_pct,rs116843064
19,-0.0823522,met-d-S_HDL_CE_pct,rs28807203
19,0.117898,met-d-S_HDL_CE_pct,rs147711004
19,-0.309972,met-d-S_HDL_CE_pct,rs1065853
19,0.0535953,met-d-S_HDL_CE_pct,rs201019550
20,0.0642129,met-d-S_HDL_CE_pct,rs6065904
