chr,beta,id,snp
1,-0.0300721,met-d-XL_HDL_L,rs6694102
1,0.026786,met-d-XL_HDL_L,rs2642438
1,-0.0224745,met-d-XL_HDL_L,rs6681348
1,-0.0298859,met-d-XL_HDL_L,rs59484402
1,-0.106757,met-d-XL_HDL_L,rs11591147
1,-0.0346382,met-d-XL_HDL_L,rs12740374
1,-0.0419644,met-d-XL_HDL_L,rs5082
2,-0.0360086,met-d-XL_HDL_L,rs2943654
2,-0.0442997,met-d-XL_HDL_L,rs114938914
2,-0.0511164,met-d-XL_HDL_L,rs34722314
2,0.0342861,met-d-XL_HDL_L,rs13389219
2,0.0241731,met-d-XL_HDL_L,rs59104589
2,0.0533562,met-d-XL_HDL_L,rs1260326
3,-0.0242949,met-d-XL_HDL_L,rs10935473
3,-0.150969,met-d-XL_HDL_L,rs147667955
3,-0.0295436,met-d-XL_HDL_L,rs57912727
3,-0.0400412,met-d-XL_HDL_L,rs9844972
4,-0.0535125,met-d-XL_HDL_L,rs13107325
4,0.0258248,met-d-XL_HDL_L,rs13108218
4,-0.0267686,met-d-XL_HDL_L,rs368166328
4,0.0268848,met-d-XL_HDL_L,rs4699716
4,-0.0218214,met-d-XL_HDL_L,rs13118477
5,0.0432718,met-d-XL_HDL_L,rs11429307
5,-0.0319935,met-d-XL_HDL_L,rs34359
6,-0.0519293,met-d-XL_HDL_L,rs115447786
6,-0.0199773,met-d-XL_HDL_L,rs151288714
6,-0.0322188,met-d-XL_HDL_L,rs998584
6,-0.051724,met-d-XL_HDL_L,rs191555775
6,-0.0245163,met-d-XL_HDL_L,rs4318902
6,-0.0252471,met-d-XL_HDL_L,rs2507993
6,0.0256958,met-d-XL_HDL_L,rs72934503
6,-0.0258426,met-d-XL_HDL_L,rs28366346
7,-0.0284554,met-d-XL_HDL_L,rs705379
7,0.0251768,met-d-XL_HDL_L,rs849336
7,-0.0200919,met-d-XL_HDL_L,rs236651
7,0.0793997,met-d-XL_HDL_L,rs34062580
7,-0.0392557,met-d-XL_HDL_L,rs111432585
7,-0.036578,met-d-XL_HDL_L,rs9769088
7,-0.0251779,met-d-XL_HDL_L,rs61462211
8,0.0969147,met-d-XL_HDL_L,rs145391587
8,0.0288991,met-d-XL_HDL_L,rs4841605
8,0.0377801,met-d-XL_HDL_L,rs1561748
8,0.0294636,met-d-XL_HDL_L,rs112875651
9,0.0440016,met-d-XL_HDL_L,rs1215112
9,-0.0311324,met-d-XL_HDL_L,rs2740488
9,-0.027974,met-d-XL_HDL_L,rs635634
10,-0.0322229,met-d-XL_HDL_L,rs2803619
10,0.0245861,met-d-XL_HDL_L,rs2242332
10,0.0234374,met-d-XL_HDL_L,rs7924036
10,-0.0214327,met-d-XL_HDL_L,rs2482826
10,0.0256597,met-d-XL_HDL_L,rs4418728
11,-0.0208522,met-d-XL_HDL_L,rs1580005
11,0.0889847,met-d-XL_HDL_L,rs964184
11,0.203939,met-d-XL_HDL_L,rs1047964
11,-0.0531725,met-d-XL_HDL_L,rs12294913
11,-0.0221235,met-d-XL_HDL_L,rs1177562
11,-0.0346257,met-d-XL_HDL_L,rs113012334
11,0.0937608,met-d-XL_HDL_L,rs35473591
12,-0.0382917,met-d-XL_HDL_L,rs921919
12,0.0272476,met-d-XL_HDL_L,rs12369443
12,0.0368308,met-d-XL_HDL_L,rs36226283
12,0.0247018,met-d-XL_HDL_L,rs10846606
12,0.020531,met-d-XL_HDL_L,rs653178
12,0.0262726,met-d-XL_HDL_L,rs3809113
12,0.0305711,met-d-XL_HDL_L,rs3922628
15,-0.166849,met-d-XL_HDL_L,rs261290
15,-0.0383081,met-d-XL_HDL_L,rs77732800
15,0.0807433,met-d-XL_HDL_L,rs6078
15,0.0205013,met-d-XL_HDL_L,rs6492964
15,0.133457,met-d-XL_HDL_L,rs633695
16,0.0343312,met-d-XL_HDL_L,rs1561139
16,0.031358,met-d-XL_HDL_L,rs2925979
16,0.175844,met-d-XL_HDL_L,rs3764261
16,-0.031571,met-d-XL_HDL_L,rs6498540
16,0.0704169,met-d-XL_HDL_L,rs8044652
16,-0.0281811,met-d-XL_HDL_L,rs289754
17,-0.0975035,met-d-XL_HDL_L,rs72836561
17,0.0292991,met-d-XL_HDL_L,rs2909211
17,0.0317057,met-d-XL_HDL_L,rs55714927
17,0.0208524,met-d-XL_HDL_L,rs4795386
18,0.126031,met-d-XL_HDL_L,rs77960347
18,0.0301023,met-d-XL_HDL_L,rs7241918
19,0.151065,met-d-XL_HDL_L,rs116843064
19,-0.171807,met-d-XL_HDL_L,rs1065853
19,-0.0371257,met-d-XL_HDL_L,rs117423069
19,0.0240318,met-d-XL_HDL_L,rs73045691
20,-0.0207773,met-d-XL_HDL_L,rs2618566
20,-0.0717994,met-d-XL_HDL_L,rs76070947
20,0.0273833,met-d-XL_HDL_L,rs3092498
20,-0.217167,met-d-XL_HDL_L,rs1057208
20,-0.0695912,met-d-XL_HDL_L,rs2024570
