chr,beta,id,snp
1,0.0415678,met-d-HDL_size,rs1546954
1,0.0270364,met-d-HDL_size,rs2642438
1,-0.0261735,met-d-HDL_size,rs9429767
1,-0.0331527,met-d-HDL_size,rs6694102
1,-0.023911,met-d-HDL_size,rs6681348
1,0.0246823,met-d-HDL_size,rs79094524
1,-0.032902,met-d-HDL_size,rs5082
1,-0.0737161,met-d-HDL_size,rs75460349
2,0.0379976,met-d-HDL_size,rs1260326
2,-0.0356777,met-d-HDL_size,rs1024137
2,0.0353796,met-d-HDL_size,rs13389219
2,0.0266152,met-d-HDL_size,rs59104589
2,-0.0189995,met-d-HDL_size,rs35135293
2,0.0493828,met-d-HDL_size,rs676210
3,-0.0850805,met-d-HDL_size,rs11922042
3,-0.0389121,met-d-HDL_size,rs9844972
3,-0.0229913,met-d-HDL_size,rs62276455
3,-0.0285394,met-d-HDL_size,rs57912727
4,-0.062546,met-d-HDL_size,rs13107325
4,-0.0289409,met-d-HDL_size,rs368166328
4,0.0197004,met-d-HDL_size,rs113075206
4,0.0257153,met-d-HDL_size,rs13108218
4,-0.0255386,met-d-HDL_size,rs1126671
4,-0.0215951,met-d-HDL_size,rs13118477
5,0.0228974,met-d-HDL_size,rs6864091
5,0.0199907,met-d-HDL_size,rs7730653
5,0.045181,met-d-HDL_size,rs11429307
6,-0.0593522,met-d-HDL_size,rs147627829
6,0.0255201,met-d-HDL_size,rs72934503
6,-0.027072,met-d-HDL_size,rs9265113
6,-0.0235369,met-d-HDL_size,rs13191810
6,-0.0431171,met-d-HDL_size,rs36037051
6,-0.0342976,met-d-HDL_size,rs998584
6,-0.0281778,met-d-HDL_size,rs10457487
6,-0.0441272,met-d-HDL_size,rs191555775
7,0.0657036,met-d-HDL_size,rs34060476
7,-0.030441,met-d-HDL_size,rs7810507
7,-0.0257234,met-d-HDL_size,rs6465679
7,-0.0352633,met-d-HDL_size,rs35067568
7,-0.0346653,met-d-HDL_size,rs62433138
7,-0.0296182,met-d-HDL_size,rs705379
7,-0.0523582,met-d-HDL_size,rs72555385
8,0.0338258,met-d-HDL_size,rs112875651
8,0.0262279,met-d-HDL_size,rs7012814
8,0.0431003,met-d-HDL_size,rs1561748
8,0.0275187,met-d-HDL_size,rs2737205
8,-0.0290864,met-d-HDL_size,rs11434143
8,0.111364,met-d-HDL_size,rs145391587
9,-0.0330916,met-d-HDL_size,rs635634
9,0.0237415,met-d-HDL_size,rs10756794
9,0.0480393,met-d-HDL_size,rs686030
9,0.0371698,met-d-HDL_size,rs11789603
9,-0.0339149,met-d-HDL_size,rs2740488
9,0.0307501,met-d-HDL_size,rs2066714
10,-0.0347145,met-d-HDL_size,rs2803619
10,0.0196625,met-d-HDL_size,rs7924036
10,0.0294122,met-d-HDL_size,rs61854123
10,0.0259264,met-d-HDL_size,rs4418728
10,-0.0306563,met-d-HDL_size,rs60847460
11,0.0731909,met-d-HDL_size,rs35473591
11,-0.0361609,met-d-HDL_size,rs10899133
11,0.211097,met-d-HDL_size,rs1047964
11,-0.0373505,met-d-HDL_size,rs78689694
11,0.0828296,met-d-HDL_size,rs964184
11,-0.0224595,met-d-HDL_size,rs1177562
11,-0.0373322,met-d-HDL_size,rs200644264
11,0.0343376,met-d-HDL_size,rs10769254
11,0.0442675,met-d-HDL_size,rs2253398
12,0.0254421,met-d-HDL_size,rs7308864
12,-0.0408513,met-d-HDL_size,rs838876
12,-0.0619215,met-d-HDL_size,rs61941676
12,0.0216663,met-d-HDL_size,rs837500
12,0.0257895,met-d-HDL_size,rs11045171
12,0.026507,met-d-HDL_size,rs3809113
12,-0.0341224,met-d-HDL_size,rs825510
12,0.0243162,met-d-HDL_size,rs7488780
12,0.0240053,met-d-HDL_size,rs3999421
15,-0.101542,met-d-HDL_size,rs12914626
15,0.0432787,met-d-HDL_size,rs6082
15,-0.0563892,met-d-HDL_size,rs138296332
15,0.0199467,met-d-HDL_size,rs7175905
15,0.176599,met-d-HDL_size,rs261291
15,-0.0770679,met-d-HDL_size,rs1560390
15,0.0349553,met-d-HDL_size,rs187776
15,-0.0621586,met-d-HDL_size,rs55707100
16,-0.127763,met-d-HDL_size,rs117738782
16,-0.0747216,met-d-HDL_size,rs75714888
16,0.199509,met-d-HDL_size,rs821840
16,-0.126212,met-d-HDL_size,rs75911530
16,0.0327997,met-d-HDL_size,rs2925979
16,0.0223309,met-d-HDL_size,rs141920044
16,-0.0301953,met-d-HDL_size,rs6498540
16,-0.0733172,met-d-HDL_size,rs4986970
16,0.071529,met-d-HDL_size,rs55779455
17,-0.0272008,met-d-HDL_size,rs2696455
17,0.032541,met-d-HDL_size,rs1006656
17,-0.118225,met-d-HDL_size,rs72836561
17,0.0358449,met-d-HDL_size,rs55714927
18,0.0593387,met-d-HDL_size,rs1943973
19,0.156937,met-d-HDL_size,rs116843064
19,0.039146,met-d-HDL_size,rs5167
19,-0.0374261,met-d-HDL_size,rs12721046
19,-0.0470633,met-d-HDL_size,rs737337
19,0.0444117,met-d-HDL_size,rs58542926
19,0.0212655,met-d-HDL_size,rs4806173
20,-0.0636088,met-d-HDL_size,rs76070947
20,-0.0604603,met-d-HDL_size,rs1569721
20,-0.19559,met-d-HDL_size,rs1057208
20,0.0260248,met-d-HDL_size,rs3092498
