chr,beta,id,snp
1,-0.0342485,met-d-XL_VLDL_P,rs72986845
1,-0.0778131,met-d-XL_VLDL_P,rs74910819
1,0.0741196,met-d-XL_VLDL_P,rs79439217
1,0.108407,met-d-XL_VLDL_P,rs79598313
1,-0.0452527,met-d-XL_VLDL_P,rs1546954
2,-0.0249595,met-d-XL_VLDL_P,rs60960031
2,0.0655352,met-d-XL_VLDL_P,rs78058190
2,0.039807,met-d-XL_VLDL_P,rs2972140
2,-0.0996573,met-d-XL_VLDL_P,rs676210
2,-0.0237319,met-d-XL_VLDL_P,rs11903847
2,-0.0918114,met-d-XL_VLDL_P,rs1260326
2,-0.0505583,met-d-XL_VLDL_P,rs13389219
3,0.0357098,met-d-XL_VLDL_P,rs684773
3,-0.0350522,met-d-XL_VLDL_P,rs9968117
3,0.0421949,met-d-XL_VLDL_P,rs9844972
4,-0.0270499,met-d-XL_VLDL_P,rs4491981
4,-0.0348559,met-d-XL_VLDL_P,rs13108218
4,0.0321313,met-d-XL_VLDL_P,rs1471251
4,0.0229474,met-d-XL_VLDL_P,rs4698315
5,-0.0573612,met-d-XL_VLDL_P,rs11429307
5,-0.0271087,met-d-XL_VLDL_P,rs13186403
5,0.0364597,met-d-XL_VLDL_P,rs4704834
6,0.0252576,met-d-XL_VLDL_P,rs1130580
6,0.0418408,met-d-XL_VLDL_P,rs13191810
6,0.0590223,met-d-XL_VLDL_P,rs111909590
6,0.0330773,met-d-XL_VLDL_P,rs998584
6,-0.179937,met-d-XL_VLDL_P,rs10455872
6,-0.036105,met-d-XL_VLDL_P,rs632057
6,0.0357383,met-d-XL_VLDL_P,rs73732214
6,-0.299669,met-d-XL_VLDL_P,rs117733303
6,-0.0996348,met-d-XL_VLDL_P,rs73596816
6,0.0336041,met-d-XL_VLDL_P,rs2186037
7,-0.0277441,met-d-XL_VLDL_P,rs56001710
7,0.0337392,met-d-XL_VLDL_P,rs11976955
7,-0.115362,met-d-XL_VLDL_P,rs13234131
7,0.0711102,met-d-XL_VLDL_P,rs72555385
8,0.0321478,met-d-XL_VLDL_P,rs13265201
8,-0.0646124,met-d-XL_VLDL_P,rs1561748
8,-0.191333,met-d-XL_VLDL_P,rs328
8,-0.0250818,met-d-XL_VLDL_P,rs2081687
8,-0.0236226,met-d-XL_VLDL_P,rs59296513
8,-0.0837715,met-d-XL_VLDL_P,rs28601761
8,0.0337298,met-d-XL_VLDL_P,rs3860847
10,-0.0347669,met-d-XL_VLDL_P,rs10761716
10,0.0228492,met-d-XL_VLDL_P,rs201289443
10,-0.027401,met-d-XL_VLDL_P,rs2478236
11,0.0539937,met-d-XL_VLDL_P,rs12294913
11,0.268739,met-d-XL_VLDL_P,rs144018203
11,0.0532672,met-d-XL_VLDL_P,rs174553
11,-0.211255,met-d-XL_VLDL_P,rs964184
11,0.0242999,met-d-XL_VLDL_P,rs883863
11,-0.25014,met-d-XL_VLDL_P,rs1047964
12,-0.031034,met-d-XL_VLDL_P,rs4760254
12,-0.03258,met-d-XL_VLDL_P,rs7133378
12,-0.0860294,met-d-XL_VLDL_P,rs76895963
13,0.0271843,met-d-XL_VLDL_P,rs7140110
13,0.0223389,met-d-XL_VLDL_P,rs2275647
15,0.133136,met-d-XL_VLDL_P,rs150844304
16,-0.0230543,met-d-XL_VLDL_P,rs11644601
16,-0.0675276,met-d-XL_VLDL_P,rs247616
16,0.0436511,met-d-XL_VLDL_P,rs34682685
16,-0.0341095,met-d-XL_VLDL_P,rs2925979
17,0.0529535,met-d-XL_VLDL_P,rs9889584
17,0.0499568,met-d-XL_VLDL_P,rs75634664
17,0.121451,met-d-XL_VLDL_P,rs72836561
17,-0.0919525,met-d-XL_VLDL_P,rs1801689
19,0.0783119,met-d-XL_VLDL_P,rs5112
19,-0.233219,met-d-XL_VLDL_P,rs116843064
19,-0.0537638,met-d-XL_VLDL_P,rs62117489
19,-0.109504,met-d-XL_VLDL_P,rs58542926
19,0.0457131,met-d-XL_VLDL_P,rs483082
19,-0.105762,met-d-XL_VLDL_P,rs187429064
20,0.0548447,met-d-XL_VLDL_P,rs7679
20,-0.0246603,met-d-XL_VLDL_P,rs2092479
