chr,beta,id,snp
1,0.0826292,met-d-XXL_VLDL_C,rs79439217
1,0.0424784,met-d-XXL_VLDL_C,rs59484402
1,0.0952705,met-d-XXL_VLDL_C,rs79598313
2,0.0382321,met-d-XXL_VLDL_C,rs2943635
2,-0.0895711,met-d-XXL_VLDL_C,rs1260326
2,-0.102271,met-d-XXL_VLDL_C,rs676210
2,-0.0501338,met-d-XXL_VLDL_C,rs13389219
3,0.0400472,met-d-XXL_VLDL_C,rs9844972
3,0.0383705,met-d-XXL_VLDL_C,rs684773
4,-0.0305064,met-d-XXL_VLDL_C,rs13108218
4,0.0340671,met-d-XXL_VLDL_C,rs1471251
4,-0.0270247,met-d-XXL_VLDL_C,rs4491981
4,0.0223679,met-d-XXL_VLDL_C,rs3857142
4,-0.0393102,met-d-XXL_VLDL_C,rs2035816
5,0.0380232,met-d-XXL_VLDL_C,rs4704834
5,-0.0269317,met-d-XXL_VLDL_C,rs13186403
5,-0.0541132,met-d-XXL_VLDL_C,rs11429307
6,0.0545224,met-d-XXL_VLDL_C,rs111909590
6,-0.101516,met-d-XXL_VLDL_C,rs146534110
6,-0.225925,met-d-XXL_VLDL_C,rs10455872
6,0.0266072,met-d-XXL_VLDL_C,rs28752924
6,-0.0339142,met-d-XXL_VLDL_C,rs632057
6,-0.0418255,met-d-XXL_VLDL_C,rs3127580
6,-0.353402,met-d-XXL_VLDL_C,rs117733303
6,0.0359451,met-d-XXL_VLDL_C,rs28383314
6,0.0299393,met-d-XXL_VLDL_C,rs2186037
6,-0.0879231,met-d-XXL_VLDL_C,rs184089815
6,-0.112635,met-d-XXL_VLDL_C,rs73596816
6,0.0703887,met-d-XXL_VLDL_C,rs74434374
6,0.0260805,met-d-XXL_VLDL_C,rs998584
7,-0.110567,met-d-XXL_VLDL_C,rs34060476
7,0.0672603,met-d-XXL_VLDL_C,rs72555385
7,-0.0299428,met-d-XXL_VLDL_C,rs56001710
7,0.0280193,met-d-XXL_VLDL_C,rs6971365
8,0.0338662,met-d-XXL_VLDL_C,rs13265201
8,-0.0646575,met-d-XXL_VLDL_C,rs1561748
8,-0.191783,met-d-XXL_VLDL_C,rs328
8,-0.0816408,met-d-XXL_VLDL_C,rs28601761
8,0.0334048,met-d-XXL_VLDL_C,rs3860847
8,-0.0241509,met-d-XXL_VLDL_C,rs2081687
10,-0.0355369,met-d-XXL_VLDL_C,rs10761752
10,-0.025953,met-d-XXL_VLDL_C,rs835273
11,-0.0259329,met-d-XXL_VLDL_C,rs112396965
11,0.0716493,met-d-XXL_VLDL_C,rs174580
11,-0.0223596,met-d-XXL_VLDL_C,rs11228377
11,0.278334,met-d-XXL_VLDL_C,rs144018203
11,0.039303,met-d-XXL_VLDL_C,rs2302263
11,-0.21434,met-d-XXL_VLDL_C,rs964184
11,-0.267914,met-d-XXL_VLDL_C,rs1047964
12,-0.0295918,met-d-XXL_VLDL_C,rs2122982
12,-0.0276952,met-d-XXL_VLDL_C,rs7133378
13,0.0289124,met-d-XXL_VLDL_C,rs2275647
13,0.0290187,met-d-XXL_VLDL_C,rs7140110
15,0.134892,met-d-XXL_VLDL_C,rs139974673
16,-0.0291066,met-d-XXL_VLDL_C,rs11644601
16,-0.030459,met-d-XXL_VLDL_C,rs2925979
16,-0.0579688,met-d-XXL_VLDL_C,rs247616
16,-0.0285049,met-d-XXL_VLDL_C,rs34417180
17,0.051497,met-d-XXL_VLDL_C,rs11651280
17,0.115463,met-d-XXL_VLDL_C,rs72836561
17,-0.100753,met-d-XXL_VLDL_C,rs1801689
19,-0.0969879,met-d-XXL_VLDL_C,rs8107974
19,-0.054465,met-d-XXL_VLDL_C,rs57192995
19,0.0439021,met-d-XXL_VLDL_C,rs56290633
19,0.024455,met-d-XXL_VLDL_C,rs11878597
19,-0.227265,met-d-XXL_VLDL_C,rs116843064
19,-0.105015,met-d-XXL_VLDL_C,rs182611493
19,0.177281,met-d-XXL_VLDL_C,rs1065853
20,0.0775408,met-d-XXL_VLDL_C,rs1883711
20,-0.0252968,met-d-XXL_VLDL_C,rs4810479
