chr,beta,id,snp
1,-0.0252327,met-d-XL_VLDL_TG_pct,rs693668
1,0.0243413,met-d-XL_VLDL_TG_pct,rs59484402
1,0.0274792,met-d-XL_VLDL_TG_pct,rs7534572
1,-0.0581627,met-d-XL_VLDL_TG_pct,rs660240
1,0.0252941,met-d-XL_VLDL_TG_pct,rs59784135
1,0.248023,met-d-XL_VLDL_TG_pct,rs11591147
1,0.0266543,met-d-XL_VLDL_TG_pct,rs140584594
2,-0.0507451,met-d-XL_VLDL_TG_pct,rs934197
2,-0.0721477,met-d-XL_VLDL_TG_pct,rs1260326
2,0.0576807,met-d-XL_VLDL_TG_pct,rs4507142
2,0.0302445,met-d-XL_VLDL_TG_pct,rs11394662
2,-0.0276556,met-d-XL_VLDL_TG_pct,rs11688682
2,-0.0384951,met-d-XL_VLDL_TG_pct,rs13423088
5,0.035465,met-d-XL_VLDL_TG_pct,rs40270
5,-0.0382416,met-d-XL_VLDL_TG_pct,rs79225634
5,0.0330543,met-d-XL_VLDL_TG_pct,rs13179413
5,-0.0268084,met-d-XL_VLDL_TG_pct,rs7707394
6,0.0393354,met-d-XL_VLDL_TG_pct,rs3129774
6,-0.121517,met-d-XL_VLDL_TG_pct,rs146534110
6,-0.100781,met-d-XL_VLDL_TG_pct,rs73596816
6,0.0603507,met-d-XL_VLDL_TG_pct,rs1247304
6,0.0272289,met-d-XL_VLDL_TG_pct,rs1885659
6,-0.053878,met-d-XL_VLDL_TG_pct,rs3127580
6,-0.262436,met-d-XL_VLDL_TG_pct,rs117733303
6,0.0214596,met-d-XL_VLDL_TG_pct,rs1936807
6,-0.202275,met-d-XL_VLDL_TG_pct,rs10455872
7,-0.0245496,met-d-XL_VLDL_TG_pct,rs849327
7,-0.0468766,met-d-XL_VLDL_TG_pct,rs4722551
7,0.0540262,met-d-XL_VLDL_TG_pct,rs28454618
7,-0.0209824,met-d-XL_VLDL_TG_pct,rs1195221
7,-0.102987,met-d-XL_VLDL_TG_pct,rs34062580
7,0.029577,met-d-XL_VLDL_TG_pct,rs9769088
8,0.0348443,met-d-XL_VLDL_TG_pct,rs2572431
8,-0.0989926,met-d-XL_VLDL_TG_pct,rs12679834
8,-0.0356593,met-d-XL_VLDL_TG_pct,rs4336630
9,0.0258613,met-d-XL_VLDL_TG_pct,rs57994353
9,-0.0692464,met-d-XL_VLDL_TG_pct,rs2519093
10,-0.036245,met-d-XL_VLDL_TG_pct,rs6479896
10,0.0402035,met-d-XL_VLDL_TG_pct,rs7091593
11,0.0601357,met-d-XL_VLDL_TG_pct,rs174537
11,-0.128674,met-d-XL_VLDL_TG_pct,rs1047964
11,-0.108248,met-d-XL_VLDL_TG_pct,rs964184
11,0.15562,met-d-XL_VLDL_TG_pct,rs144018203
11,0.049282,met-d-XL_VLDL_TG_pct,rs11231721
11,0.028749,met-d-XL_VLDL_TG_pct,rs10750766
12,-0.041658,met-d-XL_VLDL_TG_pct,rs12426505
15,-0.077028,met-d-XL_VLDL_TG_pct,rs1077834
15,0.0590066,met-d-XL_VLDL_TG_pct,rs1532085
15,0.097735,met-d-XL_VLDL_TG_pct,rs150844304
16,0.097721,met-d-XL_VLDL_TG_pct,rs183130
16,0.0282312,met-d-XL_VLDL_TG_pct,rs8059755
16,-0.0274237,met-d-XL_VLDL_TG_pct,rs2925979
17,0.0849983,met-d-XL_VLDL_TG_pct,rs72836561
17,-0.14033,met-d-XL_VLDL_TG_pct,rs1801689
17,-0.144096,met-d-XL_VLDL_TG_pct,rs77542162
17,-0.0262447,met-d-XL_VLDL_TG_pct,rs149460787
19,-0.10817,met-d-XL_VLDL_TG_pct,rs147711004
19,0.0322395,met-d-XL_VLDL_TG_pct,rs8103923
19,0.100761,met-d-XL_VLDL_TG_pct,rs12151108
19,0.0761473,met-d-XL_VLDL_TG_pct,rs28807203
19,-0.0301296,met-d-XL_VLDL_TG_pct,rs7187
19,0.279574,met-d-XL_VLDL_TG_pct,rs1065853
20,0.0231764,met-d-XL_VLDL_TG_pct,rs310631
20,0.0282112,met-d-XL_VLDL_TG_pct,rs2618566
20,0.0398596,met-d-XL_VLDL_TG_pct,rs6073966
22,-0.0280524,met-d-XL_VLDL_TG_pct,rs2294922
