chr,beta,id,snp
1,0.0407985,met-d-XXL_VLDL_P,rs59484402
1,0.0983829,met-d-XXL_VLDL_P,rs79598313
1,0.0773366,met-d-XXL_VLDL_P,rs79439217
1,-0.0773635,met-d-XXL_VLDL_P,rs74910819
2,-0.0506813,met-d-XXL_VLDL_P,rs13389219
2,0.0282788,met-d-XXL_VLDL_P,rs6542680
2,-0.0862494,met-d-XXL_VLDL_P,rs1260326
2,-0.0870877,met-d-XXL_VLDL_P,rs676210
2,0.0407163,met-d-XXL_VLDL_P,rs2943635
3,0.0370459,met-d-XXL_VLDL_P,rs895893
3,0.0409447,met-d-XXL_VLDL_P,rs9844972
4,0.0330129,met-d-XXL_VLDL_P,rs1471251
4,-0.0295222,met-d-XXL_VLDL_P,rs13108218
4,-0.0258852,met-d-XXL_VLDL_P,rs4491981
5,-0.0546273,met-d-XXL_VLDL_P,rs11429307
5,0.0353624,met-d-XXL_VLDL_P,rs4704834
6,-0.0335348,met-d-XXL_VLDL_P,rs632057
6,0.0950329,met-d-XXL_VLDL_P,rs147858094
6,-0.370319,met-d-XXL_VLDL_P,rs117733303
6,0.0361481,met-d-XXL_VLDL_P,rs73732214
6,0.050999,met-d-XXL_VLDL_P,rs111909590
6,-0.118183,met-d-XXL_VLDL_P,rs146534110
6,0.0358103,met-d-XXL_VLDL_P,rs13191810
6,0.0265201,met-d-XXL_VLDL_P,rs998584
6,-0.0510058,met-d-XXL_VLDL_P,rs3127580
6,0.0796975,met-d-XXL_VLDL_P,rs117857195
6,0.0292708,met-d-XXL_VLDL_P,rs2186037
6,-0.242907,met-d-XXL_VLDL_P,rs10455872
6,-0.0905782,met-d-XXL_VLDL_P,rs184089815
6,-0.122926,met-d-XXL_VLDL_P,rs73596816
7,-0.108641,met-d-XXL_VLDL_P,rs3812316
7,-0.0312893,met-d-XXL_VLDL_P,rs56001710
7,0.0632259,met-d-XXL_VLDL_P,rs72555385
7,0.029379,met-d-XXL_VLDL_P,rs6971365
8,-0.0633553,met-d-XXL_VLDL_P,rs1561748
8,-0.0772465,met-d-XXL_VLDL_P,rs28601761
8,0.0291725,met-d-XXL_VLDL_P,rs4646246
8,0.033485,met-d-XXL_VLDL_P,rs3860847
8,0.0334583,met-d-XXL_VLDL_P,rs752446
8,-0.184999,met-d-XXL_VLDL_P,rs328
10,-0.0250249,met-d-XXL_VLDL_P,rs835273
10,-0.0364183,met-d-XXL_VLDL_P,rs10761752
11,0.0420958,met-d-XXL_VLDL_P,rs2302263
11,-0.202889,met-d-XXL_VLDL_P,rs964184
11,0.27347,met-d-XXL_VLDL_P,rs144018203
11,0.0661563,met-d-XXL_VLDL_P,rs174580
11,-0.0274308,met-d-XXL_VLDL_P,rs112396965
11,0.023142,met-d-XXL_VLDL_P,rs10750766
11,-0.253086,met-d-XXL_VLDL_P,rs1047964
12,0.0227784,met-d-XXL_VLDL_P,rs4766602
12,-0.0271576,met-d-XXL_VLDL_P,rs2122982
12,-0.0253389,met-d-XXL_VLDL_P,rs7133378
13,0.028232,met-d-XXL_VLDL_P,rs2275647
13,0.0279073,met-d-XXL_VLDL_P,rs7140110
15,0.133786,met-d-XXL_VLDL_P,rs139974673
16,-0.0281226,met-d-XXL_VLDL_P,rs11644601
16,-0.0385923,met-d-XXL_VLDL_P,rs247616
16,-0.0306022,met-d-XXL_VLDL_P,rs34417180
16,-0.0310848,met-d-XXL_VLDL_P,rs2925979
17,-0.1153,met-d-XXL_VLDL_P,rs1801689
17,0.04823,met-d-XXL_VLDL_P,rs11651280
17,0.109922,met-d-XXL_VLDL_P,rs72836561
19,-0.222968,met-d-XXL_VLDL_P,rs116843064
19,-0.0534839,met-d-XXL_VLDL_P,rs62117489
19,-0.09048,met-d-XXL_VLDL_P,rs8107974
19,0.0412908,met-d-XXL_VLDL_P,rs56290633
19,0.167405,met-d-XXL_VLDL_P,rs1065853
19,0.0232136,met-d-XXL_VLDL_P,rs11878597
20,0.0682771,met-d-XXL_VLDL_P,rs1883711
