chr,beta,id,snp
1,0.232522,met-d-L_VLDL_TG_pct,rs11591147
1,0.0571042,met-d-L_VLDL_TG_pct,rs7528419
1,-0.0684973,met-d-L_VLDL_TG_pct,rs11206517
1,-0.030759,met-d-L_VLDL_TG_pct,rs17447211
1,0.0281533,met-d-L_VLDL_TG_pct,rs140584594
2,0.0622155,met-d-L_VLDL_TG_pct,rs114938914
2,-0.0741412,met-d-L_VLDL_TG_pct,rs934197
3,0.0405975,met-d-L_VLDL_TG_pct,rs7650071
4,0.0251969,met-d-L_VLDL_TG_pct,rs11736932
5,-0.03304,met-d-L_VLDL_TG_pct,rs13358429
6,-0.0328272,met-d-L_VLDL_TG_pct,rs72845719
6,0.0376611,met-d-L_VLDL_TG_pct,rs9272633
6,-0.051806,met-d-L_VLDL_TG_pct,rs3127580
6,-0.0712196,met-d-L_VLDL_TG_pct,rs73596816
6,-0.133031,met-d-L_VLDL_TG_pct,rs10455872
6,-0.130248,met-d-L_VLDL_TG_pct,rs117733303
7,-0.024882,met-d-L_VLDL_TG_pct,rs2726111
7,0.0287531,met-d-L_VLDL_TG_pct,rs3808351
8,0.0357917,met-d-L_VLDL_TG_pct,rs112875651
8,0.03155,met-d-L_VLDL_TG_pct,rs13702
8,0.0473272,met-d-L_VLDL_TG_pct,rs4240624
9,-0.0800716,met-d-L_VLDL_TG_pct,rs2519093
9,0.0406513,met-d-L_VLDL_TG_pct,rs1215112
9,0.0756261,met-d-L_VLDL_TG_pct,rs2066718
10,0.0449292,met-d-L_VLDL_TG_pct,rs72823013
11,-0.0745089,met-d-L_VLDL_TG_pct,rs112771035
11,0.135672,met-d-L_VLDL_TG_pct,rs1047964
11,0.0280419,met-d-L_VLDL_TG_pct,rs11550299
11,0.0290848,met-d-L_VLDL_TG_pct,rs4752973
11,-0.0459721,met-d-L_VLDL_TG_pct,rs11601507
12,-0.0240774,met-d-L_VLDL_TG_pct,rs838876
12,-0.0243463,met-d-L_VLDL_TG_pct,rs2264778
14,-0.105715,met-d-L_VLDL_TG_pct,rs28929474
15,-0.0477628,met-d-L_VLDL_TG_pct,rs34433629
15,0.0256674,met-d-L_VLDL_TG_pct,rs12899324
15,0.091185,met-d-L_VLDL_TG_pct,rs12914626
15,-0.144531,met-d-L_VLDL_TG_pct,rs7350789
16,0.0350131,met-d-L_VLDL_TG_pct,rs9302635
16,-0.030157,met-d-L_VLDL_TG_pct,rs200125675
16,0.208772,met-d-L_VLDL_TG_pct,rs183130
16,-0.178321,met-d-L_VLDL_TG_pct,rs117738782
16,-0.141396,met-d-L_VLDL_TG_pct,rs75911530
16,0.040641,met-d-L_VLDL_TG_pct,rs3785100
16,0.0950823,met-d-L_VLDL_TG_pct,rs138856939
17,-0.137191,met-d-L_VLDL_TG_pct,rs1801689
17,0.0292186,met-d-L_VLDL_TG_pct,rs5821690
17,-0.0233418,met-d-L_VLDL_TG_pct,rs41425046
17,0.0282055,met-d-L_VLDL_TG_pct,rs3809868
17,0.0268915,met-d-L_VLDL_TG_pct,rs200938405
17,-0.159527,met-d-L_VLDL_TG_pct,rs77542162
19,0.0286373,met-d-L_VLDL_TG_pct,rs2376867
19,0.0455157,met-d-L_VLDL_TG_pct,rs115785198
19,0.108463,met-d-L_VLDL_TG_pct,rs12151108
19,-0.0780582,met-d-L_VLDL_TG_pct,rs429358
19,0.0374734,met-d-L_VLDL_TG_pct,rs199956232
19,-0.0313662,met-d-L_VLDL_TG_pct,rs2569550
20,0.0210952,met-d-L_VLDL_TG_pct,rs310631
20,-0.0537506,met-d-L_VLDL_TG_pct,rs6073958
20,-0.0252154,met-d-L_VLDL_TG_pct,rs2223745
22,-0.0368455,met-d-L_VLDL_TG_pct,rs3747207
