chr,beta,id,snp
1,0.0358282,met-d-L_VLDL_P,rs599839
1,0.107383,met-d-L_VLDL_P,rs79598313
1,0.0754688,met-d-L_VLDL_P,rs79439217
1,-0.0448769,met-d-L_VLDL_P,rs10864726
2,-0.108106,met-d-L_VLDL_P,rs676210
2,-0.0280228,met-d-L_VLDL_P,rs1510606
2,-0.0910183,met-d-L_VLDL_P,rs1260326
2,-0.0491328,met-d-L_VLDL_P,rs13389219
2,0.0603488,met-d-L_VLDL_P,rs78058190
2,0.0374118,met-d-L_VLDL_P,rs2943640
3,-0.0363906,met-d-L_VLDL_P,rs9968117
3,0.0344646,met-d-L_VLDL_P,rs684773
4,0.0237208,met-d-L_VLDL_P,rs1823949
4,-0.0372623,met-d-L_VLDL_P,rs13108218
4,-0.0265874,met-d-L_VLDL_P,rs4491981
4,0.0309718,met-d-L_VLDL_P,rs1471251
5,-0.0220423,met-d-L_VLDL_P,rs37538
5,0.0389449,met-d-L_VLDL_P,rs4704834
5,0.0236525,met-d-L_VLDL_P,rs12916
5,-0.0554453,met-d-L_VLDL_P,rs11429307
6,0.0354687,met-d-L_VLDL_P,rs73732214
6,0.0337785,met-d-L_VLDL_P,rs2186037
6,-0.161501,met-d-L_VLDL_P,rs10455872
6,0.0433846,met-d-L_VLDL_P,rs13191810
6,0.0604022,met-d-L_VLDL_P,rs111909590
6,-0.090019,met-d-L_VLDL_P,rs73596816
6,0.0330407,met-d-L_VLDL_P,rs998584
6,-0.0358212,met-d-L_VLDL_P,rs632057
6,-0.284571,met-d-L_VLDL_P,rs117733303
7,-0.025898,met-d-L_VLDL_P,rs56001710
7,-0.0964877,met-d-L_VLDL_P,rs55747707
7,0.033648,met-d-L_VLDL_P,rs11976955
7,0.0918942,met-d-L_VLDL_P,rs42125
8,-0.0638261,met-d-L_VLDL_P,rs1561748
8,-0.0241677,met-d-L_VLDL_P,rs59296513
8,0.0326191,met-d-L_VLDL_P,rs3860847
8,0.0328555,met-d-L_VLDL_P,rs13265201
8,-0.0834563,met-d-L_VLDL_P,rs28601761
8,-0.191648,met-d-L_VLDL_P,rs328
8,-0.0262354,met-d-L_VLDL_P,rs2081687
10,-0.0345514,met-d-L_VLDL_P,rs10761716
10,0.0224548,met-d-L_VLDL_P,rs201289443
10,-0.0270013,met-d-L_VLDL_P,rs2478236
11,0.0496206,met-d-L_VLDL_P,rs11231694
11,0.0244488,met-d-L_VLDL_P,rs883863
11,-0.23787,met-d-L_VLDL_P,rs1047964
11,0.277981,met-d-L_VLDL_P,rs141469619
11,0.0420431,met-d-L_VLDL_P,rs174580
11,-0.213607,met-d-L_VLDL_P,rs964184
12,-0.0854775,met-d-L_VLDL_P,rs76895963
12,-0.0311858,met-d-L_VLDL_P,rs4760254
12,-0.0334114,met-d-L_VLDL_P,rs7133378
13,0.0279274,met-d-L_VLDL_P,rs7140110
15,0.130472,met-d-L_VLDL_P,rs150844304
16,-0.0634648,met-d-L_VLDL_P,rs247616
16,-0.033425,met-d-L_VLDL_P,rs2925979
16,0.0448668,met-d-L_VLDL_P,rs34682685
17,0.125063,met-d-L_VLDL_P,rs72836561
17,0.0534215,met-d-L_VLDL_P,rs9910747
17,0.049245,met-d-L_VLDL_P,rs75634664
17,-0.0846244,met-d-L_VLDL_P,rs1801689
19,-0.230903,met-d-L_VLDL_P,rs116843064
19,-0.0545746,met-d-L_VLDL_P,rs57192995
19,-0.0412192,met-d-L_VLDL_P,rs73015034
19,-0.119555,met-d-L_VLDL_P,rs58542926
19,0.0790656,met-d-L_VLDL_P,rs5112
19,0.0495157,met-d-L_VLDL_P,rs157592
20,-0.0256907,met-d-L_VLDL_P,rs2092479
20,0.0520251,met-d-L_VLDL_P,rs7679
