chr,beta,id,snp
1,-0.0371438,met-d-M_LDL_FC_pct,rs59484402
1,-0.0906177,met-d-M_LDL_FC_pct,rs79598313
1,-0.0305333,met-d-M_LDL_FC_pct,rs12740374
1,-0.0289017,met-d-M_LDL_FC_pct,rs67408364
1,-0.0305172,met-d-M_LDL_FC_pct,rs12747505
1,-0.0757767,met-d-M_LDL_FC_pct,rs79439217
2,0.0913178,met-d-M_LDL_FC_pct,rs1260326
2,-0.102031,met-d-M_LDL_FC_pct,rs2678379
2,-0.0453677,met-d-M_LDL_FC_pct,rs2943650
2,0.048629,met-d-M_LDL_FC_pct,rs13389219
2,-0.081893,met-d-M_LDL_FC_pct,rs78058190
3,-0.0324146,met-d-M_LDL_FC_pct,rs55815124
3,-0.043573,met-d-M_LDL_FC_pct,rs62271373
3,-0.0408,met-d-M_LDL_FC_pct,rs684773
4,0.0431551,met-d-M_LDL_FC_pct,rs2035816
4,0.0266188,met-d-M_LDL_FC_pct,rs13108218
4,-0.0334239,met-d-M_LDL_FC_pct,rs1471251
5,-0.0240416,met-d-M_LDL_FC_pct,rs151889
5,-0.0256063,met-d-M_LDL_FC_pct,rs4704834
5,0.0537336,met-d-M_LDL_FC_pct,rs11429307
5,0.0236386,met-d-M_LDL_FC_pct,rs1316753
6,0.169091,met-d-M_LDL_FC_pct,rs10455872
6,-0.0635275,met-d-M_LDL_FC_pct,rs72959041
6,-0.0381807,met-d-M_LDL_FC_pct,rs28383314
6,-0.0684649,met-d-M_LDL_FC_pct,rs12212146
6,0.0341519,met-d-M_LDL_FC_pct,rs632057
6,-0.0701674,met-d-M_LDL_FC_pct,rs74434374
6,-0.0268906,met-d-M_LDL_FC_pct,rs28752924
6,0.264937,met-d-M_LDL_FC_pct,rs117733303
6,-0.0285557,met-d-M_LDL_FC_pct,rs998584
6,-0.02155,met-d-M_LDL_FC_pct,rs55964643
7,0.122874,met-d-M_LDL_FC_pct,rs34060476
7,0.0470734,met-d-M_LDL_FC_pct,rs4722551
7,-0.0639,met-d-M_LDL_FC_pct,rs72555385
7,-0.0269953,met-d-M_LDL_FC_pct,rs6971365
7,-0.0316569,met-d-M_LDL_FC_pct,rs2070971
7,0.0241903,met-d-M_LDL_FC_pct,rs56287412
7,0.0229153,met-d-M_LDL_FC_pct,rs35163364
8,0.0742007,met-d-M_LDL_FC_pct,rs1561748
8,0.204129,met-d-M_LDL_FC_pct,rs328
8,0.0738698,met-d-M_LDL_FC_pct,rs28601761
8,0.0338209,met-d-M_LDL_FC_pct,rs3789849
8,-0.0375652,met-d-M_LDL_FC_pct,rs7005453
8,-0.0322841,met-d-M_LDL_FC_pct,rs13266992
8,-0.0444799,met-d-M_LDL_FC_pct,rs71205961
9,-0.0228723,met-d-M_LDL_FC_pct,rs3215882
10,0.037519,met-d-M_LDL_FC_pct,rs10786114
10,0.0392315,met-d-M_LDL_FC_pct,rs10822168
10,0.024567,met-d-M_LDL_FC_pct,rs2068888
11,0.242997,met-d-M_LDL_FC_pct,rs1047964
11,-0.0299581,met-d-M_LDL_FC_pct,rs10750766
11,-0.0722839,met-d-M_LDL_FC_pct,rs174554
11,-0.0565343,met-d-M_LDL_FC_pct,rs11231721
11,0.0288523,met-d-M_LDL_FC_pct,rs112396965
11,-0.303686,met-d-M_LDL_FC_pct,rs141469619
11,0.0319406,met-d-M_LDL_FC_pct,rs11039017
11,0.21391,met-d-M_LDL_FC_pct,rs964184
11,-0.0250032,met-d-M_LDL_FC_pct,rs883863
12,0.0291621,met-d-M_LDL_FC_pct,rs12313762
12,0.0282314,met-d-M_LDL_FC_pct,rs7133378
13,-0.0266742,met-d-M_LDL_FC_pct,rs2275647
13,0.0373173,met-d-M_LDL_FC_pct,rs41284486
13,-0.0242348,met-d-M_LDL_FC_pct,rs7140110
14,-0.0297048,met-d-M_LDL_FC_pct,rs7157785
15,0.0291572,met-d-M_LDL_FC_pct,rs10162642
15,0.0604352,met-d-M_LDL_FC_pct,rs261290
15,-0.176601,met-d-M_LDL_FC_pct,rs150844304
15,0.0537679,met-d-M_LDL_FC_pct,rs473224
15,-0.0228153,met-d-M_LDL_FC_pct,rs7402939
16,0.0298838,met-d-M_LDL_FC_pct,rs34417180
16,0.0579644,met-d-M_LDL_FC_pct,rs821840
16,0.032779,met-d-M_LDL_FC_pct,rs2925979
16,0.0286876,met-d-M_LDL_FC_pct,rs11644601
17,-0.126654,met-d-M_LDL_FC_pct,rs72836561
17,0.0903872,met-d-M_LDL_FC_pct,rs1801689
17,0.0231184,met-d-M_LDL_FC_pct,rs4969179
19,-0.0980186,met-d-M_LDL_FC_pct,rs144439590
19,0.260775,met-d-M_LDL_FC_pct,rs116843064
19,0.0527986,met-d-M_LDL_FC_pct,rs62117489
19,-0.0475964,met-d-M_LDL_FC_pct,rs56290633
19,0.064373,met-d-M_LDL_FC_pct,rs200210321
19,-0.373004,met-d-M_LDL_FC_pct,rs1065853
19,-0.0344949,met-d-M_LDL_FC_pct,rs11878597
20,-0.0502208,met-d-M_LDL_FC_pct,rs7679
22,-0.0213925,met-d-M_LDL_FC_pct,rs2267373
