chr,beta,id,snp
1,0.0246153,met-d-XL_HDL_CE_pct,rs5082
1,-0.0619416,met-d-XL_HDL_CE_pct,rs12740374
1,0.0474522,met-d-XL_HDL_CE_pct,rs2934744
1,-0.0312183,met-d-XL_HDL_CE_pct,rs67408364
2,-0.0279853,met-d-XL_HDL_CE_pct,rs2396316
2,-0.0306875,met-d-XL_HDL_CE_pct,rs952274
2,0.0237244,met-d-XL_HDL_CE_pct,rs1128249
3,0.0400211,met-d-XL_HDL_CE_pct,rs9647335
4,-0.0261509,met-d-XL_HDL_CE_pct,rs2035403
5,-0.0323703,met-d-XL_HDL_CE_pct,rs17689595
6,-0.0527519,met-d-XL_HDL_CE_pct,rs116009877
6,-0.0593379,met-d-XL_HDL_CE_pct,rs11751347
7,-0.0242615,met-d-XL_HDL_CE_pct,rs2389858
8,0.0473176,met-d-XL_HDL_CE_pct,rs4871603
8,-0.120516,met-d-XL_HDL_CE_pct,rs1441759
8,0.120871,met-d-XL_HDL_CE_pct,rs10096633
8,0.0717009,met-d-XL_HDL_CE_pct,rs4841132
9,0.0302008,met-d-XL_HDL_CE_pct,rs2519093
11,-0.04031,met-d-XL_HDL_CE_pct,rs2072114
11,-0.200107,met-d-XL_HDL_CE_pct,rs144018203
11,0.0258105,met-d-XL_HDL_CE_pct,rs6484306
11,0.107655,met-d-XL_HDL_CE_pct,rs964184
11,0.0736375,met-d-XL_HDL_CE_pct,rs7112577
12,0.0260799,met-d-XL_HDL_CE_pct,rs7979473
15,0.145707,met-d-XL_HDL_CE_pct,rs261290
15,0.139955,met-d-XL_HDL_CE_pct,rs473224
15,0.0688268,met-d-XL_HDL_CE_pct,rs10162642
15,-0.109394,met-d-XL_HDL_CE_pct,rs147233090
16,-0.108712,met-d-XL_HDL_CE_pct,rs12720922
16,0.0380223,met-d-XL_HDL_CE_pct,rs76976871
16,-0.0941791,met-d-XL_HDL_CE_pct,rs4986970
16,-0.0250668,met-d-XL_HDL_CE_pct,rs56892402
17,-0.0269941,met-d-XL_HDL_CE_pct,rs55714927
17,-0.101081,met-d-XL_HDL_CE_pct,rs72836561
17,0.0255781,met-d-XL_HDL_CE_pct,rs2376584
19,0.181535,met-d-XL_HDL_CE_pct,rs116843064
19,0.0356627,met-d-XL_HDL_CE_pct,rs2927468
19,-0.0920722,met-d-XL_HDL_CE_pct,rs111278137
19,-0.322138,met-d-XL_HDL_CE_pct,rs1065853
19,0.043114,met-d-XL_HDL_CE_pct,rs8103315
19,-0.0786716,met-d-XL_HDL_CE_pct,rs28807203
20,0.0685028,met-d-XL_HDL_CE_pct,rs6065904
