chr,beta,id,snp
1,-0.0256038,met-d-XL_VLDL_FC_pct,rs140584594
1,-0.0254172,met-d-XL_VLDL_FC_pct,rs59484402
1,-0.216625,met-d-XL_VLDL_FC_pct,rs11591147
1,0.0410907,met-d-XL_VLDL_FC_pct,rs602633
2,-0.0556981,met-d-XL_VLDL_FC_pct,rs114938914
2,-0.0355117,met-d-XL_VLDL_FC_pct,rs2943654
2,0.0775667,met-d-XL_VLDL_FC_pct,rs1260326
2,0.0489112,met-d-XL_VLDL_FC_pct,rs934197
2,0.0327271,met-d-XL_VLDL_FC_pct,rs9677933
2,-0.0296626,met-d-XL_VLDL_FC_pct,rs11394662
3,0.0231011,met-d-XL_VLDL_FC_pct,rs2518134
4,0.0225666,met-d-XL_VLDL_FC_pct,rs7659650
4,-0.0251959,met-d-XL_VLDL_FC_pct,rs881817
5,0.0268857,met-d-XL_VLDL_FC_pct,rs7707394
5,0.038065,met-d-XL_VLDL_FC_pct,rs79225634
5,-0.0357625,met-d-XL_VLDL_FC_pct,rs40270
5,-0.0322066,met-d-XL_VLDL_FC_pct,rs13179413
6,0.19512,met-d-XL_VLDL_FC_pct,rs117733303
6,-0.0334219,met-d-XL_VLDL_FC_pct,rs184252375
6,-0.0213551,met-d-XL_VLDL_FC_pct,rs1936807
6,0.153664,met-d-XL_VLDL_FC_pct,rs10455872
6,-0.0406341,met-d-XL_VLDL_FC_pct,rs3129774
6,-0.028619,met-d-XL_VLDL_FC_pct,rs6905288
6,0.038799,met-d-XL_VLDL_FC_pct,rs3127580
6,0.0800265,met-d-XL_VLDL_FC_pct,rs73596816
7,-0.0300635,met-d-XL_VLDL_FC_pct,rs9769088
7,0.104826,met-d-XL_VLDL_FC_pct,rs34062580
7,0.0282347,met-d-XL_VLDL_FC_pct,rs56001710
7,0.0283434,met-d-XL_VLDL_FC_pct,rs498475
8,0.0796337,met-d-XL_VLDL_FC_pct,rs325
8,-0.0342302,met-d-XL_VLDL_FC_pct,rs12677504
8,0.0331568,met-d-XL_VLDL_FC_pct,rs2954038
9,0.0568352,met-d-XL_VLDL_FC_pct,rs2519093
10,0.0312423,met-d-XL_VLDL_FC_pct,rs7896518
10,-0.037959,met-d-XL_VLDL_FC_pct,rs7091593
11,0.0431663,met-d-XL_VLDL_FC_pct,rs11601507
11,-0.0690993,met-d-XL_VLDL_FC_pct,rs174537
11,-0.126118,met-d-XL_VLDL_FC_pct,rs144018203
11,0.0951564,met-d-XL_VLDL_FC_pct,rs964184
11,-0.0490743,met-d-XL_VLDL_FC_pct,rs11231721
11,-0.0278944,met-d-XL_VLDL_FC_pct,rs10750766
12,0.0883939,met-d-XL_VLDL_FC_pct,rs76895963
12,-0.0273571,met-d-XL_VLDL_FC_pct,rs61941261
14,0.0994418,met-d-XL_VLDL_FC_pct,rs28929474
15,-0.0836243,met-d-XL_VLDL_FC_pct,rs1532085
15,0.026316,met-d-XL_VLDL_FC_pct,rs261265
15,-0.0751368,met-d-XL_VLDL_FC_pct,rs149181595
15,0.106584,met-d-XL_VLDL_FC_pct,rs1077834
16,-0.0698738,met-d-XL_VLDL_FC_pct,rs183130
16,-0.0353552,met-d-XL_VLDL_FC_pct,rs9302635
16,0.0261109,met-d-XL_VLDL_FC_pct,rs2925979
16,0.026299,met-d-XL_VLDL_FC_pct,rs11075253
17,0.127919,met-d-XL_VLDL_FC_pct,rs1801689
17,0.138592,met-d-XL_VLDL_FC_pct,rs77542162
17,-0.0542758,met-d-XL_VLDL_FC_pct,rs111351217
17,-0.0830648,met-d-XL_VLDL_FC_pct,rs72836561
19,-0.0933562,met-d-XL_VLDL_FC_pct,rs73015021
19,0.0862332,met-d-XL_VLDL_FC_pct,rs147711004
19,0.0256103,met-d-XL_VLDL_FC_pct,rs62111417
19,-0.185593,met-d-XL_VLDL_FC_pct,rs1065853
19,0.0277237,met-d-XL_VLDL_FC_pct,rs111427795
19,-0.0569267,met-d-XL_VLDL_FC_pct,rs28807203
20,-0.0973076,met-d-XL_VLDL_FC_pct,rs139953093
20,-0.0249187,met-d-XL_VLDL_FC_pct,rs2618566
22,0.0264311,met-d-XL_VLDL_FC_pct,rs738408
