chr,beta,id,snp
1,0.0899264,met-d-VLDL_P,rs114165349
1,0.0756722,met-d-VLDL_P,rs1002687
1,-0.0762694,met-d-VLDL_P,rs12740374
1,0.0268,met-d-VLDL_P,rs822928
1,0.0639212,met-d-VLDL_P,rs11206517
1,-0.185767,met-d-VLDL_P,rs17414716
1,-0.132871,met-d-VLDL_P,rs12750160
1,-0.0315665,met-d-VLDL_P,rs10127775
2,-0.0342212,met-d-VLDL_P,rs4299376
2,-0.037591,met-d-VLDL_P,rs1128249
2,0.0338296,met-d-VLDL_P,rs4533439
2,-0.0349408,met-d-VLDL_P,rs4665642
2,-0.0721027,met-d-VLDL_P,rs4665972
2,0.0924992,met-d-VLDL_P,rs693
3,-0.0399542,met-d-VLDL_P,rs34894639
4,-0.031193,met-d-VLDL_P,rs13108218
4,0.0322638,met-d-VLDL_P,rs1471251
5,0.0502109,met-d-VLDL_P,rs4704834
5,-0.043496,met-d-VLDL_P,rs11429307
5,0.0446647,met-d-VLDL_P,rs12916
5,0.0239216,met-d-VLDL_P,rs7707394
6,0.0692888,met-d-VLDL_P,rs146203232
6,0.0261992,met-d-VLDL_P,rs2186037
6,-0.235164,met-d-VLDL_P,rs186696265
6,0.0419067,met-d-VLDL_P,rs28377109
6,0.0481241,met-d-VLDL_P,rs11755689
6,-0.0299825,met-d-VLDL_P,rs654689
7,0.0294261,met-d-VLDL_P,rs10260606
7,0.0829812,met-d-VLDL_P,rs42125
7,-0.0668354,met-d-VLDL_P,rs55747707
7,0.0220708,met-d-VLDL_P,rs1989985
7,0.0265153,met-d-VLDL_P,rs11976955
8,0.0627606,met-d-VLDL_P,rs59347135
8,0.136489,met-d-VLDL_P,rs144503444
8,-0.130753,met-d-VLDL_P,rs10096633
8,-0.0299641,met-d-VLDL_P,rs2326077
8,-0.0307989,met-d-VLDL_P,rs2737245
8,0.0525895,met-d-VLDL_P,rs8185886
8,-0.0903551,met-d-VLDL_P,rs112875651
9,0.0393351,met-d-VLDL_P,rs635634
10,-0.0227642,met-d-VLDL_P,rs1890896
10,-0.0276373,met-d-VLDL_P,rs2478236
11,-0.174009,met-d-VLDL_P,rs964184
11,-0.189178,met-d-VLDL_P,rs1047964
11,0.0258,met-d-VLDL_P,rs2915400
11,0.2138,met-d-VLDL_P,rs141469619
12,-0.0293137,met-d-VLDL_P,rs11057397
12,0.035187,met-d-VLDL_P,rs10649122
12,-0.0250646,met-d-VLDL_P,rs7979473
12,0.0229741,met-d-VLDL_P,rs10842724
13,0.0303833,met-d-VLDL_P,rs6602911
15,-0.0904605,met-d-VLDL_P,rs261290
15,0.10851,met-d-VLDL_P,rs139974673
15,0.0658024,met-d-VLDL_P,rs633695
16,0.0454765,met-d-VLDL_P,rs2000999
16,-0.0272532,met-d-VLDL_P,rs7202323
16,-0.0810371,met-d-VLDL_P,rs247616
17,0.0241834,met-d-VLDL_P,rs56325564
17,0.10373,met-d-VLDL_P,rs77542162
17,0.0512228,met-d-VLDL_P,rs8078513
17,-0.0392296,met-d-VLDL_P,rs72631343
17,0.0690919,met-d-VLDL_P,rs77697917
19,0.0283518,met-d-VLDL_P,rs602662
19,-0.0759563,met-d-VLDL_P,rs74747585
19,-0.115305,met-d-VLDL_P,rs12151108
19,0.0278259,met-d-VLDL_P,rs2738447
19,-0.123158,met-d-VLDL_P,rs58542926
19,0.116695,met-d-VLDL_P,rs115881343
19,-0.170303,met-d-VLDL_P,rs1065853
20,0.109912,met-d-VLDL_P,rs1883711
21,0.022732,met-d-VLDL_P,rs8134638
22,0.026676,met-d-VLDL_P,rs9616847
