chr,beta,id,snp
1,-0.289047,met-d-M_VLDL_FC_pct,rs11591147
1,0.0395173,met-d-M_VLDL_FC_pct,rs61798840
1,0.0305882,met-d-M_VLDL_FC_pct,rs11122450
1,-0.072627,met-d-M_VLDL_FC_pct,rs12740374
1,-0.032956,met-d-M_VLDL_FC_pct,rs7534572
1,0.0298319,met-d-M_VLDL_FC_pct,rs693668
1,0.0289896,met-d-M_VLDL_FC_pct,rs2642438
1,-0.0289946,met-d-M_VLDL_FC_pct,rs59784135
2,0.0543687,met-d-M_VLDL_FC_pct,rs934197
2,-0.0326923,met-d-M_VLDL_FC_pct,rs11394662
2,0.0271267,met-d-M_VLDL_FC_pct,rs11688682
2,-0.0402442,met-d-M_VLDL_FC_pct,rs2972156
2,-0.068588,met-d-M_VLDL_FC_pct,rs78058190
2,-0.0734609,met-d-M_VLDL_FC_pct,rs114938914
2,0.0651369,met-d-M_VLDL_FC_pct,rs1260326
3,0.0322403,met-d-M_VLDL_FC_pct,rs1899951
4,-0.0234769,met-d-M_VLDL_FC_pct,rs60208975
5,-0.0363062,met-d-M_VLDL_FC_pct,rs3936510
5,0.048175,met-d-M_VLDL_FC_pct,rs13358429
5,0.0359468,met-d-M_VLDL_FC_pct,rs7707394
6,0.165114,met-d-M_VLDL_FC_pct,rs117733303
6,-0.02989,met-d-M_VLDL_FC_pct,rs6905288
6,0.0334631,met-d-M_VLDL_FC_pct,rs3127580
6,-0.0548386,met-d-M_VLDL_FC_pct,rs12212146
6,0.0279312,met-d-M_VLDL_FC_pct,rs2523764
6,0.138243,met-d-M_VLDL_FC_pct,rs10455872
6,-0.0364207,met-d-M_VLDL_FC_pct,rs3129774
7,0.118332,met-d-M_VLDL_FC_pct,rs3812316
7,0.0493097,met-d-M_VLDL_FC_pct,rs4722551
7,-0.0298301,met-d-M_VLDL_FC_pct,rs10282584
7,0.0239617,met-d-M_VLDL_FC_pct,rs849327
7,0.024477,met-d-M_VLDL_FC_pct,rs13229300
7,-0.0552377,met-d-M_VLDL_FC_pct,rs28454618
8,0.0303571,met-d-M_VLDL_FC_pct,rs4336630
8,-0.0360309,met-d-M_VLDL_FC_pct,rs7007394
8,0.133544,met-d-M_VLDL_FC_pct,rs328
8,0.0528892,met-d-M_VLDL_FC_pct,rs1561748
9,0.0676061,met-d-M_VLDL_FC_pct,rs2519093
9,-0.0235949,met-d-M_VLDL_FC_pct,rs10747046
10,-0.0311988,met-d-M_VLDL_FC_pct,rs6583899
10,0.0407156,met-d-M_VLDL_FC_pct,rs10822163
10,-0.0258071,met-d-M_VLDL_FC_pct,rs2803619
11,-0.0336818,met-d-M_VLDL_FC_pct,rs10750766
11,-0.0650037,met-d-M_VLDL_FC_pct,rs12294913
11,-0.187792,met-d-M_VLDL_FC_pct,rs144018203
11,0.14697,met-d-M_VLDL_FC_pct,rs964184
11,-0.0920113,met-d-M_VLDL_FC_pct,rs174537
11,0.124651,met-d-M_VLDL_FC_pct,rs1047964
11,0.0452032,met-d-M_VLDL_FC_pct,rs11601507
12,0.0271265,met-d-M_VLDL_FC_pct,rs653178
12,-0.0742962,met-d-M_VLDL_FC_pct,rs149654682
15,0.0852935,met-d-M_VLDL_FC_pct,rs1077834
15,-0.0701781,met-d-M_VLDL_FC_pct,rs1532085
15,0.0232104,met-d-M_VLDL_FC_pct,rs261265
15,-0.120713,met-d-M_VLDL_FC_pct,rs190543502
15,-0.0223491,met-d-M_VLDL_FC_pct,rs8029570
16,0.0306033,met-d-M_VLDL_FC_pct,rs2925979
16,0.0350205,met-d-M_VLDL_FC_pct,rs56015824
16,-0.0484506,met-d-M_VLDL_FC_pct,rs183130
17,-0.130708,met-d-M_VLDL_FC_pct,rs72836561
17,0.126911,met-d-M_VLDL_FC_pct,rs1801689
17,0.168664,met-d-M_VLDL_FC_pct,rs77542162
17,-0.028435,met-d-M_VLDL_FC_pct,rs3809868
17,-0.026354,met-d-M_VLDL_FC_pct,rs200938405
19,-0.38368,met-d-M_VLDL_FC_pct,rs1065853
19,0.0828446,met-d-M_VLDL_FC_pct,rs1081105
19,-0.125092,met-d-M_VLDL_FC_pct,rs12151108
19,0.0469441,met-d-M_VLDL_FC_pct,rs8103315
19,-0.0981827,met-d-M_VLDL_FC_pct,rs28807203
19,0.0418968,met-d-M_VLDL_FC_pct,rs2927468
19,0.0294948,met-d-M_VLDL_FC_pct,rs2569550
20,-0.0779955,met-d-M_VLDL_FC_pct,rs6073972
20,-0.0319991,met-d-M_VLDL_FC_pct,rs2618566
