chr,beta,id,snp
1,0.0324019,met-d-S_VLDL_CE_pct,rs17447211
1,-0.308049,met-d-S_VLDL_CE_pct,rs11591147
1,-0.0374611,met-d-S_VLDL_CE_pct,rs7534572
1,-0.083292,met-d-S_VLDL_CE_pct,rs12740374
1,0.0298185,met-d-S_VLDL_CE_pct,rs693668
1,-0.0277078,met-d-S_VLDL_CE_pct,rs59784135
1,-0.0250669,met-d-S_VLDL_CE_pct,rs140584594
1,0.0225964,met-d-S_VLDL_CE_pct,rs2642438
2,0.0639874,met-d-S_VLDL_CE_pct,rs934197
2,-0.0760897,met-d-S_VLDL_CE_pct,rs114938914
2,-0.0270019,met-d-S_VLDL_CE_pct,rs2943634
2,0.0574208,met-d-S_VLDL_CE_pct,rs1260326
2,0.0275252,met-d-S_VLDL_CE_pct,rs11688682
4,-0.0236949,met-d-S_VLDL_CE_pct,rs11736932
5,0.0428019,met-d-S_VLDL_CE_pct,rs3846662
5,0.0325789,met-d-S_VLDL_CE_pct,rs7707394
5,-0.026277,met-d-S_VLDL_CE_pct,rs40270
5,-0.0593711,met-d-S_VLDL_CE_pct,rs116734477
6,-0.0390302,met-d-S_VLDL_CE_pct,rs3129774
6,0.0386756,met-d-S_VLDL_CE_pct,rs9259970
6,0.145731,met-d-S_VLDL_CE_pct,rs10455872
6,0.0446401,met-d-S_VLDL_CE_pct,rs3127580
6,0.171966,met-d-S_VLDL_CE_pct,rs117733303
6,0.0643064,met-d-S_VLDL_CE_pct,rs73596816
7,0.0298386,met-d-S_VLDL_CE_pct,rs2073547
7,0.0482685,met-d-S_VLDL_CE_pct,rs4722551
7,-0.0221516,met-d-S_VLDL_CE_pct,rs11971790
7,0.110361,met-d-S_VLDL_CE_pct,rs3812316
7,-0.0561381,met-d-S_VLDL_CE_pct,rs28454618
8,0.036699,met-d-S_VLDL_CE_pct,rs3789849
8,0.0359366,met-d-S_VLDL_CE_pct,rs1561748
8,0.0227059,met-d-S_VLDL_CE_pct,rs7836397
8,0.0982404,met-d-S_VLDL_CE_pct,rs12679834
9,-0.048477,met-d-S_VLDL_CE_pct,rs686030
9,-0.0330602,met-d-S_VLDL_CE_pct,rs3812595
9,-0.0243629,met-d-S_VLDL_CE_pct,rs735169
9,0.076957,met-d-S_VLDL_CE_pct,rs2519093
10,-0.036368,met-d-S_VLDL_CE_pct,rs72823015
10,0.0416792,met-d-S_VLDL_CE_pct,rs7082470
11,-0.151226,met-d-S_VLDL_CE_pct,rs144018203
11,0.0427881,met-d-S_VLDL_CE_pct,rs7952602
11,0.0499715,met-d-S_VLDL_CE_pct,rs11601507
11,0.11865,met-d-S_VLDL_CE_pct,rs964184
11,-0.0282857,met-d-S_VLDL_CE_pct,rs10750766
11,-0.0294776,met-d-S_VLDL_CE_pct,rs174537
12,0.0433973,met-d-S_VLDL_CE_pct,rs11066120
14,0.093617,met-d-S_VLDL_CE_pct,rs28929474
15,-0.0875904,met-d-S_VLDL_CE_pct,rs150844304
15,0.0364951,met-d-S_VLDL_CE_pct,rs10468017
15,-0.0310476,met-d-S_VLDL_CE_pct,rs1037116
15,-0.0271056,met-d-S_VLDL_CE_pct,rs1560390
16,0.128766,met-d-S_VLDL_CE_pct,rs75911530
16,-0.187115,met-d-S_VLDL_CE_pct,rs183130
16,0.145875,met-d-S_VLDL_CE_pct,rs117738782
17,0.133901,met-d-S_VLDL_CE_pct,rs1801689
17,-0.0306716,met-d-S_VLDL_CE_pct,rs200938405
17,0.189523,met-d-S_VLDL_CE_pct,rs77542162
17,-0.106918,met-d-S_VLDL_CE_pct,rs72836561
17,-0.0282401,met-d-S_VLDL_CE_pct,rs3809868
17,0.0239632,met-d-S_VLDL_CE_pct,rs704
18,-0.0972608,met-d-S_VLDL_CE_pct,rs77960347
18,-0.0313719,met-d-S_VLDL_CE_pct,rs2156552
19,-0.0969078,met-d-S_VLDL_CE_pct,rs144439590
19,0.112861,met-d-S_VLDL_CE_pct,rs117310449
19,-0.0762025,met-d-S_VLDL_CE_pct,rs74747585
19,-0.35656,met-d-S_VLDL_CE_pct,rs1065853
19,0.0371041,met-d-S_VLDL_CE_pct,rs2569550
19,-0.135762,met-d-S_VLDL_CE_pct,rs12151108
19,-0.0531951,met-d-S_VLDL_CE_pct,rs12976395
20,-0.0276782,met-d-S_VLDL_CE_pct,rs2618566
20,-0.0244633,met-d-S_VLDL_CE_pct,rs310631
