chr,beta,id,snp
1,-0.0368674,met-d-VLDL_PL,rs4846914
1,-0.0237773,met-d-VLDL_PL,rs12039675
1,-0.100028,met-d-VLDL_PL,rs12750160
1,0.0964032,met-d-VLDL_PL,rs114165349
1,0.0797501,met-d-VLDL_PL,rs1168032
1,0.0599513,met-d-VLDL_PL,rs646776
1,-0.149702,met-d-VLDL_PL,rs17414716
2,0.112886,met-d-VLDL_PL,rs2678379
2,-0.0387523,met-d-VLDL_PL,rs60960031
2,-0.0304012,met-d-VLDL_PL,rs4299376
2,-0.0821696,met-d-VLDL_PL,rs1260326
2,-0.0430715,met-d-VLDL_PL,rs1128249
2,-0.0282185,met-d-VLDL_PL,rs13423088
3,-0.0362552,met-d-VLDL_PL,rs13059141
3,0.0392244,met-d-VLDL_PL,rs684773
4,0.0335337,met-d-VLDL_PL,rs1471251
4,-0.0330737,met-d-VLDL_PL,rs13108218
5,-0.0487935,met-d-VLDL_PL,rs11429307
5,0.0395185,met-d-VLDL_PL,rs12916
5,0.0489953,met-d-VLDL_PL,rs4704834
6,0.047321,met-d-VLDL_PL,rs11755689
6,0.0252379,met-d-VLDL_PL,rs998584
6,0.0484852,met-d-VLDL_PL,rs1557550
6,0.0293314,met-d-VLDL_PL,rs2186037
6,-0.0333213,met-d-VLDL_PL,rs632057
6,-0.0609445,met-d-VLDL_PL,rs117534432
6,-0.300524,met-d-VLDL_PL,rs186696265
6,0.0651802,met-d-VLDL_PL,rs146203232
7,0.0870766,met-d-VLDL_PL,rs42125
7,-0.0773514,met-d-VLDL_PL,rs55747707
7,0.0290997,met-d-VLDL_PL,rs11976955
8,-0.027904,met-d-VLDL_PL,rs2737245
8,0.0293348,met-d-VLDL_PL,rs3860847
8,-0.0907754,met-d-VLDL_PL,rs112875651
8,0.0249083,met-d-VLDL_PL,rs13265201
8,-0.163408,met-d-VLDL_PL,rs328
8,-0.0294511,met-d-VLDL_PL,rs2081687
8,-0.0516754,met-d-VLDL_PL,rs1561748
8,0.0514575,met-d-VLDL_PL,rs8185886
9,0.0260267,met-d-VLDL_PL,rs495828
10,-0.0251131,met-d-VLDL_PL,rs10761716
10,-0.0287375,met-d-VLDL_PL,rs2478236
11,0.24524,met-d-VLDL_PL,rs141469619
11,-0.213506,met-d-VLDL_PL,rs1047964
11,0.0258361,met-d-VLDL_PL,rs2915400
11,-0.192888,met-d-VLDL_PL,rs964184
12,0.0357641,met-d-VLDL_PL,rs10649122
12,-0.0297743,met-d-VLDL_PL,rs11057397
13,0.0310073,met-d-VLDL_PL,rs6602909
15,0.118433,met-d-VLDL_PL,rs150844304
15,-0.0528325,met-d-VLDL_PL,rs261290
15,0.0369742,met-d-VLDL_PL,rs633695
16,-0.0777684,met-d-VLDL_PL,rs247616
16,0.0443561,met-d-VLDL_PL,rs2000999
16,-0.0260224,met-d-VLDL_PL,rs7202323
17,0.0537187,met-d-VLDL_PL,rs8078513
17,0.089089,met-d-VLDL_PL,rs77697917
17,-0.0346816,met-d-VLDL_PL,rs740516
19,-0.050752,met-d-VLDL_PL,rs57192995
19,-0.127107,met-d-VLDL_PL,rs58542926
19,-0.0696372,met-d-VLDL_PL,rs7247905
19,0.0869124,met-d-VLDL_PL,rs157595
19,-0.0301037,met-d-VLDL_PL,rs550455
19,-0.0545343,met-d-VLDL_PL,rs62117162
19,-0.0958807,met-d-VLDL_PL,rs73015024
20,0.106475,met-d-VLDL_PL,rs1883711
21,0.0226069,met-d-VLDL_PL,rs62222988
22,0.025415,met-d-VLDL_PL,rs9616847
