chr,beta,id,snp
1,0.0261594,met-d-XL_HDL_FC_pct,rs61781393
1,-0.0343107,met-d-XL_HDL_FC_pct,rs1546954
1,0.0719873,met-d-XL_HDL_FC_pct,rs193084249
1,0.0222777,met-d-XL_HDL_FC_pct,rs638714
1,0.0382117,met-d-XL_HDL_FC_pct,rs6694102
1,0.0262598,met-d-XL_HDL_FC_pct,rs5082
2,-0.0321126,met-d-XL_HDL_FC_pct,rs13389219
2,-0.0240821,met-d-XL_HDL_FC_pct,rs59104589
2,0.0257853,met-d-XL_HDL_FC_pct,rs907866
2,0.0335426,met-d-XL_HDL_FC_pct,rs1024137
2,-0.029344,met-d-XL_HDL_FC_pct,rs539845
3,0.0224583,met-d-XL_HDL_FC_pct,rs62262140
3,0.032376,met-d-XL_HDL_FC_pct,rs57912727
3,0.0200935,met-d-XL_HDL_FC_pct,rs62276455
3,-0.0674113,met-d-XL_HDL_FC_pct,rs77036479
3,0.0376313,met-d-XL_HDL_FC_pct,rs9844972
3,0.0948652,met-d-XL_HDL_FC_pct,rs11922042
4,0.0582131,met-d-XL_HDL_FC_pct,rs13107325
4,0.0228095,met-d-XL_HDL_FC_pct,rs2851257
5,-0.0220547,met-d-XL_HDL_FC_pct,rs6864091
5,-0.0361739,met-d-XL_HDL_FC_pct,rs11429307
6,0.0263477,met-d-XL_HDL_FC_pct,rs9265620
6,0.040632,met-d-XL_HDL_FC_pct,rs11751347
6,0.0612045,met-d-XL_HDL_FC_pct,rs147627829
6,-0.0598801,met-d-XL_HDL_FC_pct,rs113124972
6,0.0451285,met-d-XL_HDL_FC_pct,rs36037051
6,0.0338932,met-d-XL_HDL_FC_pct,rs998584
6,0.0253197,met-d-XL_HDL_FC_pct,rs6569475
6,-0.0251953,met-d-XL_HDL_FC_pct,rs72934503
7,0.0275427,met-d-XL_HDL_FC_pct,rs149522
7,0.0231812,met-d-XL_HDL_FC_pct,rs705379
7,-0.0221323,met-d-XL_HDL_FC_pct,rs849336
7,-0.029046,met-d-XL_HDL_FC_pct,rs35493868
7,0.0332051,met-d-XL_HDL_FC_pct,rs9769088
8,-0.0850303,met-d-XL_HDL_FC_pct,rs145391587
8,-0.0262142,met-d-XL_HDL_FC_pct,rs2737205
8,-0.0319304,met-d-XL_HDL_FC_pct,rs1561748
8,-0.041025,met-d-XL_HDL_FC_pct,rs2169387
8,-0.0242797,met-d-XL_HDL_FC_pct,rs2954029
8,-0.032763,met-d-XL_HDL_FC_pct,rs79744701
9,0.0355279,met-d-XL_HDL_FC_pct,rs2740488
9,-0.0408275,met-d-XL_HDL_FC_pct,rs1215112
10,0.0324087,met-d-XL_HDL_FC_pct,rs148063610
10,0.0263501,met-d-XL_HDL_FC_pct,rs2792735
10,-0.0226942,met-d-XL_HDL_FC_pct,rs10882140
11,-0.042881,met-d-XL_HDL_FC_pct,rs2253398
11,0.0682273,met-d-XL_HDL_FC_pct,rs112771035
11,-0.153644,met-d-XL_HDL_FC_pct,rs1047964
11,-0.0618205,met-d-XL_HDL_FC_pct,rs35473591
11,0.0382198,met-d-XL_HDL_FC_pct,rs113012334
11,-0.0617634,met-d-XL_HDL_FC_pct,rs79489590
12,0.0410215,met-d-XL_HDL_FC_pct,rs838876
12,-0.0247645,met-d-XL_HDL_FC_pct,rs837500
12,-0.0244839,met-d-XL_HDL_FC_pct,rs3809113
12,-0.0248147,met-d-XL_HDL_FC_pct,rs11045171
12,0.0549151,met-d-XL_HDL_FC_pct,rs61941676
12,-0.023261,met-d-XL_HDL_FC_pct,rs7308864
12,0.036205,met-d-XL_HDL_FC_pct,rs825510
12,-0.0233507,met-d-XL_HDL_FC_pct,rs3999421
15,-0.0421351,met-d-XL_HDL_FC_pct,rs6082
15,0.0931399,met-d-XL_HDL_FC_pct,rs12914626
15,-0.169978,met-d-XL_HDL_FC_pct,rs261291
15,0.0757132,met-d-XL_HDL_FC_pct,rs1560390
15,-0.035251,met-d-XL_HDL_FC_pct,rs187776
16,0.140263,met-d-XL_HDL_FC_pct,rs75911530
16,0.0277583,met-d-XL_HDL_FC_pct,rs6498540
16,-0.210524,met-d-XL_HDL_FC_pct,rs3764261
16,0.0883332,met-d-XL_HDL_FC_pct,rs4986970
16,0.074201,met-d-XL_HDL_FC_pct,rs75714888
16,0.13966,met-d-XL_HDL_FC_pct,rs117738782
16,-0.0787656,met-d-XL_HDL_FC_pct,rs55779455
16,-0.0293699,met-d-XL_HDL_FC_pct,rs2925979
17,-0.0265531,met-d-XL_HDL_FC_pct,rs4795386
17,0.040557,met-d-XL_HDL_FC_pct,rs34695955
17,0.106054,met-d-XL_HDL_FC_pct,rs72836561
17,-0.027032,met-d-XL_HDL_FC_pct,rs55714927
18,-0.0622481,met-d-XL_HDL_FC_pct,rs7241918
18,-0.219731,met-d-XL_HDL_FC_pct,rs77960347
18,-0.0641469,met-d-XL_HDL_FC_pct,rs3786248
19,-0.0920277,met-d-XL_HDL_FC_pct,rs190712692
19,-0.0653866,met-d-XL_HDL_FC_pct,rs5167
19,-0.128156,met-d-XL_HDL_FC_pct,rs116843064
19,0.0483263,met-d-XL_HDL_FC_pct,rs737337
19,-0.0217372,met-d-XL_HDL_FC_pct,rs759819
20,0.0575715,met-d-XL_HDL_FC_pct,rs76070947
20,0.166451,met-d-XL_HDL_FC_pct,rs1057208
20,0.0257607,met-d-XL_HDL_FC_pct,rs16990165
22,0.0304041,met-d-XL_HDL_FC_pct,rs5754075
22,-0.0245189,met-d-XL_HDL_FC_pct,rs738408
