chr,beta,id,snp
1,0.100745,met-d-S_LDL_CE_pct,rs1168032
1,0.0380743,met-d-S_LDL_CE_pct,rs7551124
2,-0.0801457,met-d-S_LDL_CE_pct,rs676210
2,-0.0336173,met-d-S_LDL_CE_pct,rs13389219
2,-0.0770426,met-d-S_LDL_CE_pct,rs1260326
2,-0.0270229,met-d-S_LDL_CE_pct,rs870526
4,-0.0345963,met-d-S_LDL_CE_pct,rs13108218
4,0.0261582,met-d-S_LDL_CE_pct,rs1471251
5,-0.0317219,met-d-S_LDL_CE_pct,rs11429307
6,0.0292709,met-d-S_LDL_CE_pct,rs9295981
6,-0.25612,met-d-S_LDL_CE_pct,rs117733303
6,0.0350725,met-d-S_LDL_CE_pct,rs11755689
6,-0.149806,met-d-S_LDL_CE_pct,rs10455872
6,0.0577436,met-d-S_LDL_CE_pct,rs12212146
6,0.0446646,met-d-S_LDL_CE_pct,rs12208357
7,-0.0828797,met-d-S_LDL_CE_pct,rs34060476
7,-0.0241177,met-d-S_LDL_CE_pct,rs540428
7,-0.0240479,met-d-S_LDL_CE_pct,rs7786102
8,0.038407,met-d-S_LDL_CE_pct,rs693109
8,-0.0373419,met-d-S_LDL_CE_pct,rs1561748
8,0.0312037,met-d-S_LDL_CE_pct,rs10095159
8,-0.0720115,met-d-S_LDL_CE_pct,rs28601761
8,-0.129589,met-d-S_LDL_CE_pct,rs328
9,-0.0254451,met-d-S_LDL_CE_pct,rs2740488
9,0.0454594,met-d-S_LDL_CE_pct,rs635634
9,-0.0332057,met-d-S_LDL_CE_pct,rs1215112
10,-0.0253846,met-d-S_LDL_CE_pct,rs2478236
11,-0.191577,met-d-S_LDL_CE_pct,rs964184
11,-0.200786,met-d-S_LDL_CE_pct,rs1047964
11,0.0480984,met-d-S_LDL_CE_pct,rs151224429
11,0.0577832,met-d-S_LDL_CE_pct,rs174553
11,0.184772,met-d-S_LDL_CE_pct,rs141469619
12,0.0451838,met-d-S_LDL_CE_pct,rs2272303
13,0.0267409,met-d-S_LDL_CE_pct,rs2275647
14,-0.0250989,met-d-S_LDL_CE_pct,rs61983884
16,0.0668142,met-d-S_LDL_CE_pct,rs75911530
16,-0.118082,met-d-S_LDL_CE_pct,rs12446515
17,-0.070427,met-d-S_LDL_CE_pct,rs1801689
17,0.052129,met-d-S_LDL_CE_pct,rs8078513
17,0.0738247,met-d-S_LDL_CE_pct,rs72836561
18,0.223502,met-d-S_LDL_CE_pct,rs77960347
18,0.0623421,met-d-S_LDL_CE_pct,rs1943977
19,0.322149,met-d-S_LDL_CE_pct,rs1065853
19,0.0338379,met-d-S_LDL_CE_pct,rs11878597
19,0.0806962,met-d-S_LDL_CE_pct,rs144439590
19,-0.155055,met-d-S_LDL_CE_pct,rs116843064
19,0.0395724,met-d-S_LDL_CE_pct,rs56290633
19,-0.146187,met-d-S_LDL_CE_pct,rs150057262
19,-0.113716,met-d-S_LDL_CE_pct,rs58542926
20,0.0914704,met-d-S_LDL_CE_pct,rs74698119
20,0.0858116,met-d-S_LDL_CE_pct,rs7679
