chr,beta,id,snp
1,-0.107949,met-d-M_HDL_CE_pct,rs79598313
1,-0.0324376,met-d-M_HDL_CE_pct,rs61838776
1,-0.0274411,met-d-M_HDL_CE_pct,rs59484402
1,-0.0342794,met-d-M_HDL_CE_pct,rs4660303
1,-0.0776471,met-d-M_HDL_CE_pct,rs79439217
2,-0.0422402,met-d-M_HDL_CE_pct,rs2943650
2,0.0629289,met-d-M_HDL_CE_pct,rs1260326
2,0.0464007,met-d-M_HDL_CE_pct,rs1128249
2,0.0786858,met-d-M_HDL_CE_pct,rs673548
2,-0.0672481,met-d-M_HDL_CE_pct,rs78058190
3,-0.0450343,met-d-M_HDL_CE_pct,rs684773
3,-0.0439767,met-d-M_HDL_CE_pct,rs62271373
3,-0.0334345,met-d-M_HDL_CE_pct,rs11925442
4,-0.0385431,met-d-M_HDL_CE_pct,rs3775228
4,-0.0308785,met-d-M_HDL_CE_pct,rs9884830
4,-0.0443524,met-d-M_HDL_CE_pct,rs13107325
5,-0.0250985,met-d-M_HDL_CE_pct,rs62397245
5,0.0533855,met-d-M_HDL_CE_pct,rs11429307
5,-0.0221164,met-d-M_HDL_CE_pct,rs4704834
6,0.0357228,met-d-M_HDL_CE_pct,rs632057
6,-0.0288529,met-d-M_HDL_CE_pct,rs2186037
6,-0.0676195,met-d-M_HDL_CE_pct,rs12212146
6,-0.0265092,met-d-M_HDL_CE_pct,rs28771407
6,-0.0359567,met-d-M_HDL_CE_pct,rs28383307
6,-0.0323006,met-d-M_HDL_CE_pct,rs998584
6,-0.0510319,met-d-M_HDL_CE_pct,rs12208357
6,0.143853,met-d-M_HDL_CE_pct,rs117733303
6,0.0895261,met-d-M_HDL_CE_pct,rs10455872
7,-0.0304753,met-d-M_HDL_CE_pct,rs6971365
7,0.0248986,met-d-M_HDL_CE_pct,rs6942635
7,0.0729731,met-d-M_HDL_CE_pct,rs55747707
7,0.0285523,met-d-M_HDL_CE_pct,rs56001710
8,-0.0343658,met-d-M_HDL_CE_pct,rs4646246
8,0.033235,met-d-M_HDL_CE_pct,rs7012637
8,0.0675948,met-d-M_HDL_CE_pct,rs1561748
8,0.198253,met-d-M_HDL_CE_pct,rs328
8,0.0785782,met-d-M_HDL_CE_pct,rs28601761
8,-0.0386217,met-d-M_HDL_CE_pct,rs7005453
8,-0.0475562,met-d-M_HDL_CE_pct,rs71205961
9,-0.0223383,met-d-M_HDL_CE_pct,rs3215882
10,0.0220206,met-d-M_HDL_CE_pct,rs7924036
10,-0.0247906,met-d-M_HDL_CE_pct,rs12263369
11,0.0220565,met-d-M_HDL_CE_pct,rs530845
11,-0.0476461,met-d-M_HDL_CE_pct,rs174580
11,0.196227,met-d-M_HDL_CE_pct,rs964184
11,-0.0432236,met-d-M_HDL_CE_pct,rs2302263
11,-0.283734,met-d-M_HDL_CE_pct,rs144018203
11,0.0297771,met-d-M_HDL_CE_pct,rs112396965
11,-0.0287696,met-d-M_HDL_CE_pct,rs326222
11,0.24252,met-d-M_HDL_CE_pct,rs1047964
12,0.0235675,met-d-M_HDL_CE_pct,rs7134375
12,0.0337339,met-d-M_HDL_CE_pct,rs56205943
12,0.0319825,met-d-M_HDL_CE_pct,rs7133378
12,0.0232245,met-d-M_HDL_CE_pct,rs7979473
13,-0.0253707,met-d-M_HDL_CE_pct,rs9561643
15,-0.159399,met-d-M_HDL_CE_pct,rs150844304
15,0.110074,met-d-M_HDL_CE_pct,rs261290
15,0.10473,met-d-M_HDL_CE_pct,rs473224
15,0.0542369,met-d-M_HDL_CE_pct,rs10162642
16,-0.119427,met-d-M_HDL_CE_pct,rs75911530
16,0.0360543,met-d-M_HDL_CE_pct,rs2925979
16,0.0445489,met-d-M_HDL_CE_pct,rs113563886
16,-0.0775983,met-d-M_HDL_CE_pct,rs1210978
16,0.150691,met-d-M_HDL_CE_pct,rs3764261
17,-0.132551,met-d-M_HDL_CE_pct,rs72836561
17,-0.0595267,met-d-M_HDL_CE_pct,rs112001035
17,-0.0484147,met-d-M_HDL_CE_pct,rs16961845
17,-0.0497237,met-d-M_HDL_CE_pct,rs75634664
17,-0.0290981,met-d-M_HDL_CE_pct,rs12601919
17,0.0237335,met-d-M_HDL_CE_pct,rs12944051
19,-0.0334516,met-d-M_HDL_CE_pct,rs56290633
19,0.268634,met-d-M_HDL_CE_pct,rs116843064
19,0.0717951,met-d-M_HDL_CE_pct,rs8107974
19,-0.151477,met-d-M_HDL_CE_pct,rs1065853
19,0.0268867,met-d-M_HDL_CE_pct,rs1761457
19,0.053859,met-d-M_HDL_CE_pct,rs62117489
19,-0.04341,met-d-M_HDL_CE_pct,rs41355649
20,-0.0794614,met-d-M_HDL_CE_pct,rs1800961
20,0.026906,met-d-M_HDL_CE_pct,rs2092479
22,-0.0232382,met-d-M_HDL_CE_pct,rs2267375
