chr,beta,id,snp
1,0.0295609,met-d-L_LDL_C_pct,rs472495
1,-0.183353,met-d-L_LDL_C_pct,rs11591147
1,0.0237578,met-d-L_LDL_C_pct,rs514230
1,-0.0698808,met-d-L_LDL_C_pct,rs12740374
1,-0.0330046,met-d-L_LDL_C_pct,rs3768321
2,0.0390268,met-d-L_LDL_C_pct,rs1260326
2,0.0311472,met-d-L_LDL_C_pct,rs1128249
2,-0.037811,met-d-L_LDL_C_pct,rs2943650
2,-0.0364567,met-d-L_LDL_C_pct,rs4245791
2,0.0465925,met-d-L_LDL_C_pct,rs672889
2,-0.0669799,met-d-L_LDL_C_pct,rs78058190
3,0.0316939,met-d-L_LDL_C_pct,rs9647335
4,-0.0523187,met-d-L_LDL_C_pct,rs13107325
4,-0.0277102,met-d-L_LDL_C_pct,rs3775228
5,0.0301223,met-d-L_LDL_C_pct,rs7707394
5,-0.0334934,met-d-L_LDL_C_pct,rs9687846
5,0.0400001,met-d-L_LDL_C_pct,rs7703282
6,0.0333151,met-d-L_LDL_C_pct,rs72843670
6,-0.0598328,met-d-L_LDL_C_pct,rs62396280
6,-0.0563136,met-d-L_LDL_C_pct,rs116009877
6,-0.0623299,met-d-L_LDL_C_pct,rs11751347
6,-0.0349956,met-d-L_LDL_C_pct,rs6907508
7,0.0273895,met-d-L_LDL_C_pct,rs79949326
7,0.0225769,met-d-L_LDL_C_pct,rs56287412
7,-0.0374274,met-d-L_LDL_C_pct,rs10642257
7,0.051418,met-d-L_LDL_C_pct,rs34062580
8,0.107941,met-d-L_LDL_C_pct,rs17411113
8,0.0481346,met-d-L_LDL_C_pct,rs4871603
8,0.0697514,met-d-L_LDL_C_pct,rs4841132
9,0.100803,met-d-L_LDL_C_pct,rs2066718
9,-0.0496006,met-d-L_LDL_C_pct,rs13284054
10,-0.0207728,met-d-L_LDL_C_pct,rs7911761
11,0.0265193,met-d-L_LDL_C_pct,rs2306363
11,-0.158954,met-d-L_LDL_C_pct,rs144018203
11,0.14517,met-d-L_LDL_C_pct,rs1047964
11,0.02558,met-d-L_LDL_C_pct,rs11228377
11,-0.0367275,met-d-L_LDL_C_pct,rs200644264
11,0.0317574,met-d-L_LDL_C_pct,rs112396965
11,-0.0402135,met-d-L_LDL_C_pct,rs2302263
11,-0.0773858,met-d-L_LDL_C_pct,rs174576
11,0.0862857,met-d-L_LDL_C_pct,rs964184
11,0.0372404,met-d-L_LDL_C_pct,rs10769254
12,0.0280412,met-d-L_LDL_C_pct,rs10774625
15,-0.092583,met-d-L_LDL_C_pct,rs7177289
15,0.0644927,met-d-L_LDL_C_pct,rs12148399
15,-0.144294,met-d-L_LDL_C_pct,rs147233090
15,-0.0601217,met-d-L_LDL_C_pct,rs11632618
16,-0.0886867,met-d-L_LDL_C_pct,rs75911530
16,0.0816525,met-d-L_LDL_C_pct,rs8044652
16,0.0272673,met-d-L_LDL_C_pct,rs2925979
16,0.0357333,met-d-L_LDL_C_pct,rs113563886
16,0.0974557,met-d-L_LDL_C_pct,rs3764261
16,-0.030514,met-d-L_LDL_C_pct,rs8059755
17,0.0239264,met-d-L_LDL_C_pct,rs4129767
17,-0.0823797,met-d-L_LDL_C_pct,rs72836561
18,-0.0250065,met-d-L_LDL_C_pct,rs4800356
19,-0.45939,met-d-L_LDL_C_pct,rs1065853
19,-0.0849606,met-d-L_LDL_C_pct,rs77265569
19,0.0514596,met-d-L_LDL_C_pct,rs2927468
19,0.0579237,met-d-L_LDL_C_pct,rs8103315
19,0.109233,met-d-L_LDL_C_pct,rs1081105
19,-0.098834,met-d-L_LDL_C_pct,rs111278137
19,-0.111957,met-d-L_LDL_C_pct,rs28807203
20,-0.0722646,met-d-L_LDL_C_pct,rs7679
20,-0.0230636,met-d-L_LDL_C_pct,rs2618567
20,0.0308987,met-d-L_LDL_C_pct,rs4814176
20,-0.0839184,met-d-L_LDL_C_pct,rs116847251
