chr,beta,id,snp
1,-0.0474805,met-d-S_VLDL_PL_pct,rs7534572
1,-0.0769076,met-d-S_VLDL_PL_pct,rs12740374
1,0.0298738,met-d-S_VLDL_PL_pct,rs2281721
1,-0.0723598,met-d-S_VLDL_PL_pct,rs182050989
1,-0.0256946,met-d-S_VLDL_PL_pct,rs67408364
1,0.0301604,met-d-S_VLDL_PL_pct,rs472495
1,0.0295327,met-d-S_VLDL_PL_pct,rs2642438
1,-0.0280088,met-d-S_VLDL_PL_pct,rs59784135
1,-0.273314,met-d-S_VLDL_PL_pct,rs11591147
2,0.0710974,met-d-S_VLDL_PL_pct,rs1260326
2,0.0340018,met-d-S_VLDL_PL_pct,rs1128249
2,-0.0348081,met-d-S_VLDL_PL_pct,rs4299376
2,-0.0259106,met-d-S_VLDL_PL_pct,rs13402561
2,-0.066351,met-d-S_VLDL_PL_pct,rs10221768
2,-0.0426895,met-d-S_VLDL_PL_pct,rs2943650
2,-0.0722872,met-d-S_VLDL_PL_pct,rs78058190
4,-0.0221006,met-d-S_VLDL_PL_pct,rs2239725
5,0.0460928,met-d-S_VLDL_PL_pct,rs10056811
5,0.0353476,met-d-S_VLDL_PL_pct,rs7707394
5,-0.0418964,met-d-S_VLDL_PL_pct,rs9687846
6,-0.0343802,met-d-S_VLDL_PL_pct,rs28752510
6,0.0246185,met-d-S_VLDL_PL_pct,rs679582
6,-0.0613573,met-d-S_VLDL_PL_pct,rs12212146
6,-0.0290818,met-d-S_VLDL_PL_pct,rs1358980
6,0.145689,met-d-S_VLDL_PL_pct,rs117733303
6,0.0298192,met-d-S_VLDL_PL_pct,rs2523764
6,-0.0358747,met-d-S_VLDL_PL_pct,rs7765813
6,-0.0514169,met-d-S_VLDL_PL_pct,rs72959041
6,0.115217,met-d-S_VLDL_PL_pct,rs10455872
7,-0.052407,met-d-S_VLDL_PL_pct,rs28454618
7,0.0529088,met-d-S_VLDL_PL_pct,rs4722551
7,0.125021,met-d-S_VLDL_PL_pct,rs13229619
7,0.024943,met-d-S_VLDL_PL_pct,rs10225866
7,0.0257632,met-d-S_VLDL_PL_pct,rs13229300
7,-0.0209409,met-d-S_VLDL_PL_pct,rs35363532
7,-0.054942,met-d-S_VLDL_PL_pct,rs111432585
8,0.0473523,met-d-S_VLDL_PL_pct,rs4336630
8,-0.0244889,met-d-S_VLDL_PL_pct,rs7009673
8,0.179074,met-d-S_VLDL_PL_pct,rs328
8,-0.0284084,met-d-S_VLDL_PL_pct,rs13282367
8,0.0678889,met-d-S_VLDL_PL_pct,rs1561748
8,0.0344433,met-d-S_VLDL_PL_pct,rs3789849
8,-0.0544924,met-d-S_VLDL_PL_pct,rs72647336
9,0.0502343,met-d-S_VLDL_PL_pct,rs2519093
10,0.0419675,met-d-S_VLDL_PL_pct,rs10822145
10,0.0386875,met-d-S_VLDL_PL_pct,rs10786114
10,-0.027076,met-d-S_VLDL_PL_pct,rs2803619
11,-0.0786692,met-d-S_VLDL_PL_pct,rs174581
11,-0.0320191,met-d-S_VLDL_PL_pct,rs10750766
11,-0.0666504,met-d-S_VLDL_PL_pct,rs12294913
11,0.158775,met-d-S_VLDL_PL_pct,rs1047964
11,0.174795,met-d-S_VLDL_PL_pct,rs964184
11,-0.229207,met-d-S_VLDL_PL_pct,rs144018203
12,0.0282505,met-d-S_VLDL_PL_pct,rs10774625
12,0.0275275,met-d-S_VLDL_PL_pct,rs28639492
15,0.0439331,met-d-S_VLDL_PL_pct,rs2043085
15,-0.157445,met-d-S_VLDL_PL_pct,rs190543502
15,-0.0514397,met-d-S_VLDL_PL_pct,rs1077835
16,-0.0300635,met-d-S_VLDL_PL_pct,rs8059755
16,0.0366536,met-d-S_VLDL_PL_pct,rs2925979
17,-0.142713,met-d-S_VLDL_PL_pct,rs72836561
17,0.0891639,met-d-S_VLDL_PL_pct,rs1801689
17,0.0248057,met-d-S_VLDL_PL_pct,rs149460787
17,0.127888,met-d-S_VLDL_PL_pct,rs77542162
17,0.0234062,met-d-S_VLDL_PL_pct,rs17561950
19,0.0523876,met-d-S_VLDL_PL_pct,rs2927468
19,0.0624517,met-d-S_VLDL_PL_pct,rs8103315
19,0.0570301,met-d-S_VLDL_PL_pct,rs60318332
19,-0.126245,met-d-S_VLDL_PL_pct,rs28807203
19,-0.509191,met-d-S_VLDL_PL_pct,rs1065853
19,-0.0225008,met-d-S_VLDL_PL_pct,rs372499385
19,0.101935,met-d-S_VLDL_PL_pct,rs1081105
19,-0.11351,met-d-S_VLDL_PL_pct,rs12151108
19,-0.0891091,met-d-S_VLDL_PL_pct,rs111278137
19,-0.0736944,met-d-S_VLDL_PL_pct,rs17875609
20,-0.0571033,met-d-S_VLDL_PL_pct,rs7679
20,-0.0309518,met-d-S_VLDL_PL_pct,rs2618566
20,0.0224256,met-d-S_VLDL_PL_pct,rs438568
