chr,beta,id,snp
1,0.0283659,met-d-Phosphatidylc,rs1321257
1,0.0339599,met-d-Phosphatidylc,rs7551124
1,0.0787187,met-d-Phosphatidylc,rs1002687
1,0.0304069,met-d-Phosphatidylc,rs2642438
2,-0.0646942,met-d-Phosphatidylc,rs1260326
2,-0.0365646,met-d-Phosphatidylc,rs11895352
2,0.023053,met-d-Phosphatidylc,rs2389602
2,-0.0667033,met-d-Phosphatidylc,rs34722314
4,-0.0487372,met-d-Phosphatidylc,rs13107325
4,0.0348418,met-d-Phosphatidylc,rs4860948
5,0.0279786,met-d-Phosphatidylc,rs6882345
5,0.0337637,met-d-Phosphatidylc,rs9293656
6,0.0312379,met-d-Phosphatidylc,rs1131285
6,-0.107948,met-d-Phosphatidylc,rs186696265
6,-0.0639147,met-d-Phosphatidylc,rs79834165
7,-0.0358615,met-d-Phosphatidylc,rs12701713
7,0.0290756,met-d-Phosphatidylc,rs10653440
8,-0.0520388,met-d-Phosphatidylc,rs112875651
8,0.0307441,met-d-Phosphatidylc,rs17411168
8,0.0250791,met-d-Phosphatidylc,rs56960668
8,0.0850111,met-d-Phosphatidylc,rs9987289
8,0.0258022,met-d-Phosphatidylc,rs2737214
9,0.0341044,met-d-Phosphatidylc,rs581080
9,0.030712,met-d-Phosphatidylc,rs2066714
9,0.0536461,met-d-Phosphatidylc,rs11789603
9,0.0234971,met-d-Phosphatidylc,rs10435728
9,-0.0480073,met-d-Phosphatidylc,rs2740488
9,0.0315285,met-d-Phosphatidylc,rs635634
10,-0.0359212,met-d-Phosphatidylc,rs2792735
10,-0.0397155,met-d-Phosphatidylc,rs117488242
10,-0.0333798,met-d-Phosphatidylc,rs148063610
11,-0.0734322,met-d-Phosphatidylc,rs525028
11,-0.0670603,met-d-Phosphatidylc,rs72997616
11,-0.0317736,met-d-Phosphatidylc,rs10838724
11,-0.0340612,met-d-Phosphatidylc,rs174565
12,0.0322841,met-d-Phosphatidylc,rs10773112
12,-0.0261379,met-d-Phosphatidylc,rs838886
12,-0.0210199,met-d-Phosphatidylc,rs2292996
12,0.0292666,met-d-Phosphatidylc,rs6606717
12,-0.0350161,met-d-Phosphatidylc,rs7979473
15,-0.164475,met-d-Phosphatidylc,rs261290
15,-0.160122,met-d-Phosphatidylc,rs473224
15,-0.0754753,met-d-Phosphatidylc,rs10162642
16,0.102238,met-d-Phosphatidylc,rs3764261
16,-0.0872965,met-d-Phosphatidylc,rs75911530
16,-0.0353342,met-d-Phosphatidylc,rs77303550
17,-0.0267974,met-d-Phosphatidylc,rs2071379
17,-0.0881729,met-d-Phosphatidylc,rs72836561
18,0.127471,met-d-Phosphatidylc,rs117687565
18,0.328841,met-d-Phosphatidylc,rs77960347
18,0.0907521,met-d-Phosphatidylc,rs9304381
19,-0.0984691,met-d-Phosphatidylc,rs1065853
19,0.0249079,met-d-Phosphatidylc,rs602662
19,-0.0508222,met-d-Phosphatidylc,rs142158911
19,-0.0293915,met-d-Phosphatidylc,rs8103923
19,-0.0448031,met-d-Phosphatidylc,rs72235114
19,-0.12348,met-d-Phosphatidylc,rs737338
19,-0.0837415,met-d-Phosphatidylc,rs58542926
20,0.0281794,met-d-Phosphatidylc,rs4239651
20,-0.0918769,met-d-Phosphatidylc,rs1800961
22,-0.0364753,met-d-Phosphatidylc,rs5754102
