chr,beta,id,snp
1,-0.038548,met-d-L_LDL_TG_pct,rs4846917
1,0.0342267,met-d-L_LDL_TG_pct,rs67408364
1,0.0265364,met-d-L_LDL_TG_pct,rs7534572
1,0.189082,met-d-L_LDL_TG_pct,rs11591147
1,0.0806071,met-d-L_LDL_TG_pct,rs182050989
1,0.0468583,met-d-L_LDL_TG_pct,rs12740374
1,-0.0270663,met-d-L_LDL_TG_pct,rs472495
1,-0.0277408,met-d-L_LDL_TG_pct,rs2642438
2,-0.0657373,met-d-L_LDL_TG_pct,rs1260326
2,-0.0313703,met-d-L_LDL_TG_pct,rs1128249
2,-0.032819,met-d-L_LDL_TG_pct,rs4296389
2,0.0262075,met-d-L_LDL_TG_pct,rs13402475
2,0.0768546,met-d-L_LDL_TG_pct,rs78058190
2,0.0419987,met-d-L_LDL_TG_pct,rs2943650
2,0.0342811,met-d-L_LDL_TG_pct,rs4245791
3,0.0381937,met-d-L_LDL_TG_pct,rs684773
4,0.0526372,met-d-L_LDL_TG_pct,rs13107325
4,0.0230774,met-d-L_LDL_TG_pct,rs7675258
4,0.0255641,met-d-L_LDL_TG_pct,rs2035403
5,0.0376248,met-d-L_LDL_TG_pct,rs9687846
5,-0.0387795,met-d-L_LDL_TG_pct,rs984976
5,0.033478,met-d-L_LDL_TG_pct,rs272838
5,-0.0214414,met-d-L_LDL_TG_pct,rs4836022
5,-0.0291735,met-d-L_LDL_TG_pct,rs7707394
6,0.0213252,met-d-L_LDL_TG_pct,rs6905288
6,0.0628954,met-d-L_LDL_TG_pct,rs11751347
6,-0.0254435,met-d-L_LDL_TG_pct,rs7773004
6,0.0497915,met-d-L_LDL_TG_pct,rs9266834
6,-0.0243921,met-d-L_LDL_TG_pct,rs9271965
6,-0.0232532,met-d-L_LDL_TG_pct,rs632057
6,-0.0878915,met-d-L_LDL_TG_pct,rs117733303
7,-0.0398549,met-d-L_LDL_TG_pct,rs4722551
7,-0.02712,met-d-L_LDL_TG_pct,rs2013044
7,-0.0894672,met-d-L_LDL_TG_pct,rs13234131
7,0.0245077,met-d-L_LDL_TG_pct,rs2389858
8,-0.135316,met-d-L_LDL_TG_pct,rs328
8,-0.0571569,met-d-L_LDL_TG_pct,rs2980888
8,-0.0579368,met-d-L_LDL_TG_pct,rs1561748
8,-0.0621683,met-d-L_LDL_TG_pct,rs4841132
9,-0.0417767,met-d-L_LDL_TG_pct,rs2519093
10,0.0335897,met-d-L_LDL_TG_pct,rs10640079
10,0.0256243,met-d-L_LDL_TG_pct,rs2803619
11,0.043909,met-d-L_LDL_TG_pct,rs2302263
11,0.0779796,met-d-L_LDL_TG_pct,rs174580
11,0.215103,met-d-L_LDL_TG_pct,rs144018203
11,0.0293238,met-d-L_LDL_TG_pct,rs10750766
11,-0.0310156,met-d-L_LDL_TG_pct,rs11039026
11,0.0288311,met-d-L_LDL_TG_pct,rs11030026
11,-0.137706,met-d-L_LDL_TG_pct,rs964184
11,-0.125613,met-d-L_LDL_TG_pct,rs1047964
12,-0.0272169,met-d-L_LDL_TG_pct,rs10774625
14,0.035992,met-d-L_LDL_TG_pct,rs12897637
15,-0.0990584,met-d-L_LDL_TG_pct,rs12914626
15,-0.0881937,met-d-L_LDL_TG_pct,rs117911817
15,0.174176,met-d-L_LDL_TG_pct,rs7177289
15,-0.0760267,met-d-L_LDL_TG_pct,rs1560390
15,0.188345,met-d-L_LDL_TG_pct,rs190543502
15,0.0283771,met-d-L_LDL_TG_pct,rs143267946
16,-0.0301817,met-d-L_LDL_TG_pct,rs2925979
16,0.0281526,met-d-L_LDL_TG_pct,rs8059755
17,-0.0262693,met-d-L_LDL_TG_pct,rs2376584
17,0.094571,met-d-L_LDL_TG_pct,rs72836561
17,-0.0351396,met-d-L_LDL_TG_pct,rs2304969
19,0.475248,met-d-L_LDL_TG_pct,rs1065853
19,0.0843583,met-d-L_LDL_TG_pct,rs77265569
19,-0.0479106,met-d-L_LDL_TG_pct,rs2927468
19,-0.0788132,met-d-L_LDL_TG_pct,rs1081105
19,0.0916308,met-d-L_LDL_TG_pct,rs111278137
19,0.120053,met-d-L_LDL_TG_pct,rs28807203
19,-0.0591985,met-d-L_LDL_TG_pct,rs8103315
19,-0.0362225,met-d-L_LDL_TG_pct,rs118059146
20,0.0673525,met-d-L_LDL_TG_pct,rs116847251
20,0.0463824,met-d-L_LDL_TG_pct,rs7679
20,-0.0355462,met-d-L_LDL_TG_pct,rs4814176
