chr,beta,id,snp
1,0.105831,met-d-M_LDL_TG,rs79598313
1,0.0230787,met-d-M_LDL_TG,rs641154
1,0.0621556,met-d-M_LDL_TG,rs629301
1,-0.0443941,met-d-M_LDL_TG,rs115744932
1,0.0614045,met-d-M_LDL_TG,rs1002687
1,0.0478146,met-d-M_LDL_TG,rs59484402
2,-0.0751242,met-d-M_LDL_TG,rs4564803
2,0.0598538,met-d-M_LDL_TG,rs78058190
2,-0.030754,met-d-M_LDL_TG,rs60960031
2,-0.108295,met-d-M_LDL_TG,rs1260326
2,-0.0397543,met-d-M_LDL_TG,rs1128249
2,0.0336727,met-d-M_LDL_TG,rs2943652
3,0.0405519,met-d-M_LDL_TG,rs523118
3,0.0329569,met-d-M_LDL_TG,rs11925442
4,0.0280902,met-d-M_LDL_TG,rs1471251
4,-0.0342905,met-d-M_LDL_TG,rs13108218
4,0.0210271,met-d-M_LDL_TG,rs10008637
5,-0.0501621,met-d-M_LDL_TG,rs11429307
5,0.0442171,met-d-M_LDL_TG,rs4704834
6,0.0273431,met-d-M_LDL_TG,rs6905288
6,-0.0348236,met-d-M_LDL_TG,rs632057
6,0.0642033,met-d-M_LDL_TG,rs146203232
6,-0.268956,met-d-M_LDL_TG,rs186696265
6,0.0304167,met-d-M_LDL_TG,rs1052248
6,0.0248583,met-d-M_LDL_TG,rs2800709
6,0.0410814,met-d-M_LDL_TG,rs9271573
7,-0.110528,met-d-M_LDL_TG,rs34060476
7,-0.0242499,met-d-M_LDL_TG,rs35057928
7,0.0709875,met-d-M_LDL_TG,rs72555385
8,0.151145,met-d-M_LDL_TG,rs144503444
8,-0.0270018,met-d-M_LDL_TG,rs2081687
8,0.029579,met-d-M_LDL_TG,rs1293299
8,-0.0351835,met-d-M_LDL_TG,rs1495741
8,-0.128449,met-d-M_LDL_TG,rs10096633
8,-0.094484,met-d-M_LDL_TG,rs28601761
8,0.0274695,met-d-M_LDL_TG,rs3860846
9,-0.0399692,met-d-M_LDL_TG,rs2740488
9,0.0359574,met-d-M_LDL_TG,rs581080
9,0.0352065,met-d-M_LDL_TG,rs11789603
10,-0.0270809,met-d-M_LDL_TG,rs2068888
10,-0.0283653,met-d-M_LDL_TG,rs10761716
11,-0.196457,met-d-M_LDL_TG,rs964184
11,-0.147291,met-d-M_LDL_TG,rs1047964
11,0.0381921,met-d-M_LDL_TG,rs174544
11,0.235197,met-d-M_LDL_TG,rs141469619
12,-0.100018,met-d-M_LDL_TG,rs76895963
12,-0.0263294,met-d-M_LDL_TG,rs4765127
12,0.0336883,met-d-M_LDL_TG,rs10649122
13,0.0284624,met-d-M_LDL_TG,rs6602911
14,-0.0242308,met-d-M_LDL_TG,rs6573778
14,0.035804,met-d-M_LDL_TG,rs7157785
15,0.154043,met-d-M_LDL_TG,rs150844304
15,-0.0368305,met-d-M_LDL_TG,rs16939991
15,-0.155079,met-d-M_LDL_TG,rs261290
15,0.122292,met-d-M_LDL_TG,rs633695
15,0.0693283,met-d-M_LDL_TG,rs6078
16,0.0382412,met-d-M_LDL_TG,rs2000999
17,-0.151003,met-d-M_LDL_TG,rs75679663
17,0.0211145,met-d-M_LDL_TG,rs4561509
17,0.0320027,met-d-M_LDL_TG,rs12601919
17,0.0746662,met-d-M_LDL_TG,rs77697917
19,0.0926178,met-d-M_LDL_TG,rs429358
19,-0.0822407,met-d-M_LDL_TG,rs8107974
19,-0.0473736,met-d-M_LDL_TG,rs17242381
19,-0.172852,met-d-M_LDL_TG,rs116843064
19,-0.0323204,met-d-M_LDL_TG,rs550455
20,-0.0272083,met-d-M_LDL_TG,rs6129624
20,-0.0230622,met-d-M_LDL_TG,rs6090040
20,0.0753847,met-d-M_LDL_TG,rs7679
21,0.0243894,met-d-M_LDL_TG,rs4817999
