chr,beta,id,snp
1,-0.035937,met-d-IDL_TG_pct,rs2642438
1,0.0885002,met-d-IDL_TG_pct,rs182050989
1,0.0331038,met-d-IDL_TG_pct,rs7534572
1,0.202951,met-d-IDL_TG_pct,rs11591147
1,0.0353747,met-d-IDL_TG_pct,rs67408364
1,0.0422392,met-d-IDL_TG_pct,rs12740374
1,0.0419035,met-d-IDL_TG_pct,rs59484402
1,-0.0253914,met-d-IDL_TG_pct,rs472495
2,0.0819718,met-d-IDL_TG_pct,rs78058190
2,0.045563,met-d-IDL_TG_pct,rs11689541
2,0.0468178,met-d-IDL_TG_pct,rs2943650
2,-0.077742,met-d-IDL_TG_pct,rs1260326
2,0.0727616,met-d-IDL_TG_pct,rs2678379
2,-0.0361419,met-d-IDL_TG_pct,rs1128249
2,0.0328386,met-d-IDL_TG_pct,rs4245791
2,0.0277072,met-d-IDL_TG_pct,rs13402475
3,0.0397935,met-d-IDL_TG_pct,rs684773
3,0.0324671,met-d-IDL_TG_pct,rs6764884
4,0.0582468,met-d-IDL_TG_pct,rs13107325
4,0.026298,met-d-IDL_TG_pct,rs3775228
4,0.0241723,met-d-IDL_TG_pct,rs10008637
5,-0.0304833,met-d-IDL_TG_pct,rs7707394
5,0.0464582,met-d-IDL_TG_pct,rs9687846
5,0.0323012,met-d-IDL_TG_pct,rs272838
5,-0.0395554,met-d-IDL_TG_pct,rs984976
5,0.0253786,met-d-IDL_TG_pct,rs71615507
6,0.0566756,met-d-IDL_TG_pct,rs12212146
6,-0.11904,met-d-IDL_TG_pct,rs117733303
6,-0.0291889,met-d-IDL_TG_pct,rs2523764
6,-0.0261125,met-d-IDL_TG_pct,rs632057
6,0.0287785,met-d-IDL_TG_pct,rs34733406
6,0.0498473,met-d-IDL_TG_pct,rs72959041
6,-0.0761553,met-d-IDL_TG_pct,rs10455872
6,0.0333781,met-d-IDL_TG_pct,rs28752510
6,0.0265446,met-d-IDL_TG_pct,rs6905288
7,0.0423592,met-d-IDL_TG_pct,rs10642257
7,-0.0254347,met-d-IDL_TG_pct,rs56287412
7,-0.118105,met-d-IDL_TG_pct,rs13234131
7,0.0630342,met-d-IDL_TG_pct,rs72555385
7,0.0202338,met-d-IDL_TG_pct,rs35363532
7,-0.0271792,met-d-IDL_TG_pct,rs10225866
8,-0.172554,met-d-IDL_TG_pct,rs328
8,-0.0386477,met-d-IDL_TG_pct,rs7012814
8,0.0240546,met-d-IDL_TG_pct,rs4871624
8,-0.0701504,met-d-IDL_TG_pct,rs1561748
8,-0.0573612,met-d-IDL_TG_pct,rs2954038
8,0.0478797,met-d-IDL_TG_pct,rs71205961
8,0.0570488,met-d-IDL_TG_pct,rs72647336
9,-0.0389659,met-d-IDL_TG_pct,rs2519093
10,0.0457532,met-d-IDL_TG_pct,rs10640079
10,0.037457,met-d-IDL_TG_pct,rs2803619
11,0.0883223,met-d-IDL_TG_pct,rs174580
11,0.0465345,met-d-IDL_TG_pct,rs2302263
11,-0.169978,met-d-IDL_TG_pct,rs964184
11,0.0318113,met-d-IDL_TG_pct,rs10750766
11,0.0335073,met-d-IDL_TG_pct,rs695110
11,0.247692,met-d-IDL_TG_pct,rs144018203
11,-0.0325625,met-d-IDL_TG_pct,rs11039026
11,-0.172943,met-d-IDL_TG_pct,rs1047964
12,-0.0281424,met-d-IDL_TG_pct,rs35350651
14,0.0347236,met-d-IDL_TG_pct,rs12897637
15,0.0679043,met-d-IDL_TG_pct,rs6078
15,-0.136932,met-d-IDL_TG_pct,rs2043085
15,-0.0367024,met-d-IDL_TG_pct,rs16939991
15,0.163628,met-d-IDL_TG_pct,rs1077835
15,0.204431,met-d-IDL_TG_pct,rs190543502
16,-0.0357894,met-d-IDL_TG_pct,rs2925979
16,-0.0287433,met-d-IDL_TG_pct,rs11644601
17,-0.0256054,met-d-IDL_TG_pct,rs4969179
17,-0.0337032,met-d-IDL_TG_pct,rs2304969
17,0.118021,met-d-IDL_TG_pct,rs72836561
19,0.123221,met-d-IDL_TG_pct,rs28807203
19,-0.0468479,met-d-IDL_TG_pct,rs2927468
19,0.0654719,met-d-IDL_TG_pct,rs141820146
19,0.0763305,met-d-IDL_TG_pct,rs17875609
19,0.496208,met-d-IDL_TG_pct,rs1065853
19,-0.0620765,met-d-IDL_TG_pct,rs8103315
19,-0.0696943,met-d-IDL_TG_pct,rs1081105
19,-0.234254,met-d-IDL_TG_pct,rs116843064
19,0.0904538,met-d-IDL_TG_pct,rs111278137
20,0.0608883,met-d-IDL_TG_pct,rs7679
20,0.0605435,met-d-IDL_TG_pct,rs116847251
20,-0.0331862,met-d-IDL_TG_pct,rs4814176
22,0.026946,met-d-IDL_TG_pct,rs3747207
