chr,beta,id,snp
1,-0.272622,met-d-XS_VLDL_FC_pct,rs11591147
1,-0.0855827,met-d-XS_VLDL_FC_pct,rs12740374
1,0.0239042,met-d-XS_VLDL_FC_pct,rs72660961
1,0.0334838,met-d-XS_VLDL_FC_pct,rs693668
1,0.0242212,met-d-XS_VLDL_FC_pct,rs2642438
1,-0.0528569,met-d-XS_VLDL_FC_pct,rs7534572
1,-0.0279336,met-d-XS_VLDL_FC_pct,rs59784135
2,0.0619811,met-d-XS_VLDL_FC_pct,rs1260326
2,0.0538255,met-d-XS_VLDL_FC_pct,rs1367117
2,-0.0365934,met-d-XS_VLDL_FC_pct,rs6544713
2,-0.0306623,met-d-XS_VLDL_FC_pct,rs2943634
3,0.0232895,met-d-XS_VLDL_FC_pct,rs2518134
5,0.0460738,met-d-XS_VLDL_FC_pct,rs12916
5,0.0320711,met-d-XS_VLDL_FC_pct,rs7707394
5,0.0243732,met-d-XS_VLDL_FC_pct,rs270610
6,0.088926,met-d-XS_VLDL_FC_pct,rs10455872
6,0.037075,met-d-XS_VLDL_FC_pct,rs9259970
6,-0.0574222,met-d-XS_VLDL_FC_pct,rs12212146
6,-0.0315579,met-d-XS_VLDL_FC_pct,rs28383169
6,-0.0480731,met-d-XS_VLDL_FC_pct,rs116009877
6,-0.0220142,met-d-XS_VLDL_FC_pct,rs6905288
7,0.106884,met-d-XS_VLDL_FC_pct,rs3812316
7,0.0425669,met-d-XS_VLDL_FC_pct,rs4722551
8,0.04059,met-d-XS_VLDL_FC_pct,rs2980867
8,0.0361372,met-d-XS_VLDL_FC_pct,rs1561748
8,0.0242375,met-d-XS_VLDL_FC_pct,rs1466753
8,0.0846648,met-d-XS_VLDL_FC_pct,rs11991231
8,0.0286366,met-d-XS_VLDL_FC_pct,rs3789849
9,0.0511316,met-d-XS_VLDL_FC_pct,rs2519093
9,-0.0243711,met-d-XS_VLDL_FC_pct,rs10747045
10,0.0304111,met-d-XS_VLDL_FC_pct,rs10761753
11,-0.11319,met-d-XS_VLDL_FC_pct,rs174564
11,0.145914,met-d-XS_VLDL_FC_pct,rs964184
11,0.0336539,met-d-XS_VLDL_FC_pct,rs2306363
11,-0.163989,met-d-XS_VLDL_FC_pct,rs144018203
11,-0.0498967,met-d-XS_VLDL_FC_pct,rs200671503
12,0.0220425,met-d-XS_VLDL_FC_pct,rs653178
15,0.0678279,met-d-XS_VLDL_FC_pct,rs2043085
15,-0.0287152,met-d-XS_VLDL_FC_pct,rs1037117
15,-0.0834646,met-d-XS_VLDL_FC_pct,rs1077835
15,-0.134172,met-d-XS_VLDL_FC_pct,rs190543502
16,0.0386315,met-d-XS_VLDL_FC_pct,rs11645958
16,-0.0504034,met-d-XS_VLDL_FC_pct,rs183130
17,-0.0267446,met-d-XS_VLDL_FC_pct,rs3809868
17,0.0268229,met-d-XS_VLDL_FC_pct,rs704
17,0.0271762,met-d-XS_VLDL_FC_pct,rs3785611
17,0.126929,met-d-XS_VLDL_FC_pct,rs77542162
19,-0.344273,met-d-XS_VLDL_FC_pct,rs1065853
19,-0.0401196,met-d-XS_VLDL_FC_pct,rs8106814
19,-0.121856,met-d-XS_VLDL_FC_pct,rs73015024
19,-0.090158,met-d-XS_VLDL_FC_pct,rs28807203
19,0.0311918,met-d-XS_VLDL_FC_pct,rs2569550
20,-0.0531638,met-d-XS_VLDL_FC_pct,rs7679
20,0.0253613,met-d-XS_VLDL_FC_pct,rs364585
20,-0.0260893,met-d-XS_VLDL_FC_pct,rs2618566
