chr,beta,id,snp
1,0.0287325,met-d-S_VLDL_PL,rs684818
1,-0.0251664,met-d-S_VLDL_PL,rs2495477
1,0.0776255,met-d-S_VLDL_PL,rs75460349
1,0.0648889,met-d-S_VLDL_PL,rs7534572
1,-0.0954345,met-d-S_VLDL_PL,rs12740374
1,-0.0311003,met-d-S_VLDL_PL,rs4846914
1,-0.24792,met-d-S_VLDL_PL,rs11591147
1,-0.0241913,met-d-S_VLDL_PL,rs2986164
1,0.0780336,met-d-S_VLDL_PL,rs11206517
2,-0.0318156,met-d-S_VLDL_PL,rs1128249
2,-0.0379339,met-d-S_VLDL_PL,rs4299376
2,0.0319208,met-d-S_VLDL_PL,rs4533439
2,-0.0339199,met-d-S_VLDL_PL,rs4665642
2,0.100586,met-d-S_VLDL_PL,rs693
2,-0.0657062,met-d-S_VLDL_PL,rs4665972
3,-0.0538915,met-d-S_VLDL_PL,rs164641
3,-0.0351377,met-d-S_VLDL_PL,rs71630059
4,0.0278249,met-d-S_VLDL_PL,rs1471251
4,-0.032521,met-d-S_VLDL_PL,rs13108218
5,-0.0391299,met-d-S_VLDL_PL,rs11429307
5,0.0277802,met-d-S_VLDL_PL,rs7707394
5,0.0487034,met-d-S_VLDL_PL,rs12916
5,0.0509463,met-d-S_VLDL_PL,rs4704834
6,0.0234283,met-d-S_VLDL_PL,rs2186037
6,-0.0257225,met-d-S_VLDL_PL,rs654689
6,0.0496927,met-d-S_VLDL_PL,rs11755689
6,0.0715281,met-d-S_VLDL_PL,rs12208357
6,0.0387869,met-d-S_VLDL_PL,rs11753995
6,-0.184528,met-d-S_VLDL_PL,rs186696265
6,0.0479777,met-d-S_VLDL_PL,rs28377109
7,0.0237678,met-d-S_VLDL_PL,rs1989985
7,0.0312342,met-d-S_VLDL_PL,rs10260606
7,-0.0593403,met-d-S_VLDL_PL,rs55747707
8,0.0588407,met-d-S_VLDL_PL,rs59347135
8,0.126884,met-d-S_VLDL_PL,rs144503444
8,-0.0307847,met-d-S_VLDL_PL,rs2737245
8,-0.0841969,met-d-S_VLDL_PL,rs112875651
8,-0.108243,met-d-S_VLDL_PL,rs10096633
8,0.052522,met-d-S_VLDL_PL,rs8185886
8,-0.0280692,met-d-S_VLDL_PL,rs2326077
9,0.0509813,met-d-S_VLDL_PL,rs635634
10,-0.0225454,met-d-S_VLDL_PL,rs1890896
10,-0.0256105,met-d-S_VLDL_PL,rs2478236
11,0.171431,met-d-S_VLDL_PL,rs141469619
11,-0.171194,met-d-S_VLDL_PL,rs1047964
11,-0.150804,met-d-S_VLDL_PL,rs964184
11,0.0365471,met-d-S_VLDL_PL,rs78689694
12,0.0241729,met-d-S_VLDL_PL,rs10842724
12,0.0331157,met-d-S_VLDL_PL,rs10649122
12,-0.0288399,met-d-S_VLDL_PL,rs11057397
13,0.031053,met-d-S_VLDL_PL,rs6602909
14,0.0247719,met-d-S_VLDL_PL,rs72694391
15,-0.0667815,met-d-S_VLDL_PL,rs261290
15,0.0475007,met-d-S_VLDL_PL,rs633695
15,0.0910266,met-d-S_VLDL_PL,rs150844304
16,-0.0788958,met-d-S_VLDL_PL,rs247616
16,-0.0270682,met-d-S_VLDL_PL,rs7202323
16,0.0472294,met-d-S_VLDL_PL,rs3794695
17,0.0281356,met-d-S_VLDL_PL,rs56325564
17,0.114674,met-d-S_VLDL_PL,rs77542162
17,-0.041923,met-d-S_VLDL_PL,rs72631343
19,-0.129861,met-d-S_VLDL_PL,rs73015024
19,-0.247759,met-d-S_VLDL_PL,rs1065853
19,0.125152,met-d-S_VLDL_PL,rs79429216
19,0.0317814,met-d-S_VLDL_PL,rs2738447
19,-0.119183,met-d-S_VLDL_PL,rs58542926
19,0.0258171,met-d-S_VLDL_PL,rs439523
19,-0.0940331,met-d-S_VLDL_PL,rs74747585
19,0.112275,met-d-S_VLDL_PL,rs118170342
20,0.0718211,met-d-S_VLDL_PL,rs73078112
20,0.114163,met-d-S_VLDL_PL,rs1883711
20,-0.0296839,met-d-S_VLDL_PL,rs4810479
21,0.0236117,met-d-S_VLDL_PL,rs8134638
22,0.0262795,met-d-S_VLDL_PL,rs9616847
