chr,beta,id,snp
1,-0.0384386,met-d-XS_VLDL_PL_pct,rs198325
1,-0.0237807,met-d-XS_VLDL_PL_pct,rs2154384
1,0.0424408,met-d-XS_VLDL_PL_pct,rs72663503
1,-0.052463,met-d-XS_VLDL_PL_pct,rs4846921
1,-0.0413667,met-d-XS_VLDL_PL_pct,rs2642438
1,-0.03119,met-d-XS_VLDL_PL_pct,rs140584594
1,0.0583626,met-d-XS_VLDL_PL_pct,rs71636776
1,-0.0311982,met-d-XS_VLDL_PL_pct,rs4656292
2,0.0717126,met-d-XS_VLDL_PL_pct,rs78058190
2,0.0287374,met-d-XS_VLDL_PL_pct,rs1047891
2,0.0317693,met-d-XS_VLDL_PL_pct,rs13402561
2,-0.0289437,met-d-XS_VLDL_PL_pct,rs10184004
2,-0.0840476,met-d-XS_VLDL_PL_pct,rs673548
2,0.0308656,met-d-XS_VLDL_PL_pct,rs2943650
2,-0.0253527,met-d-XS_VLDL_PL_pct,rs1260326
3,0.0479524,met-d-XS_VLDL_PL_pct,rs645040
4,0.0600946,met-d-XS_VLDL_PL_pct,rs13107325
4,-0.031148,met-d-XS_VLDL_PL_pct,rs10012161
5,0.032499,met-d-XS_VLDL_PL_pct,rs9687846
5,0.0261918,met-d-XS_VLDL_PL_pct,rs6878680
6,0.070021,met-d-XS_VLDL_PL_pct,rs114741460
6,0.0389611,met-d-XS_VLDL_PL_pct,rs11751347
6,0.0855281,met-d-XS_VLDL_PL_pct,rs17206126
6,-0.0241089,met-d-XS_VLDL_PL_pct,rs9471972
7,-0.053122,met-d-XS_VLDL_PL_pct,rs13246993
7,-0.0291257,met-d-XS_VLDL_PL_pct,rs4721672
8,-0.104582,met-d-XS_VLDL_PL_pct,rs15285
8,0.0605663,met-d-XS_VLDL_PL_pct,rs59347135
8,-0.0725348,met-d-XS_VLDL_PL_pct,rs4841132
8,0.14326,met-d-XS_VLDL_PL_pct,rs139915535
8,-0.030693,met-d-XS_VLDL_PL_pct,rs4871603
9,0.0287885,met-d-XS_VLDL_PL_pct,rs2575876
9,-0.0535405,met-d-XS_VLDL_PL_pct,rs4149307
9,-0.0418798,met-d-XS_VLDL_PL_pct,rs11789603
9,-0.029624,met-d-XS_VLDL_PL_pct,rs507666
10,0.0380145,met-d-XS_VLDL_PL_pct,rs7070761
10,0.0451808,met-d-XS_VLDL_PL_pct,rs2255400
11,-0.121287,met-d-XS_VLDL_PL_pct,rs964184
11,0.0588167,met-d-XS_VLDL_PL_pct,rs174581
11,0.225706,met-d-XS_VLDL_PL_pct,rs144018203
11,-0.0826637,met-d-XS_VLDL_PL_pct,rs59781045
11,0.0495244,met-d-XS_VLDL_PL_pct,rs695110
11,-0.032172,met-d-XS_VLDL_PL_pct,rs10769255
15,-0.0487662,met-d-XS_VLDL_PL_pct,rs1532085
15,0.0829931,met-d-XS_VLDL_PL_pct,rs2070895
15,0.146261,met-d-XS_VLDL_PL_pct,rs150844304
16,-0.027116,met-d-XS_VLDL_PL_pct,rs2925979
16,0.0538452,met-d-XS_VLDL_PL_pct,rs7499892
16,-0.0252502,met-d-XS_VLDL_PL_pct,rs6498525
16,-0.0422257,met-d-XS_VLDL_PL_pct,rs35909200
17,0.119883,met-d-XS_VLDL_PL_pct,rs72836561
18,-0.180519,met-d-XS_VLDL_PL_pct,rs77960347
18,-0.0540516,met-d-XS_VLDL_PL_pct,rs7241918
19,0.287454,met-d-XS_VLDL_PL_pct,rs1065853
19,0.0714679,met-d-XS_VLDL_PL_pct,rs28807203
19,0.0548968,met-d-XS_VLDL_PL_pct,rs283814
19,0.0850532,met-d-XS_VLDL_PL_pct,rs111278137
19,-0.177904,met-d-XS_VLDL_PL_pct,rs116843064
19,0.0504263,met-d-XS_VLDL_PL_pct,rs371786442
20,-0.029096,met-d-XS_VLDL_PL_pct,rs4239651
20,0.100624,met-d-XS_VLDL_PL_pct,rs1800961
22,0.0340704,met-d-XS_VLDL_PL_pct,rs738408
