chr,beta,id,snp
1,0.0297866,met-d-XL_VLDL_PL_pct,rs1779820
1,-0.243038,met-d-XL_VLDL_PL_pct,rs11591147
1,0.0361872,met-d-XL_VLDL_PL_pct,rs7534572
1,0.049268,met-d-XL_VLDL_PL_pct,rs646776
1,0.025568,met-d-XL_VLDL_PL_pct,rs499883
1,-0.027633,met-d-XL_VLDL_PL_pct,rs140584594
1,-0.0302681,met-d-XL_VLDL_PL_pct,rs267734
2,-0.0402068,met-d-XL_VLDL_PL_pct,rs150166040
2,0.0721808,met-d-XL_VLDL_PL_pct,rs934197
2,-0.0400671,met-d-XL_VLDL_PL_pct,rs4299376
3,-0.0348263,met-d-XL_VLDL_PL_pct,rs61791721
3,0.0290139,met-d-XL_VLDL_PL_pct,rs2518134
4,-0.0246072,met-d-XL_VLDL_PL_pct,rs11100888
4,0.0256257,met-d-XL_VLDL_PL_pct,rs13115795
5,0.0495549,met-d-XL_VLDL_PL_pct,rs12916
5,0.0273928,met-d-XL_VLDL_PL_pct,rs7707394
5,0.0365693,met-d-XL_VLDL_PL_pct,rs4704834
6,-0.107945,met-d-XL_VLDL_PL_pct,rs9295128
6,0.0498256,met-d-XL_VLDL_PL_pct,rs112201728
6,-0.027449,met-d-XL_VLDL_PL_pct,rs76580792
6,0.0525977,met-d-XL_VLDL_PL_pct,rs1130397
7,0.0347963,met-d-XL_VLDL_PL_pct,rs10260606
7,0.0291602,met-d-XL_VLDL_PL_pct,rs11768269
8,-0.0784399,met-d-XL_VLDL_PL_pct,rs75801420
8,-0.0278036,met-d-XL_VLDL_PL_pct,rs2737263
8,-0.0401424,met-d-XL_VLDL_PL_pct,rs112875651
9,-0.0458853,met-d-XL_VLDL_PL_pct,rs686030
9,-0.0645634,met-d-XL_VLDL_PL_pct,rs7024300
9,0.0561178,met-d-XL_VLDL_PL_pct,rs2519093
10,-0.0377938,met-d-XL_VLDL_PL_pct,rs72823020
11,0.054678,met-d-XL_VLDL_PL_pct,rs11601507
11,-0.0643021,met-d-XL_VLDL_PL_pct,rs964184
11,-0.137326,met-d-XL_VLDL_PL_pct,rs1047964
12,-0.0226374,met-d-XL_VLDL_PL_pct,rs2141247
12,-0.0242943,met-d-XL_VLDL_PL_pct,rs7310409
12,0.0302324,met-d-XL_VLDL_PL_pct,rs10649122
14,-0.0253072,met-d-XL_VLDL_PL_pct,rs10145740
14,0.0943985,met-d-XL_VLDL_PL_pct,rs28929474
14,-0.0284438,met-d-XL_VLDL_PL_pct,rs8015375
15,-0.072329,met-d-XL_VLDL_PL_pct,rs1532085
15,-0.0964021,met-d-XL_VLDL_PL_pct,rs35980001
15,0.025733,met-d-XL_VLDL_PL_pct,rs34433629
16,0.167832,met-d-XL_VLDL_PL_pct,rs117738782
16,-0.156969,met-d-XL_VLDL_PL_pct,rs821840
16,0.0574687,met-d-XL_VLDL_PL_pct,rs141859350
16,-0.0560299,met-d-XL_VLDL_PL_pct,rs9302635
16,0.108178,met-d-XL_VLDL_PL_pct,rs75911530
17,0.0626186,met-d-XL_VLDL_PL_pct,rs34931250
17,0.0246239,met-d-XL_VLDL_PL_pct,rs4375701
17,0.155531,met-d-XL_VLDL_PL_pct,rs77542162
19,-0.0393055,met-d-XL_VLDL_PL_pct,rs199956232
19,-0.0250788,met-d-XL_VLDL_PL_pct,rs2376867
19,-0.0623493,met-d-XL_VLDL_PL_pct,rs115785198
19,0.0374775,met-d-XL_VLDL_PL_pct,rs2569550
19,0.105834,met-d-XL_VLDL_PL_pct,rs429358
19,-0.121078,met-d-XL_VLDL_PL_pct,rs12151108
20,0.0359443,met-d-XL_VLDL_PL_pct,rs4812975
20,0.0901299,met-d-XL_VLDL_PL_pct,rs1883711
