chr,beta,id,snp
1,0.0865518,met-d-L_VLDL_PL_pct,rs75460349
1,0.0321025,met-d-L_VLDL_PL_pct,rs60069508
1,-0.0237493,met-d-L_VLDL_PL_pct,rs3085908
1,0.0563797,met-d-L_VLDL_PL_pct,rs141409973
1,0.0430893,met-d-L_VLDL_PL_pct,rs59484402
1,-0.0244671,met-d-L_VLDL_PL_pct,rs2925738
2,0.0808847,met-d-L_VLDL_PL_pct,rs4665710
2,-0.0623178,met-d-L_VLDL_PL_pct,rs1260326
2,-0.0448989,met-d-L_VLDL_PL_pct,rs1128249
2,0.0356285,met-d-L_VLDL_PL_pct,rs2943640
2,0.026789,met-d-L_VLDL_PL_pct,rs13425064
2,0.0636351,met-d-L_VLDL_PL_pct,rs113414093
2,-0.0239146,met-d-L_VLDL_PL_pct,rs60960031
3,0.0462054,met-d-L_VLDL_PL_pct,rs62271373
3,0.0412539,met-d-L_VLDL_PL_pct,rs684773
4,0.0345482,met-d-L_VLDL_PL_pct,rs1471251
4,-0.023874,met-d-L_VLDL_PL_pct,rs13137144
4,0.0610785,met-d-L_VLDL_PL_pct,rs35518360
5,0.0300406,met-d-L_VLDL_PL_pct,rs11134525
5,-0.0517615,met-d-L_VLDL_PL_pct,rs11429307
6,-0.026965,met-d-L_VLDL_PL_pct,rs632057
6,-0.155963,met-d-L_VLDL_PL_pct,rs117733303
6,0.0620055,met-d-L_VLDL_PL_pct,rs146203232
6,0.0259266,met-d-L_VLDL_PL_pct,rs998584
6,0.0559848,met-d-L_VLDL_PL_pct,rs72959041
6,-0.0265222,met-d-L_VLDL_PL_pct,rs9273561
6,-0.0853715,met-d-L_VLDL_PL_pct,rs10455872
6,0.0368253,met-d-L_VLDL_PL_pct,rs28752534
6,0.0531153,met-d-L_VLDL_PL_pct,rs75147699
6,0.0285127,met-d-L_VLDL_PL_pct,rs1050459
7,-0.0645225,met-d-L_VLDL_PL_pct,rs55747707
7,-0.0262993,met-d-L_VLDL_PL_pct,rs10260257
7,0.0221545,met-d-L_VLDL_PL_pct,rs149522
7,0.0866172,met-d-L_VLDL_PL_pct,rs42125
8,-0.0595808,met-d-L_VLDL_PL_pct,rs1561748
8,-0.0367131,met-d-L_VLDL_PL_pct,rs7012637
8,-0.0777261,met-d-L_VLDL_PL_pct,rs28601761
8,0.0306284,met-d-L_VLDL_PL_pct,rs7005453
8,0.035042,met-d-L_VLDL_PL_pct,rs11786900
8,-0.15728,met-d-L_VLDL_PL_pct,rs328
9,0.0358985,met-d-L_VLDL_PL_pct,rs11244061
10,-0.0283661,met-d-L_VLDL_PL_pct,rs2068888
10,-0.0380942,met-d-L_VLDL_PL_pct,rs72823020
11,-0.0264528,met-d-L_VLDL_PL_pct,rs112396965
11,-0.257515,met-d-L_VLDL_PL_pct,rs1047964
11,-0.0427312,met-d-L_VLDL_PL_pct,rs2279238
11,-0.0879824,met-d-L_VLDL_PL_pct,rs174574
11,0.225755,met-d-L_VLDL_PL_pct,rs141469619
11,-0.0239976,met-d-L_VLDL_PL_pct,rs11228377
11,-0.036126,met-d-L_VLDL_PL_pct,rs61884005
11,-0.175222,met-d-L_VLDL_PL_pct,rs964184
12,-0.0364878,met-d-L_VLDL_PL_pct,rs2229357
12,-0.0312066,met-d-L_VLDL_PL_pct,rs7133378
14,0.0351937,met-d-L_VLDL_PL_pct,rs7157785
15,0.123745,met-d-L_VLDL_PL_pct,rs7350789
15,-0.0713246,met-d-L_VLDL_PL_pct,rs12914626
15,0.138259,met-d-L_VLDL_PL_pct,rs150844304
15,-0.0258505,met-d-L_VLDL_PL_pct,rs16939991
15,0.0311329,met-d-L_VLDL_PL_pct,rs34433629
16,0.0287938,met-d-L_VLDL_PL_pct,rs6498540
16,0.126279,met-d-L_VLDL_PL_pct,rs75911530
16,-0.0366747,met-d-L_VLDL_PL_pct,rs34417180
16,-0.179175,met-d-L_VLDL_PL_pct,rs3764261
16,-0.038736,met-d-L_VLDL_PL_pct,rs2292318
16,0.157898,met-d-L_VLDL_PL_pct,rs117738782
16,-0.0276477,met-d-L_VLDL_PL_pct,rs2925979
17,0.0495958,met-d-L_VLDL_PL_pct,rs8078513
17,-0.0322768,met-d-L_VLDL_PL_pct,rs2304969
17,0.0326079,met-d-L_VLDL_PL_pct,rs11868959
17,0.0705085,met-d-L_VLDL_PL_pct,rs72836561
17,0.0576513,met-d-L_VLDL_PL_pct,rs112001035
19,-0.209229,met-d-L_VLDL_PL_pct,rs116843064
19,0.0258691,met-d-L_VLDL_PL_pct,rs4803783
19,0.0580561,met-d-L_VLDL_PL_pct,rs283814
19,-0.0682788,met-d-L_VLDL_PL_pct,rs149480839
19,-0.0357995,met-d-L_VLDL_PL_pct,rs17242381
19,0.163491,met-d-L_VLDL_PL_pct,rs1065853
20,-0.0268329,met-d-L_VLDL_PL_pct,rs4812439
20,0.107836,met-d-L_VLDL_PL_pct,rs6073958
20,0.089801,met-d-L_VLDL_PL_pct,rs150224153
22,0.0225527,met-d-L_VLDL_PL_pct,rs2267375
