chr,beta,id,snp
1,0.0721655,met-d-XS_VLDL_PL,rs11206517
1,0.0214548,met-d-XS_VLDL_PL,rs1293261
1,0.0668256,met-d-XS_VLDL_PL,rs7534572
1,-0.26118,met-d-XS_VLDL_PL,rs11591147
1,-0.0773372,met-d-XS_VLDL_PL,rs12740374
1,0.0252341,met-d-XS_VLDL_PL,rs822928
2,-0.0699817,met-d-XS_VLDL_PL,rs115445558
2,-0.0225781,met-d-XS_VLDL_PL,rs11096640
2,0.0236663,met-d-XS_VLDL_PL,rs4533439
2,0.0894136,met-d-XS_VLDL_PL,rs693
2,-0.0255871,met-d-XS_VLDL_PL,rs1320143
2,-0.0444986,met-d-XS_VLDL_PL,rs4665972
2,-0.025339,met-d-XS_VLDL_PL,rs1128249
2,0.0236272,met-d-XS_VLDL_PL,rs6739804
3,-0.0254204,met-d-XS_VLDL_PL,rs13098031
3,-0.0491605,met-d-XS_VLDL_PL,rs34330586
3,0.0374622,met-d-XS_VLDL_PL,rs11925442
4,0.0327748,met-d-XS_VLDL_PL,rs1471251
4,0.0323852,met-d-XS_VLDL_PL,rs35662434
4,-0.0254242,met-d-XS_VLDL_PL,rs11947558
4,0.0224671,met-d-XS_VLDL_PL,rs34670304
5,0.0481174,met-d-XS_VLDL_PL,rs12916
5,0.0288189,met-d-XS_VLDL_PL,rs3936511
5,0.049683,met-d-XS_VLDL_PL,rs4704834
5,0.0299506,met-d-XS_VLDL_PL,rs7707394
6,0.0513587,met-d-XS_VLDL_PL,rs72848251
6,0.0738532,met-d-XS_VLDL_PL,rs12208357
6,0.029895,met-d-XS_VLDL_PL,rs2523675
6,-0.111996,met-d-XS_VLDL_PL,rs9295128
7,0.0293319,met-d-XS_VLDL_PL,rs55718143
7,-0.0375763,met-d-XS_VLDL_PL,rs10275712
7,0.0283709,met-d-XS_VLDL_PL,rs10260606
8,0.0916574,met-d-XS_VLDL_PL,rs144503444
8,-0.0827172,met-d-XS_VLDL_PL,rs112875651
8,-0.0358009,met-d-XS_VLDL_PL,rs2737245
8,-0.0856734,met-d-XS_VLDL_PL,rs10096633
8,-0.028283,met-d-XS_VLDL_PL,rs4738679
9,0.0452982,met-d-XS_VLDL_PL,rs115478735
10,-0.0227145,met-d-XS_VLDL_PL,rs2486681
10,-0.0230977,met-d-XS_VLDL_PL,rs10881987
11,0.0485021,met-d-XS_VLDL_PL,rs11601507
11,0.151989,met-d-XS_VLDL_PL,rs141469619
11,-0.0356831,met-d-XS_VLDL_PL,rs102274
11,-0.144195,met-d-XS_VLDL_PL,rs1047964
11,-0.116435,met-d-XS_VLDL_PL,rs964184
12,0.0341136,met-d-XS_VLDL_PL,rs10649122
12,-0.0438832,met-d-XS_VLDL_PL,rs7979473
12,-0.0245415,met-d-XS_VLDL_PL,rs3782257
13,0.0291458,met-d-XS_VLDL_PL,rs6602909
13,-0.0255711,met-d-XS_VLDL_PL,rs61946991
15,-0.206133,met-d-XS_VLDL_PL,rs473224
15,0.0994463,met-d-XS_VLDL_PL,rs139974673
15,-0.209337,met-d-XS_VLDL_PL,rs261290
15,-0.0953299,met-d-XS_VLDL_PL,rs117911817
15,-0.104714,met-d-XS_VLDL_PL,rs10162642
16,-0.0347701,met-d-XS_VLDL_PL,rs13336020
16,-0.083573,met-d-XS_VLDL_PL,rs247616
16,-0.0484775,met-d-XS_VLDL_PL,rs9302635
16,0.0700139,met-d-XS_VLDL_PL,rs75911530
17,-0.0423049,met-d-XS_VLDL_PL,rs72631343
17,0.154359,met-d-XS_VLDL_PL,rs77542162
17,0.0516692,met-d-XS_VLDL_PL,rs112001035
17,0.0265662,met-d-XS_VLDL_PL,rs77142415
18,0.113047,met-d-XS_VLDL_PL,rs80204526
18,0.0258595,met-d-XS_VLDL_PL,rs6507945
19,-0.0981534,met-d-XS_VLDL_PL,rs8107974
19,0.0311666,met-d-XS_VLDL_PL,rs439523
19,0.0312893,met-d-XS_VLDL_PL,rs2738447
19,-0.175076,met-d-XS_VLDL_PL,rs1065853
19,0.111053,met-d-XS_VLDL_PL,rs140480140
19,-0.134666,met-d-XS_VLDL_PL,rs73015024
19,0.100055,met-d-XS_VLDL_PL,rs79429216
20,0.0334386,met-d-XS_VLDL_PL,rs4812975
20,0.106532,met-d-XS_VLDL_PL,rs1883711
20,-0.0355293,met-d-XS_VLDL_PL,rs112103450
21,0.0225084,met-d-XS_VLDL_PL,rs35909862
22,0.0268706,met-d-XS_VLDL_PL,rs9616847
