chr,beta,id,snp
1,0.0414565,met-d-Total_TG,rs59484402
1,0.105871,met-d-Total_TG,rs79598313
1,0.0836936,met-d-Total_TG,rs79439217
1,-0.0331813,met-d-Total_TG,rs72986845
2,-0.0485905,met-d-Total_TG,rs1128249
2,-0.0999564,met-d-Total_TG,rs1260326
2,-0.0398415,met-d-Total_TG,rs13423088
2,-0.0243197,met-d-Total_TG,rs60960031
2,-0.0235869,met-d-Total_TG,rs11903847
2,0.0977828,met-d-Total_TG,rs2678379
3,0.0371947,met-d-Total_TG,rs684773
3,0.0402682,met-d-Total_TG,rs9844972
4,-0.0367121,met-d-Total_TG,rs13108218
4,-0.0403075,met-d-Total_TG,rs2035816
4,-0.025833,met-d-Total_TG,rs4491981
4,0.0238564,met-d-Total_TG,rs3857142
4,0.0318618,met-d-Total_TG,rs1471251
5,-0.0220531,met-d-Total_TG,rs37538
5,-0.0566414,met-d-Total_TG,rs11429307
5,0.0388698,met-d-Total_TG,rs4704834
6,0.0265503,met-d-Total_TG,rs28752924
6,-0.302407,met-d-Total_TG,rs117733303
6,0.0314292,met-d-Total_TG,rs2186037
6,0.0574689,met-d-Total_TG,rs111909590
6,0.0638559,met-d-Total_TG,rs74434374
6,0.0308562,met-d-Total_TG,rs998584
6,-0.0366043,met-d-Total_TG,rs632057
6,-0.178502,met-d-Total_TG,rs10455872
6,-0.092618,met-d-Total_TG,rs73596816
6,-0.039835,met-d-Total_TG,rs6938550
6,0.0417524,met-d-Total_TG,rs28383314
7,-0.123841,met-d-Total_TG,rs3812316
7,-0.0300338,met-d-Total_TG,rs56001710
7,0.0311031,met-d-Total_TG,rs11976955
7,0.0703491,met-d-Total_TG,rs72555385
8,-0.0640279,met-d-Total_TG,rs1561748
8,-0.19034,met-d-Total_TG,rs328
8,-0.0266004,met-d-Total_TG,rs2081687
8,-0.0864861,met-d-Total_TG,rs28601761
8,0.03526,met-d-Total_TG,rs3860847
8,0.0327473,met-d-Total_TG,rs13265201
10,-0.0262343,met-d-Total_TG,rs2478236
10,-0.036317,met-d-Total_TG,rs10761716
11,0.0252144,met-d-Total_TG,rs883863
11,-0.218916,met-d-Total_TG,rs964184
11,0.0470749,met-d-Total_TG,rs174580
11,-0.230518,met-d-Total_TG,rs1047964
11,0.282528,met-d-Total_TG,rs141469619
11,0.0260142,met-d-Total_TG,rs2915400
11,0.0406468,met-d-Total_TG,rs2302263
12,-0.0294477,met-d-Total_TG,rs7133378
12,-0.0918829,met-d-Total_TG,rs76895963
12,0.0324634,met-d-Total_TG,rs10649122
13,0.027646,met-d-Total_TG,rs7140110
15,-0.0412972,met-d-Total_TG,rs261290
15,0.0287497,met-d-Total_TG,rs633695
15,0.145591,met-d-Total_TG,rs150844304
16,0.0405038,met-d-Total_TG,rs34682685
16,-0.0326311,met-d-Total_TG,rs2925979
16,-0.0312505,met-d-Total_TG,rs247616
17,0.11592,met-d-Total_TG,rs72836561
17,0.0512238,met-d-Total_TG,rs9889584
17,0.0587308,met-d-Total_TG,rs56017239
17,0.0490444,met-d-Total_TG,rs75634664
17,-0.0859925,met-d-Total_TG,rs1801689
19,-0.113727,met-d-Total_TG,rs182611493
19,-0.0249128,met-d-Total_TG,rs2081194
19,0.0794199,met-d-Total_TG,rs5112
19,0.0527258,met-d-Total_TG,rs483082
19,-0.108569,met-d-Total_TG,rs58542926
19,-0.234034,met-d-Total_TG,rs116843064
19,-0.0556104,met-d-Total_TG,rs62117489
20,0.0449599,met-d-Total_TG,rs7679
20,-0.0240745,met-d-Total_TG,rs2092479
21,0.0208249,met-d-Total_TG,rs62222988
