chr,beta,id,snp
1,0.092275,met-d-XL_VLDL_CE,rs75460349
1,-0.0284753,met-d-XL_VLDL_CE,rs12117661
1,0.0731003,met-d-XL_VLDL_CE,rs141409973
1,0.0640367,met-d-XL_VLDL_CE,rs646776
1,-0.0416673,met-d-XL_VLDL_CE,rs4846914
1,0.0233703,met-d-XL_VLDL_CE,rs613334
2,-0.114363,met-d-XL_VLDL_CE,rs676210
2,-0.0758991,met-d-XL_VLDL_CE,rs1260326
2,-0.0436069,met-d-XL_VLDL_CE,rs13389219
2,-0.0270863,met-d-XL_VLDL_CE,rs13423088
2,-0.0377221,met-d-XL_VLDL_CE,rs60960031
2,0.0277419,met-d-XL_VLDL_CE,rs6723127
2,-0.0304168,met-d-XL_VLDL_CE,rs4299376
3,-0.037697,met-d-XL_VLDL_CE,rs13059141
3,0.0355099,met-d-XL_VLDL_CE,rs684773
4,0.0316831,met-d-XL_VLDL_CE,rs1471251
4,-0.0332874,met-d-XL_VLDL_CE,rs13108218
5,-0.0279639,met-d-XL_VLDL_CE,rs13188623
5,0.0440528,met-d-XL_VLDL_CE,rs4704834
5,-0.0486941,met-d-XL_VLDL_CE,rs11429307
5,0.038811,met-d-XL_VLDL_CE,rs12916
6,0.0395861,met-d-XL_VLDL_CE,rs28377109
6,0.0462081,met-d-XL_VLDL_CE,rs11755689
6,0.063827,met-d-XL_VLDL_CE,rs146203232
6,-0.0617996,met-d-XL_VLDL_CE,rs117534432
6,0.031426,met-d-XL_VLDL_CE,rs2186037
6,-0.284553,met-d-XL_VLDL_CE,rs186696265
6,0.0271812,met-d-XL_VLDL_CE,rs998584
6,-0.030744,met-d-XL_VLDL_CE,rs632057
7,0.0282656,met-d-XL_VLDL_CE,rs10260606
7,0.0865112,met-d-XL_VLDL_CE,rs42125
7,0.0290174,met-d-XL_VLDL_CE,rs11976955
7,-0.0754108,met-d-XL_VLDL_CE,rs55747707
8,-0.0856609,met-d-XL_VLDL_CE,rs112875651
8,0.0262283,met-d-XL_VLDL_CE,rs13265201
8,-0.166878,met-d-XL_VLDL_CE,rs328
8,-0.0535178,met-d-XL_VLDL_CE,rs1561748
8,-0.0284303,met-d-XL_VLDL_CE,rs2081687
8,0.0283659,met-d-XL_VLDL_CE,rs3860847
9,0.0291592,met-d-XL_VLDL_CE,rs495828
10,-0.0231158,met-d-XL_VLDL_CE,rs2484294
10,-0.0283446,met-d-XL_VLDL_CE,rs2478236
10,-0.0227548,met-d-XL_VLDL_CE,rs10761716
11,0.240699,met-d-XL_VLDL_CE,rs141469619
11,-0.190241,met-d-XL_VLDL_CE,rs964184
11,0.0306217,met-d-XL_VLDL_CE,rs174576
11,-0.229487,met-d-XL_VLDL_CE,rs1047964
12,-0.0327564,met-d-XL_VLDL_CE,rs11057397
12,0.0231067,met-d-XL_VLDL_CE,rs9888360
12,-0.0323333,met-d-XL_VLDL_CE,rs2122982
13,0.0294336,met-d-XL_VLDL_CE,rs6602909
15,0.103885,met-d-XL_VLDL_CE,rs150844304
16,-0.112804,met-d-XL_VLDL_CE,rs247616
16,0.0375137,met-d-XL_VLDL_CE,rs2000999
16,0.0795319,met-d-XL_VLDL_CE,rs75911530
17,0.100514,met-d-XL_VLDL_CE,rs72836561
17,0.0575998,met-d-XL_VLDL_CE,rs8078513
17,0.0485987,met-d-XL_VLDL_CE,rs112001035
17,-0.0346568,met-d-XL_VLDL_CE,rs740516
19,-0.058125,met-d-XL_VLDL_CE,rs62117162
19,-0.0500628,met-d-XL_VLDL_CE,rs57192995
19,-0.12811,met-d-XL_VLDL_CE,rs58542926
19,0.0829801,met-d-XL_VLDL_CE,rs157594
19,-0.0969119,met-d-XL_VLDL_CE,rs73015024
19,-0.072538,met-d-XL_VLDL_CE,rs7247905
19,-0.0270013,met-d-XL_VLDL_CE,rs550455
20,-0.0305858,met-d-XL_VLDL_CE,rs6102034
20,0.0499198,met-d-XL_VLDL_CE,rs6073958
21,0.0214633,met-d-XL_VLDL_CE,rs8134638
22,0.0236638,met-d-XL_VLDL_CE,rs9616847
