chr,beta,id,snp
1,-0.0320207,met-d-S_VLDL_TG_pct,rs693668
1,0.304621,met-d-S_VLDL_TG_pct,rs11591147
1,0.0297662,met-d-S_VLDL_TG_pct,rs59784135
1,0.0453914,met-d-S_VLDL_TG_pct,rs7534572
1,0.0834599,met-d-S_VLDL_TG_pct,rs12740374
1,-0.0292504,met-d-S_VLDL_TG_pct,rs2642438
1,-0.0304999,met-d-S_VLDL_TG_pct,rs4846917
2,0.0387492,met-d-S_VLDL_TG_pct,rs4299376
2,-0.0271514,met-d-S_VLDL_TG_pct,rs11688682
2,0.0719577,met-d-S_VLDL_TG_pct,rs10221768
2,0.0386678,met-d-S_VLDL_TG_pct,rs2943634
2,0.0295698,met-d-S_VLDL_TG_pct,rs11394662
2,-0.0699619,met-d-S_VLDL_TG_pct,rs1260326
4,-0.0213973,met-d-S_VLDL_TG_pct,rs13108218
5,-0.0364488,met-d-S_VLDL_TG_pct,rs7707394
5,-0.0482944,met-d-S_VLDL_TG_pct,rs13358429
5,0.0356006,met-d-S_VLDL_TG_pct,rs9687846
6,-0.135939,met-d-S_VLDL_TG_pct,rs10455872
6,0.0387192,met-d-S_VLDL_TG_pct,rs3129774
6,-0.0340285,met-d-S_VLDL_TG_pct,rs2523764
6,0.0257442,met-d-S_VLDL_TG_pct,rs6905288
6,-0.0330454,met-d-S_VLDL_TG_pct,rs3127580
6,-0.168031,met-d-S_VLDL_TG_pct,rs117733303
6,0.050311,met-d-S_VLDL_TG_pct,rs12212146
7,-0.0229074,met-d-S_VLDL_TG_pct,rs35163364
7,0.056217,met-d-S_VLDL_TG_pct,rs28454618
7,-0.127804,met-d-S_VLDL_TG_pct,rs3812316
7,-0.054525,met-d-S_VLDL_TG_pct,rs4722551
8,-0.0380705,met-d-S_VLDL_TG_pct,rs4336630
8,-0.15641,met-d-S_VLDL_TG_pct,rs328
8,-0.0592151,met-d-S_VLDL_TG_pct,rs1561748
8,-0.0380324,met-d-S_VLDL_TG_pct,rs3789849
9,-0.065532,met-d-S_VLDL_TG_pct,rs2519093
9,0.027162,met-d-S_VLDL_TG_pct,rs57994353
9,0.0313913,met-d-S_VLDL_TG_pct,rs686030
10,0.0323299,met-d-S_VLDL_TG_pct,rs6583899
10,0.0446316,met-d-S_VLDL_TG_pct,rs10640079
10,0.0245765,met-d-S_VLDL_TG_pct,rs2803619
11,-0.162044,met-d-S_VLDL_TG_pct,rs964184
11,-0.034007,met-d-S_VLDL_TG_pct,rs4055121
11,-0.0418249,met-d-S_VLDL_TG_pct,rs11601507
11,0.0650884,met-d-S_VLDL_TG_pct,rs174537
11,0.211931,met-d-S_VLDL_TG_pct,rs144018203
11,0.0325123,met-d-S_VLDL_TG_pct,rs10750766
11,0.0565115,met-d-S_VLDL_TG_pct,rs11231721
11,0.0291708,met-d-S_VLDL_TG_pct,rs7930797
12,-0.043661,met-d-S_VLDL_TG_pct,rs11066120
15,0.139673,met-d-S_VLDL_TG_pct,rs190543502
15,0.0287129,met-d-S_VLDL_TG_pct,rs1037116
16,0.0816099,met-d-S_VLDL_TG_pct,rs183130
16,-0.0317101,met-d-S_VLDL_TG_pct,rs2925979
16,0.0842854,met-d-S_VLDL_TG_pct,rs158482
17,-0.162745,met-d-S_VLDL_TG_pct,rs77542162
17,0.136385,met-d-S_VLDL_TG_pct,rs72836561
17,-0.021366,met-d-S_VLDL_TG_pct,rs704
17,0.0274096,met-d-S_VLDL_TG_pct,rs3809868
17,-0.112836,met-d-S_VLDL_TG_pct,rs1801689
17,0.0265189,met-d-S_VLDL_TG_pct,rs200938405
19,-0.104512,met-d-S_VLDL_TG_pct,rs1081105
19,-0.0370379,met-d-S_VLDL_TG_pct,rs118059146
19,0.0798516,met-d-S_VLDL_TG_pct,rs111278137
19,-0.140192,met-d-S_VLDL_TG_pct,rs147711004
19,0.0913763,met-d-S_VLDL_TG_pct,rs74747585
19,0.471376,met-d-S_VLDL_TG_pct,rs1065853
19,0.130584,met-d-S_VLDL_TG_pct,rs12151108
19,0.123047,met-d-S_VLDL_TG_pct,rs28807203
19,-0.0342943,met-d-S_VLDL_TG_pct,rs7187
20,0.0313637,met-d-S_VLDL_TG_pct,rs2618566
20,0.037525,met-d-S_VLDL_TG_pct,rs6073966
