chr,beta,id,snp
1,-0.0258639,met-d-Omega_6_by_Omega_3,rs6698680
1,0.0438817,met-d-Omega_6_by_Omega_3,rs638714
2,0.0654544,met-d-Omega_6_by_Omega_3,rs1260326
4,-0.0426258,met-d-Omega_6_by_Omega_3,rs4860987
5,-0.0239824,met-d-Omega_6_by_Omega_3,rs11242109
6,0.0339337,met-d-Omega_6_by_Omega_3,rs2394976
6,0.030467,met-d-Omega_6_by_Omega_3,rs1564348
7,0.0308836,met-d-Omega_6_by_Omega_3,rs4000713
7,0.0606132,met-d-Omega_6_by_Omega_3,rs62466318
7,0.0338895,met-d-Omega_6_by_Omega_3,rs73109460
8,0.0718479,met-d-Omega_6_by_Omega_3,rs112875651
8,0.0233472,met-d-Omega_6_by_Omega_3,rs13273454
9,0.0225443,met-d-Omega_6_by_Omega_3,rs10733306
10,-0.0295041,met-d-Omega_6_by_Omega_3,rs7916868
10,-0.0355372,met-d-Omega_6_by_Omega_3,rs55891451
11,0.371404,met-d-Omega_6_by_Omega_3,rs174564
11,0.0735236,met-d-Omega_6_by_Omega_3,rs964184
11,0.0598626,met-d-Omega_6_by_Omega_3,rs673335
11,-0.10962,met-d-Omega_6_by_Omega_3,rs2232143
11,-0.115733,met-d-Omega_6_by_Omega_3,rs145659493
11,0.16027,met-d-Omega_6_by_Omega_3,rs143355652
11,0.102081,met-d-Omega_6_by_Omega_3,rs11230829
11,0.0563519,met-d-Omega_6_by_Omega_3,rs12226389
11,0.174042,met-d-Omega_6_by_Omega_3,rs145786300
11,0.0653372,met-d-Omega_6_by_Omega_3,rs149820547
15,-0.117385,met-d-Omega_6_by_Omega_3,rs139974673
15,0.0352816,met-d-Omega_6_by_Omega_3,rs1560390
15,-0.0891379,met-d-Omega_6_by_Omega_3,rs261291
15,-0.0815347,met-d-Omega_6_by_Omega_3,rs11632618
16,0.0252031,met-d-Omega_6_by_Omega_3,rs35390787
16,0.0881716,met-d-Omega_6_by_Omega_3,rs72789541
17,0.0412048,met-d-Omega_6_by_Omega_3,rs16940904
17,0.0239677,met-d-Omega_6_by_Omega_3,rs7222755
17,0.0277573,met-d-Omega_6_by_Omega_3,rs8074191
18,-0.0283663,met-d-Omega_6_by_Omega_3,rs9947684
19,-0.0791361,met-d-Omega_6_by_Omega_3,rs1065853
19,-0.0274747,met-d-Omega_6_by_Omega_3,rs12976395
19,0.0839559,met-d-Omega_6_by_Omega_3,rs116843064
19,0.143289,met-d-Omega_6_by_Omega_3,rs58542926
19,0.18661,met-d-Omega_6_by_Omega_3,rs182611493
21,0.0343687,met-d-Omega_6_by_Omega_3,rs117143374
