chr,beta,id,snp
1,0.0779742,met-d-XXL_VLDL_PL,rs79439217
1,0.0960363,met-d-XXL_VLDL_PL,rs79598313
1,-0.0795918,met-d-XXL_VLDL_PL,rs74910819
1,0.0419979,met-d-XXL_VLDL_PL,rs59484402
2,0.0280642,met-d-XXL_VLDL_PL,rs6542680
2,-0.0908063,met-d-XXL_VLDL_PL,rs676210
2,-0.0873484,met-d-XXL_VLDL_PL,rs1260326
2,0.0409579,met-d-XXL_VLDL_PL,rs2943635
2,-0.0511276,met-d-XXL_VLDL_PL,rs1128249
3,0.0352908,met-d-XXL_VLDL_PL,rs895893
3,0.0427192,met-d-XXL_VLDL_PL,rs9844972
4,0.0331685,met-d-XXL_VLDL_PL,rs1471251
4,-0.026667,met-d-XXL_VLDL_PL,rs4491981
4,-0.0296919,met-d-XXL_VLDL_PL,rs13108218
5,0.0347119,met-d-XXL_VLDL_PL,rs4704834
5,-0.02156,met-d-XXL_VLDL_PL,rs37538
5,-0.0549253,met-d-XXL_VLDL_PL,rs11429307
6,0.0292332,met-d-XXL_VLDL_PL,rs2186037
6,0.0950323,met-d-XXL_VLDL_PL,rs147858094
6,-0.11908,met-d-XXL_VLDL_PL,rs73596816
6,0.0359947,met-d-XXL_VLDL_PL,rs13191810
6,0.0269837,met-d-XXL_VLDL_PL,rs998584
6,-0.116222,met-d-XXL_VLDL_PL,rs146534110
6,-0.23935,met-d-XXL_VLDL_PL,rs10455872
6,0.0786031,met-d-XXL_VLDL_PL,rs117857195
6,0.024331,met-d-XXL_VLDL_PL,rs1130580
6,0.0358997,met-d-XXL_VLDL_PL,rs73732214
6,-0.0342122,met-d-XXL_VLDL_PL,rs632057
6,-0.0911445,met-d-XXL_VLDL_PL,rs184089815
6,-0.0491701,met-d-XXL_VLDL_PL,rs3127580
6,0.0495291,met-d-XXL_VLDL_PL,rs111909590
6,-0.364591,met-d-XXL_VLDL_PL,rs117733303
7,0.0299609,met-d-XXL_VLDL_PL,rs6971365
7,0.0659656,met-d-XXL_VLDL_PL,rs72555385
7,-0.0319132,met-d-XXL_VLDL_PL,rs56001710
7,-0.112566,met-d-XXL_VLDL_PL,rs3812316
8,0.0446067,met-d-XXL_VLDL_PL,rs71205961
8,-0.0230887,met-d-XXL_VLDL_PL,rs72642181
8,-0.0782242,met-d-XXL_VLDL_PL,rs28601761
8,-0.189014,met-d-XXL_VLDL_PL,rs328
8,-0.0333971,met-d-XXL_VLDL_PL,rs7837587
8,0.0303713,met-d-XXL_VLDL_PL,rs4646246
8,-0.0660582,met-d-XXL_VLDL_PL,rs1561748
8,0.0339873,met-d-XXL_VLDL_PL,rs7005453
10,-0.0377112,met-d-XXL_VLDL_PL,rs10761752
10,-0.0250422,met-d-XXL_VLDL_PL,rs835273
10,-0.0429808,met-d-XXL_VLDL_PL,rs17780834
11,-0.0223479,met-d-XXL_VLDL_PL,rs11228377
11,-0.0214018,met-d-XXL_VLDL_PL,rs530845
11,-0.0286911,met-d-XXL_VLDL_PL,rs112396965
11,0.0722004,met-d-XXL_VLDL_PL,rs174580
11,-0.208877,met-d-XXL_VLDL_PL,rs964184
11,0.0430505,met-d-XXL_VLDL_PL,rs2302263
11,-0.256179,met-d-XXL_VLDL_PL,rs1047964
11,0.278776,met-d-XXL_VLDL_PL,rs144018203
12,-0.0283479,met-d-XXL_VLDL_PL,rs11172147
12,-0.0259901,met-d-XXL_VLDL_PL,rs7133378
13,0.0296329,met-d-XXL_VLDL_PL,rs35678857
13,0.0272297,met-d-XXL_VLDL_PL,rs7140110
15,0.136557,met-d-XXL_VLDL_PL,rs139974673
16,0.0302144,met-d-XXL_VLDL_PL,rs6498540
16,-0.0323271,met-d-XXL_VLDL_PL,rs34417180
16,-0.0325374,met-d-XXL_VLDL_PL,rs2925979
16,-0.0486598,met-d-XXL_VLDL_PL,rs247616
17,-0.110818,met-d-XXL_VLDL_PL,rs1801689
17,0.113189,met-d-XXL_VLDL_PL,rs72836561
17,0.049094,met-d-XXL_VLDL_PL,rs11651280
19,-0.230924,met-d-XXL_VLDL_PL,rs116843064
19,-0.0860799,met-d-XXL_VLDL_PL,rs8107974
19,0.198757,met-d-XXL_VLDL_PL,rs1065853
19,-0.054207,met-d-XXL_VLDL_PL,rs57192995
19,0.042301,met-d-XXL_VLDL_PL,rs56290633
19,0.0239994,met-d-XXL_VLDL_PL,rs11878597
20,0.0708699,met-d-XXL_VLDL_PL,rs1883711
20,-0.0254176,met-d-XXL_VLDL_PL,rs4810479
