chr,beta,id,snp
1,0.0498091,met-d-S_HDL_TG_pct,rs59484402
1,0.063066,met-d-S_HDL_TG_pct,rs79439217
1,0.0331255,met-d-S_HDL_TG_pct,rs61838776
1,-0.0254077,met-d-S_HDL_TG_pct,rs2642438
1,-0.0809327,met-d-S_HDL_TG_pct,rs74910819
1,0.0243272,met-d-S_HDL_TG_pct,rs2055975
1,0.125732,met-d-S_HDL_TG_pct,rs79598313
1,0.036471,met-d-S_HDL_TG_pct,rs4660303
2,0.10222,met-d-S_HDL_TG_pct,rs4665710
2,-0.0496149,met-d-S_HDL_TG_pct,rs1128249
2,0.0779813,met-d-S_HDL_TG_pct,rs78058190
2,-0.0733628,met-d-S_HDL_TG_pct,rs1260326
2,0.0471206,met-d-S_HDL_TG_pct,rs2943650
2,0.0288868,met-d-S_HDL_TG_pct,rs6542680
3,0.0490683,met-d-S_HDL_TG_pct,rs62271373
3,0.0450815,met-d-S_HDL_TG_pct,rs684773
3,-0.0299128,met-d-S_HDL_TG_pct,rs6796333
4,0.0324287,met-d-S_HDL_TG_pct,rs1022186
4,0.0569894,met-d-S_HDL_TG_pct,rs13107325
4,0.0341159,met-d-S_HDL_TG_pct,rs1471251
4,-0.0245562,met-d-S_HDL_TG_pct,rs78795332
4,0.0212044,met-d-S_HDL_TG_pct,rs7435318
4,-0.0224559,met-d-S_HDL_TG_pct,rs13108218
5,-0.022912,met-d-S_HDL_TG_pct,rs37538
5,-0.0589754,met-d-S_HDL_TG_pct,rs11429307
5,0.0253134,met-d-S_HDL_TG_pct,rs4704834
5,0.0227411,met-d-S_HDL_TG_pct,rs4075959
6,0.036861,met-d-S_HDL_TG_pct,rs998584
6,0.032384,met-d-S_HDL_TG_pct,rs2800709
6,-0.0363847,met-d-S_HDL_TG_pct,rs632057
6,0.0297387,met-d-S_HDL_TG_pct,rs3129755
6,0.0495539,met-d-S_HDL_TG_pct,rs12208357
6,-0.172142,met-d-S_HDL_TG_pct,rs117733303
6,0.0226956,met-d-S_HDL_TG_pct,rs28752924
6,-0.10357,met-d-S_HDL_TG_pct,rs10455872
6,0.072776,met-d-S_HDL_TG_pct,rs12212146
6,0.0618846,met-d-S_HDL_TG_pct,rs71536559
7,-0.109646,met-d-S_HDL_TG_pct,rs34062580
7,0.033258,met-d-S_HDL_TG_pct,rs11976955
7,-0.0275277,met-d-S_HDL_TG_pct,rs56001710
7,-0.0237447,met-d-S_HDL_TG_pct,rs56287412
7,0.0533703,met-d-S_HDL_TG_pct,rs111432585
8,-0.0795138,met-d-S_HDL_TG_pct,rs28601761
8,-0.0803737,met-d-S_HDL_TG_pct,rs1561748
8,0.0313611,met-d-S_HDL_TG_pct,rs4646246
8,-0.224814,met-d-S_HDL_TG_pct,rs328
8,-0.0398329,met-d-S_HDL_TG_pct,rs7012814
8,0.0383072,met-d-S_HDL_TG_pct,rs7005453
8,0.0575944,met-d-S_HDL_TG_pct,rs71205961
10,-0.0240377,met-d-S_HDL_TG_pct,rs2484294
10,-0.0306612,met-d-S_HDL_TG_pct,rs10761716
10,0.0256833,met-d-S_HDL_TG_pct,rs565108
10,0.0260311,met-d-S_HDL_TG_pct,rs2803619
11,0.0480774,met-d-S_HDL_TG_pct,rs2302263
11,-0.0220402,met-d-S_HDL_TG_pct,rs530845
11,-0.03032,met-d-S_HDL_TG_pct,rs76613195
11,0.301585,met-d-S_HDL_TG_pct,rs144018203
11,-0.25199,met-d-S_HDL_TG_pct,rs1047964
11,-0.029313,met-d-S_HDL_TG_pct,rs112396965
11,-0.0378591,met-d-S_HDL_TG_pct,rs2279238
11,-0.0223776,met-d-S_HDL_TG_pct,rs11228377
11,-0.220257,met-d-S_HDL_TG_pct,rs964184
11,0.0696987,met-d-S_HDL_TG_pct,rs174580
12,-0.0374515,met-d-S_HDL_TG_pct,rs7133378
12,-0.0264245,met-d-S_HDL_TG_pct,rs7134375
12,-0.035624,met-d-S_HDL_TG_pct,rs12313762
12,-0.0282873,met-d-S_HDL_TG_pct,rs492699
14,0.029991,met-d-S_HDL_TG_pct,rs7157785
15,-0.0964805,met-d-S_HDL_TG_pct,rs473224
15,-0.0452328,met-d-S_HDL_TG_pct,rs10162642
15,-0.0950958,met-d-S_HDL_TG_pct,rs261290
15,0.161253,met-d-S_HDL_TG_pct,rs150844304
16,0.108322,met-d-S_HDL_TG_pct,rs75911530
16,-0.0583844,met-d-S_HDL_TG_pct,rs8044652
16,-0.0431017,met-d-S_HDL_TG_pct,rs2925979
16,-0.137132,met-d-S_HDL_TG_pct,rs3764261
16,0.0340581,met-d-S_HDL_TG_pct,rs35223533
16,-0.0244045,met-d-S_HDL_TG_pct,rs11644601
17,0.154847,met-d-S_HDL_TG_pct,rs72836561
17,0.0511012,met-d-S_HDL_TG_pct,rs112001035
17,-0.0279349,met-d-S_HDL_TG_pct,rs4969179
17,0.0301039,met-d-S_HDL_TG_pct,rs12601919
17,0.0519213,met-d-S_HDL_TG_pct,rs75634664
17,0.0510502,met-d-S_HDL_TG_pct,rs16961845
18,0.0238682,met-d-S_HDL_TG_pct,rs185575165
19,-0.0593039,met-d-S_HDL_TG_pct,rs62117489
19,-0.0451088,met-d-S_HDL_TG_pct,rs8107974
19,0.0534786,met-d-S_HDL_TG_pct,rs283814
19,0.0414624,met-d-S_HDL_TG_pct,rs41355649
19,-0.021649,met-d-S_HDL_TG_pct,rs1761457
19,0.172926,met-d-S_HDL_TG_pct,rs1065853
19,-0.300245,met-d-S_HDL_TG_pct,rs116843064
20,0.0655646,met-d-S_HDL_TG_pct,rs150224153
20,0.0590412,met-d-S_HDL_TG_pct,rs6073958
20,-0.0256439,met-d-S_HDL_TG_pct,rs1883715
22,0.0255151,met-d-S_HDL_TG_pct,rs2267375
