chr,beta,id,snp
1,-0.0415153,met-d-XL_HDL_PL,rs5082
1,0.0324962,met-d-XL_HDL_PL,rs2281719
1,0.0260237,met-d-XL_HDL_PL,rs2642438
1,-0.023119,met-d-XL_HDL_PL,rs6681348
1,-0.0802104,met-d-XL_HDL_PL,rs11591147
1,-0.0303945,met-d-XL_HDL_PL,rs6694102
2,-0.04241,met-d-XL_HDL_PL,rs34722314
2,-0.0349168,met-d-XL_HDL_PL,rs2943654
2,0.0553018,met-d-XL_HDL_PL,rs1260326
2,0.0338695,met-d-XL_HDL_PL,rs13389219
2,0.0249118,met-d-XL_HDL_PL,rs59104589
3,-0.145186,met-d-XL_HDL_PL,rs147667955
3,-0.0396234,met-d-XL_HDL_PL,rs9844972
3,-0.0285667,met-d-XL_HDL_PL,rs57912727
3,-0.0255259,met-d-XL_HDL_PL,rs10935473
4,-0.0269362,met-d-XL_HDL_PL,rs368166328
4,-0.0213612,met-d-XL_HDL_PL,rs13118477
4,-0.05299,met-d-XL_HDL_PL,rs13107325
4,0.0276588,met-d-XL_HDL_PL,rs13108218
4,0.0282272,met-d-XL_HDL_PL,rs4699716
5,0.0288622,met-d-XL_HDL_PL,rs6864091
5,0.0435,met-d-XL_HDL_PL,rs11429307
6,0.0262062,met-d-XL_HDL_PL,rs72934503
6,-0.0324439,met-d-XL_HDL_PL,rs998584
6,-0.025225,met-d-XL_HDL_PL,rs4318902
6,-0.0537372,met-d-XL_HDL_PL,rs147627829
6,-0.0271881,met-d-XL_HDL_PL,rs9268467
6,-0.0199262,met-d-XL_HDL_PL,rs151288714
6,-0.0486781,met-d-XL_HDL_PL,rs191555775
7,-0.0288505,met-d-XL_HDL_PL,rs705379
7,-0.0259942,met-d-XL_HDL_PL,rs61462211
7,-0.0370215,met-d-XL_HDL_PL,rs9769088
7,-0.0486521,met-d-XL_HDL_PL,rs72555385
7,0.0251716,met-d-XL_HDL_PL,rs849336
7,0.0781715,met-d-XL_HDL_PL,rs34060476
7,-0.0247568,met-d-XL_HDL_PL,rs6465679
8,0.0313218,met-d-XL_HDL_PL,rs112875651
8,0.0286833,met-d-XL_HDL_PL,rs4841605
8,0.0362693,met-d-XL_HDL_PL,rs1561748
8,0.0941614,met-d-XL_HDL_PL,rs145391587
9,0.0398962,met-d-XL_HDL_PL,rs1215112
9,-0.0279228,met-d-XL_HDL_PL,rs2740488
9,-0.0310674,met-d-XL_HDL_PL,rs635634
10,0.0235898,met-d-XL_HDL_PL,rs7924036
10,-0.0320642,met-d-XL_HDL_PL,rs2803619
10,0.0257955,met-d-XL_HDL_PL,rs4418728
10,-0.0209756,met-d-XL_HDL_PL,rs2482826
10,0.0239041,met-d-XL_HDL_PL,rs2242334
11,0.0871963,met-d-XL_HDL_PL,rs964184
11,-0.022368,met-d-XL_HDL_PL,rs141949189
11,0.199493,met-d-XL_HDL_PL,rs1047964
11,-0.0327014,met-d-XL_HDL_PL,rs113012334
11,-0.0207115,met-d-XL_HDL_PL,rs1580005
11,-0.052189,met-d-XL_HDL_PL,rs12294913
11,0.089795,met-d-XL_HDL_PL,rs35473591
12,0.0261151,met-d-XL_HDL_PL,rs3809113
12,0.0248159,met-d-XL_HDL_PL,rs10846606
12,0.0293633,met-d-XL_HDL_PL,rs3922628
12,0.026782,met-d-XL_HDL_PL,rs12369443
12,0.0374608,met-d-XL_HDL_PL,rs36226283
12,-0.0385914,met-d-XL_HDL_PL,rs921919
15,0.020761,met-d-XL_HDL_PL,rs6492964
15,-0.171231,met-d-XL_HDL_PL,rs261290
15,-0.0400996,met-d-XL_HDL_PL,rs77732800
15,0.0815451,met-d-XL_HDL_PL,rs6078
15,-0.0773685,met-d-XL_HDL_PL,rs148579489
15,0.135827,met-d-XL_HDL_PL,rs633695
16,-0.0316627,met-d-XL_HDL_PL,rs6498540
16,0.0307536,met-d-XL_HDL_PL,rs2925979
16,0.17141,met-d-XL_HDL_PL,rs3764261
16,0.0329176,met-d-XL_HDL_PL,rs1561139
16,-0.0271737,met-d-XL_HDL_PL,rs289754
16,0.0624467,met-d-XL_HDL_PL,rs8044652
17,0.0349224,met-d-XL_HDL_PL,rs55714927
17,-0.095492,met-d-XL_HDL_PL,rs72836561
17,0.0282912,met-d-XL_HDL_PL,rs2909211
18,0.0327517,met-d-XL_HDL_PL,rs7241918
18,0.135183,met-d-XL_HDL_PL,rs77960347
19,0.0279089,met-d-XL_HDL_PL,rs73045691
19,0.144323,met-d-XL_HDL_PL,rs116843064
19,-0.117966,met-d-XL_HDL_PL,rs1065853
20,-0.072912,met-d-XL_HDL_PL,rs76070947
20,0.0278415,met-d-XL_HDL_PL,rs3092498
20,-0.220268,met-d-XL_HDL_PL,rs1057208
20,-0.0707898,met-d-XL_HDL_PL,rs2024570
