chr,beta,id,snp
1,-0.0434674,met-d-S_VLDL_C_pct,rs7534572
1,0.0286906,met-d-S_VLDL_C_pct,rs1779820
1,0.0320734,met-d-S_VLDL_C_pct,rs693668
1,-0.311225,met-d-S_VLDL_C_pct,rs11591147
1,-0.0845622,met-d-S_VLDL_C_pct,rs12740374
1,-0.0299147,met-d-S_VLDL_C_pct,rs59784135
1,0.0283426,met-d-S_VLDL_C_pct,rs2642438
2,0.0678983,met-d-S_VLDL_C_pct,rs1260326
2,-0.0361935,met-d-S_VLDL_C_pct,rs2943634
2,0.0545381,met-d-S_VLDL_C_pct,rs934197
2,-0.0394569,met-d-S_VLDL_C_pct,rs4299376
2,-0.026576,met-d-S_VLDL_C_pct,rs11394662
2,0.0279428,met-d-S_VLDL_C_pct,rs11688682
5,0.0360406,met-d-S_VLDL_C_pct,rs7707394
5,-0.0318521,met-d-S_VLDL_C_pct,rs9687846
5,0.0463315,met-d-S_VLDL_C_pct,rs3846662
6,-0.0393361,met-d-S_VLDL_C_pct,rs3129774
6,-0.0443693,met-d-S_VLDL_C_pct,rs12212146
6,0.173912,met-d-S_VLDL_C_pct,rs117733303
6,0.141919,met-d-S_VLDL_C_pct,rs10455872
6,-0.0240928,met-d-S_VLDL_C_pct,rs6905288
6,0.0351844,met-d-S_VLDL_C_pct,rs2523764
6,0.0370611,met-d-S_VLDL_C_pct,rs3127580
7,-0.0567604,met-d-S_VLDL_C_pct,rs28454618
7,-0.0212182,met-d-S_VLDL_C_pct,rs11971790
7,0.125919,met-d-S_VLDL_C_pct,rs3812316
7,0.0539111,met-d-S_VLDL_C_pct,rs4722551
8,0.038718,met-d-S_VLDL_C_pct,rs3789849
8,0.142424,met-d-S_VLDL_C_pct,rs328
8,0.0538938,met-d-S_VLDL_C_pct,rs1561748
8,0.0331222,met-d-S_VLDL_C_pct,rs4336630
9,-0.0368686,met-d-S_VLDL_C_pct,rs686030
9,0.0708061,met-d-S_VLDL_C_pct,rs2519093
9,-0.0294669,met-d-S_VLDL_C_pct,rs3812595
10,-0.0447617,met-d-S_VLDL_C_pct,rs10640079
10,-0.0319631,met-d-S_VLDL_C_pct,rs6583899
11,0.152876,met-d-S_VLDL_C_pct,rs964184
11,-0.0571869,met-d-S_VLDL_C_pct,rs174537
11,-0.199134,met-d-S_VLDL_C_pct,rs144018203
11,0.0372578,met-d-S_VLDL_C_pct,rs4055121
11,-0.0534528,met-d-S_VLDL_C_pct,rs11231721
11,-0.0320255,met-d-S_VLDL_C_pct,rs10750766
11,-0.0281875,met-d-S_VLDL_C_pct,rs7930797
11,0.0455393,met-d-S_VLDL_C_pct,rs11601507
12,0.043948,met-d-S_VLDL_C_pct,rs11066120
15,-0.128559,met-d-S_VLDL_C_pct,rs190543502
15,-0.0297718,met-d-S_VLDL_C_pct,rs1037116
16,-0.115504,met-d-S_VLDL_C_pct,rs183130
16,0.0286497,met-d-S_VLDL_C_pct,rs2925979
16,-0.103856,met-d-S_VLDL_C_pct,rs158482
16,-0.0228134,met-d-S_VLDL_C_pct,rs1436424
17,0.174609,met-d-S_VLDL_C_pct,rs77542162
17,-0.0281812,met-d-S_VLDL_C_pct,rs3809868
17,-0.027989,met-d-S_VLDL_C_pct,rs200938405
17,0.0223346,met-d-S_VLDL_C_pct,rs704
17,0.120911,met-d-S_VLDL_C_pct,rs1801689
17,-0.130459,met-d-S_VLDL_C_pct,rs72836561
19,0.0343502,met-d-S_VLDL_C_pct,rs2569550
19,-0.0870931,met-d-S_VLDL_C_pct,rs74747585
19,-0.443844,met-d-S_VLDL_C_pct,rs1065853
19,0.102847,met-d-S_VLDL_C_pct,rs1081105
19,-0.134915,met-d-S_VLDL_C_pct,rs12151108
19,-0.118872,met-d-S_VLDL_C_pct,rs28807203
19,0.138563,met-d-S_VLDL_C_pct,rs147711004
20,-0.0230606,met-d-S_VLDL_C_pct,rs310631
20,-0.0308549,met-d-S_VLDL_C_pct,rs2618566
