SNP,chr,Beta,SE,EA,NEA,EA_freq,P-value
rs12567114,1,0.89,0.152418,A,G,0.275802,4.30E-09
rs269054,1,0.819,0.1375962,A,T,0.422076,2.10E-09
rs61796569,1,0.927,0.1538658,T,C,0.269583,1.50E-09
rs915416,1,1.156,0.1496712,C,G,0.289947,9.90E-15
rs10173260,2,0.77,0.1387932,C,T,0.606235,2.90E-08
rs11885663,2,0.973,0.1570866,T,C,0.247809,8.60E-10
rs12611523,2,0.758,0.1365762,A,G,0.545244,3.10E-08
rs374153,2,1.057,0.1861848,C,T,0.158085,9.10E-09
rs4128364,2,0.876,0.1434516,C,T,0.339025,1.40E-09
rs4538155,2,0.779,0.1424298,T,C,0.647426,3.60E-08
rs62120041,2,1.567,0.2744982,T,C,0.933902,9.60E-09
rs72804080,2,1.068,0.1917852,G,A,0.149928,2.90E-08
rs75539574,2,2.175,0.2439132,C,A,0.085792,6.90E-19
rs7556815,2,2.443,0.1644138,A,G,0.219144,1.30E-49
rs112230981,3,1.892,0.3136722,A,G,0.94984,2.20E-09
rs13088093,3,0.976,0.144141,G,T,0.336317,7.00E-12
rs17732997,3,0.776,0.137292,C,G,0.569098,1.20E-08
rs7616632,3,0.792,0.1361532,T,G,0.522135,4.30E-09
rs7644809,3,0.784,0.1380888,T,C,0.421606,1.60E-08
rs13109404,4,1.872,0.2644974,T,G,0.928024,1.40E-12
rs17427571,4,0.83,0.1461264,A,G,0.684313,1.30E-08
rs2192528,4,0.802,0.136152,A,G,0.480065,2.70E-09
rs35531607,4,0.77,0.1363668,C,T,0.474083,1.50E-08
rs11567976,5,0.768,0.1371096,T,C,0.570908,2.10E-08
rs151014368,5,0.966,0.1691748,A,G,0.206258,9.10E-09
rs180769,5,0.763,0.1376304,T,C,0.424698,2.30E-08
rs365663,5,0.878,0.1367142,A,G,0.545963,1.00E-10
rs460692,5,1.263,0.1998984,C,T,0.137484,3.60E-10
rs56372231,5,1.017,0.1439886,T,C,0.334093,2.20E-12
rs113113059,6,0.968,0.1642392,T,C,0.78,8.40E-09
rs2231265,6,0.897,0.1619502,G,A,0.772289,2.70E-08
rs34556183,6,1.015,0.1513938,A,G,0.719606,2.30E-11
rs80193650,6,1.01,0.1840338,G,A,0.162466,4.10E-08
rs9345234,6,0.781,0.1379358,C,A,0.578016,1.80E-08
rs9382445,6,0.872,0.1400322,T,C,0.62305,4.80E-10
rs2079070,7,1.053,0.1539828,C,G,0.264613,7.50E-12
rs34731055,7,1.168,0.1768668,T,C,0.18089,3.70E-11
rs7806045,7,0.887,0.1575462,T,C,0.754703,1.40E-08
rs330088,8,0.868,0.1366068,C,T,0.547012,2.70E-10
rs73219758,8,0.984,0.1497156,G,A,0.708064,5.60E-11
rs10973207,9,1.226,0.1874364,T,G,0.157677,6.00E-11
rs1776776,9,1.198,0.2046426,T,C,0.873832,4.90E-09
rs10761674,10,0.74,0.1359546,C,T,0.477334,4.20E-08
rs11190970,10,0.923,0.1693908,G,A,0.798661,4.60E-08
rs12246842,10,0.804,0.136455,A,G,0.459815,3.90E-09
rs7915425,10,1.144,0.1793754,T,C,0.174682,2.00E-10
rs1057703,11,1.164,0.1923966,G,T,0.146608,1.10E-09
rs11602180,11,1.095,0.183948,C,T,0.836621,2.30E-09
rs1263056,11,0.768,0.1366332,A,G,0.519099,2.00E-08
rs12791153,11,1.413,0.253014,T,A,0.081089,1.90E-08
rs1517572,11,0.879,0.1376802,C,A,0.580536,1.50E-10
rs1553132,11,0.87,0.1550682,G,A,0.258433,2.50E-08
rs174560,11,0.815,0.146205,C,T,0.314215,2.80E-08
rs1939455,11,1.226,0.2136708,G,T,0.879446,1.20E-08
rs4592416,11,0.881,0.136206,G,A,0.464407,9.30E-11
rs7115226,11,1.594,0.2614794,A,C,0.073525,1.70E-09
rs7951019,11,2.213,0.391251,G,T,0.032227,1.20E-08
rs11614986,12,0.983,0.1770606,A,G,0.820952,2.70E-08
rs34354917,12,0.825,0.1500486,C,A,0.710472,3.90E-08
rs4767550,12,0.858,0.138576,G,A,0.414138,6.30E-10
rs10483350,14,1.042,0.172056,G,A,0.195418,1.50E-09
rs11621908,14,1.446,0.2497788,C,T,0.917141,5.60E-09
rs55658675,14,0.788,0.1421352,C,T,0.644938,2.00E-08
rs61985058,14,1.116,0.1937358,T,C,0.143176,1.30E-08
rs6575005,14,0.934,0.1585032,T,C,0.757854,4.40E-09
rs8038326,15,0.955,0.152442,A,G,0.72691,2.80E-10
rs11643715,16,0.834,0.1497948,G,C,0.290942,3.20E-08
rs3095508,16,0.921,0.1382622,C,A,0.593529,3.10E-11
rs8050478,16,0.96,0.1358856,G,A,0.500253,1.70E-12
rs9940646,16,1.017,0.1374474,C,G,0.577569,1.20E-13
rs1991556,17,0.994,0.1634238,G,A,0.773765,1.00E-09
rs205024,17,0.83,0.1396266,T,C,0.383735,3.90E-09
rs2139261,17,1.122,0.1738686,G,C,0.748584,8.50E-11
rs7503199,17,0.885,0.1538298,C,T,0.734267,1.00E-08
rs9903973,17,0.766,0.1363164,C,T,0.46702,2.60E-08
rs12607679,18,1.208,0.1555704,T,C,0.737717,8.30E-15
rs10421649,19,0.798,0.1376772,A,T,0.55697,6.90E-09
rs2072727,20,0.795,0.1371036,T,C,0.43617,7.90E-09